?source_wdx	?sourceName	?traitCategory	?traitLabel	?tryDataVal	?unit	?unitComment
<http://www.wikidata.org/entity/Q1000821>	"Pterygota alata"^^<http://www.w3.org/2001/XMLSchema#string>	"Leaf nitrogen content"	"Leaf nitrogen content per dry mass (Nmass)"^^<http://www.w3.org/2001/XMLSchema#string>	2.28	<http://qudt.org/vocab/unit/PERCENT>	"%"^^<http://www.w3.org/2001/XMLSchema#string>
<http://www.wikidata.org/entity/Q102240169>	"Salvia rosmarinus"^^<http://www.w3.org/2001/XMLSchema#string>	"Leaf nitrogen content"	"Leaf nitrogen content per dry mass (Nmass)"^^<http://www.w3.org/2001/XMLSchema#string>	1.275	<http://qudt.org/vocab/unit/PERCENT>	"%"^^<http://www.w3.org/2001/XMLSchema#string>
<http://www.wikidata.org/entity/Q10263766>	"Dalbergia miscolobium"^^<http://www.w3.org/2001/XMLSchema#string>	"Leaf nitrogen content"	"Leaf nitrogen content per dry mass (Nmass)"^^<http://www.w3.org/2001/XMLSchema#string>	2.23	<http://qudt.org/vocab/unit/PERCENT>	"%"^^<http://www.w3.org/2001/XMLSchema#string>
<http://www.wikidata.org/entity/Q10263766>	"Dalbergia miscolobium"^^<http://www.w3.org/2001/XMLSchema#string>	"Leaf phosphorus content"	"Leaf phosphorus content per dry mass (Pmass)"^^<http://www.w3.org/2001/XMLSchema#string>	0.065	<http://qudt.org/vocab/unit/PERCENT>	"%"^^<http://www.w3.org/2001/XMLSchema#string>
<http://www.wikidata.org/entity/Q10263766>	"Dalbergia miscolobium"^^<http://www.w3.org/2001/XMLSchema#string>	"Leaf phosphorus content"	"Leaf phosphorus content per dry mass (Pmass)"^^<http://www.w3.org/2001/XMLSchema#string>	0.06	<http://qudt.org/vocab/unit/PERCENT>	"%"^^<http://www.w3.org/2001/XMLSchema#string>
<http://www.wikidata.org/entity/Q10273104>	"Enterolobium ellipticum"^^<http://www.w3.org/2001/XMLSchema#string>	"Leaf nitrogen content"	"Leaf nitrogen content per dry mass (Nmass)"^^<http://www.w3.org/2001/XMLSchema#string>	2.58	<http://qudt.org/vocab/unit/PERCENT>	"%"^^<http://www.w3.org/2001/XMLSchema#string>
<http://www.wikidata.org/entity/Q10306429>	"Dialium guianense"^^<http://www.w3.org/2001/XMLSchema#string>	"Leaf nitrogen content"	"Leaf nitrogen content per dry mass (Nmass)"^^<http://www.w3.org/2001/XMLSchema#string>	3.07	<http://qudt.org/vocab/unit/PERCENT>	"%"^^<http://www.w3.org/2001/XMLSchema#string>
<http://www.wikidata.org/entity/Q10306678>	"Cariniana estrellensis"^^<http://www.w3.org/2001/XMLSchema#string>	"Leaf nitrogen content"	"Leaf nitrogen content per dry mass (Nmass)"^^<http://www.w3.org/2001/XMLSchema#string>	1.9	<http://qudt.org/vocab/unit/PERCENT>	"%"^^<http://www.w3.org/2001/XMLSchema#string>
<http://www.wikidata.org/entity/Q1031120>	"Ceiba speciosa"^^<http://www.w3.org/2001/XMLSchema#string>	"Leaf nitrogen content"	"Leaf nitrogen content per dry mass (Nmass)"^^<http://www.w3.org/2001/XMLSchema#string>	2.4	<http://qudt.org/vocab/unit/PERCENT>	"%"^^<http://www.w3.org/2001/XMLSchema#string>
<http://www.wikidata.org/entity/Q1031585>	"Carex lanceolata"^^<http://www.w3.org/2001/XMLSchema#string>	"Leaf nitrogen content"	"Leaf nitrogen content per dry mass (Nmass)"^^<http://www.w3.org/2001/XMLSchema#string>	1.44	<http://qudt.org/vocab/unit/PERCENT>	"%"^^<http://www.w3.org/2001/XMLSchema#string>
<http://www.wikidata.org/entity/Q10320466>	"Luehea seemannii"^^<http://www.w3.org/2001/XMLSchema#string>	"Leaf nitrogen content"	"Leaf nitrogen content per dry mass (Nmass)"^^<http://www.w3.org/2001/XMLSchema#string>	2.03	<http://qudt.org/vocab/unit/PERCENT>	"%"^^<http://www.w3.org/2001/XMLSchema#string>
<http://www.wikidata.org/entity/Q10346233>	"Gallesia integrifolia"^^<http://www.w3.org/2001/XMLSchema#string>	"Leaf nitrogen content"	"Leaf nitrogen content per dry mass (Nmass)"^^<http://www.w3.org/2001/XMLSchema#string>	1.6	<http://qudt.org/vocab/unit/PERCENT>	"%"^^<http://www.w3.org/2001/XMLSchema#string>
<http://www.wikidata.org/entity/Q10348424>	"Ambelania acida"^^<http://www.w3.org/2001/XMLSchema#string>	"Leaf nitrogen content"	"Leaf nitrogen content per dry mass (Nmass)"^^<http://www.w3.org/2001/XMLSchema#string>	1.47	<http://qudt.org/vocab/unit/PERCENT>	"%"^^<http://www.w3.org/2001/XMLSchema#string>
<http://www.wikidata.org/entity/Q1037138>	"Carpinus tschonoskii"^^<http://www.w3.org/2001/XMLSchema#string>	"Leaf nitrogen content"	"Leaf nitrogen content per dry mass (Nmass)"^^<http://www.w3.org/2001/XMLSchema#string>	1.47	<http://qudt.org/vocab/unit/PERCENT>	"%"^^<http://www.w3.org/2001/XMLSchema#string>
<http://www.wikidata.org/entity/Q1037138>	"Carpinus tschonoskii"^^<http://www.w3.org/2001/XMLSchema#string>	"Specific leaf area"	"SLA: undefined if petiole in- or excluded"^^<http://www.w3.org/2001/XMLSchema#string>	303.5823	<http://qudt.org/vocab/unit/CentiM2-PER-GM>	"SLA cm2/g"^^<http://www.w3.org/2001/XMLSchema#string>
<http://www.wikidata.org/entity/Q1037160>	"Corylus sieboldiana"^^<http://www.w3.org/2001/XMLSchema#string>	"Leaf nitrogen content"	"Leaf nitrogen content per dry mass (Nmass)"^^<http://www.w3.org/2001/XMLSchema#string>	2.19	<http://qudt.org/vocab/unit/PERCENT>	"%"^^<http://www.w3.org/2001/XMLSchema#string>
<http://www.wikidata.org/entity/Q1037160>	"Corylus sieboldiana"^^<http://www.w3.org/2001/XMLSchema#string>	"Specific leaf area"	"SLA: undefined if petiole in- or excluded"^^<http://www.w3.org/2001/XMLSchema#string>	272.4796	<http://qudt.org/vocab/unit/CentiM2-PER-GM>	"SLA cm2/g"^^<http://www.w3.org/2001/XMLSchema#string>
<http://www.wikidata.org/entity/Q1038150>	"Themeda triandra"^^<http://www.w3.org/2001/XMLSchema#string>	"Leaf nitrogen content"	"Leaf nitrogen content per dry mass (Nmass)"^^<http://www.w3.org/2001/XMLSchema#string>	1.19	<http://qudt.org/vocab/unit/PERCENT>	"%"^^<http://www.w3.org/2001/XMLSchema#string>
<http://www.wikidata.org/entity/Q1038150>	"Themeda triandra"^^<http://www.w3.org/2001/XMLSchema#string>	"Leaf nitrogen content"	"Leaf nitrogen content per dry mass (Nmass)"^^<http://www.w3.org/2001/XMLSchema#string>	1.29	<http://qudt.org/vocab/unit/PERCENT>	"%"^^<http://www.w3.org/2001/XMLSchema#string>
<http://www.wikidata.org/entity/Q1038150>	"Themeda triandra"^^<http://www.w3.org/2001/XMLSchema#string>	"Leaf nitrogen content"	"Leaf nitrogen content per dry mass (Nmass)"^^<http://www.w3.org/2001/XMLSchema#string>	1.38	<http://qudt.org/vocab/unit/PERCENT>	"%"^^<http://www.w3.org/2001/XMLSchema#string>
<http://www.wikidata.org/entity/Q1038150>	"Themeda triandra"^^<http://www.w3.org/2001/XMLSchema#string>	"Leaf nitrogen content"	"Leaf nitrogen content per dry mass (Nmass)"^^<http://www.w3.org/2001/XMLSchema#string>	1.48	<http://qudt.org/vocab/unit/PERCENT>	"%"^^<http://www.w3.org/2001/XMLSchema#string>
<http://www.wikidata.org/entity/Q10384488>	"Trema micrantha"^^<http://www.w3.org/2001/XMLSchema#string>	"Leaf nitrogen content"	"Leaf nitrogen content per dry mass (Nmass)"^^<http://www.w3.org/2001/XMLSchema#string>	2.9	<http://qudt.org/vocab/unit/PERCENT>	"%"^^<http://www.w3.org/2001/XMLSchema#string>
<http://www.wikidata.org/entity/Q10388519>	"Endopleura uchi"^^<http://www.w3.org/2001/XMLSchema#string>	"Leaf nitrogen content"	"Leaf nitrogen content per dry mass (Nmass)"^^<http://www.w3.org/2001/XMLSchema#string>	1.34	<http://qudt.org/vocab/unit/PERCENT>	"%"^^<http://www.w3.org/2001/XMLSchema#string>
<http://www.wikidata.org/entity/Q10388519>	"Endopleura uchi"^^<http://www.w3.org/2001/XMLSchema#string>	"Leaf phosphorus content"	"Leaf phosphorus content per dry mass (Pmass)"^^<http://www.w3.org/2001/XMLSchema#string>	0.083	<http://qudt.org/vocab/unit/PERCENT>	"%"^^<http://www.w3.org/2001/XMLSchema#string>
<http://www.wikidata.org/entity/Q10392266>	"Vochysia tucanorum"^^<http://www.w3.org/2001/XMLSchema#string>	"Leaf phosphorus content"	"Leaf phosphorus content per dry mass (Pmass)"^^<http://www.w3.org/2001/XMLSchema#string>	0.06428571	<http://qudt.org/vocab/unit/PERCENT>	"%"^^<http://www.w3.org/2001/XMLSchema#string>
<http://www.wikidata.org/entity/Q1040366>	"Rhododendron dauricum"^^<http://www.w3.org/2001/XMLSchema#string>	"Leaf phosphorus content"	"Leaf phosphorus content per dry mass (Pmass)"^^<http://www.w3.org/2001/XMLSchema#string>	2.1	<http://qudt.org/vocab/unit/MilliGM-PER-GM>	"mg/g"^^<http://www.w3.org/2001/XMLSchema#string>
<http://www.wikidata.org/entity/Q1041681>	"Eurya japonica"^^<http://www.w3.org/2001/XMLSchema#string>	"Leaf phosphorus content"	"Leaf phosphorus content per dry mass (Pmass)"^^<http://www.w3.org/2001/XMLSchema#string>	0.68	<http://qudt.org/vocab/unit/MilliGM-PER-GM>	"mg/g"^^<http://www.w3.org/2001/XMLSchema#string>
<http://www.wikidata.org/entity/Q104247021>	"Arctostaphylos alpinus"^^<http://www.w3.org/2001/XMLSchema#string>	"Leaf nitrogen content"	"Leaf nitrogen content per dry mass (Nmass)"^^<http://www.w3.org/2001/XMLSchema#string>	1.4	<http://qudt.org/vocab/unit/PERCENT>	"%"^^<http://www.w3.org/2001/XMLSchema#string>
<http://www.wikidata.org/entity/Q104247021>	"Arctostaphylos alpinus"^^<http://www.w3.org/2001/XMLSchema#string>	"Leaf nitrogen content"	"Leaf nitrogen content per dry mass (Nmass)"^^<http://www.w3.org/2001/XMLSchema#string>	1.61	<http://qudt.org/vocab/unit/PERCENT>	"%"^^<http://www.w3.org/2001/XMLSchema#string>
<http://www.wikidata.org/entity/Q104247021>	"Arctostaphylos alpinus"^^<http://www.w3.org/2001/XMLSchema#string>	"Leaf phosphorus content"	"Leaf phosphorus content per dry mass (Pmass)"^^<http://www.w3.org/2001/XMLSchema#string>	0.124	<http://qudt.org/vocab/unit/PERCENT>	"%"^^<http://www.w3.org/2001/XMLSchema#string>
<http://www.wikidata.org/entity/Q104247021>	"Arctostaphylos alpinus"^^<http://www.w3.org/2001/XMLSchema#string>	"Leaf phosphorus content"	"Leaf phosphorus content per dry mass (Pmass)"^^<http://www.w3.org/2001/XMLSchema#string>	0.1	<http://qudt.org/vocab/unit/PERCENT>	"%"^^<http://www.w3.org/2001/XMLSchema#string>
<http://www.wikidata.org/entity/Q104247021>	"Arctostaphylos alpinus"^^<http://www.w3.org/2001/XMLSchema#string>	"Specific leaf area"	"SLA: undefined if petiole in- or excluded"^^<http://www.w3.org/2001/XMLSchema#string>	146.4553	<http://qudt.org/vocab/unit/CentiM2-PER-GM>	"SLA cm2/g"^^<http://www.w3.org/2001/XMLSchema#string>
<http://www.wikidata.org/entity/Q1044186>	"Pinus densiflora"^^<http://www.w3.org/2001/XMLSchema#string>	"Specific leaf area"	"SLA: undefined if petiole in- or excluded"^^<http://www.w3.org/2001/XMLSchema#string>	0.005	<http://qudt.org/vocab/unit/M2-PER-GM>	"m2/g"^^<http://www.w3.org/2001/XMLSchema#string>
<http://www.wikidata.org/entity/Q104946713>	"Ocotea costulata"^^<http://www.w3.org/2001/XMLSchema#string>	"Leaf nitrogen content"	"Leaf nitrogen content per dry mass (Nmass)"^^<http://www.w3.org/2001/XMLSchema#string>	1.43	<http://qudt.org/vocab/unit/PERCENT>	"%"^^<http://www.w3.org/2001/XMLSchema#string>
<http://www.wikidata.org/entity/Q104946713>	"Ocotea costulata"^^<http://www.w3.org/2001/XMLSchema#string>	"Leaf nitrogen content"	"Leaf nitrogen content per dry mass (Nmass)"^^<http://www.w3.org/2001/XMLSchema#string>	1.42	<http://qudt.org/vocab/unit/PERCENT>	"%"^^<http://www.w3.org/2001/XMLSchema#string>
<http://www.wikidata.org/entity/Q104946713>	"Ocotea costulata"^^<http://www.w3.org/2001/XMLSchema#string>	"Leaf nitrogen content"	"Leaf nitrogen content per dry mass (Nmass)"^^<http://www.w3.org/2001/XMLSchema#string>	1.56	<http://qudt.org/vocab/unit/PERCENT>	"%"^^<http://www.w3.org/2001/XMLSchema#string>
<http://www.wikidata.org/entity/Q104946713>	"Ocotea costulata"^^<http://www.w3.org/2001/XMLSchema#string>	"Leaf nitrogen content"	"Leaf nitrogen content per dry mass (Nmass)"^^<http://www.w3.org/2001/XMLSchema#string>	1.62	<http://qudt.org/vocab/unit/PERCENT>	"%"^^<http://www.w3.org/2001/XMLSchema#string>
<http://www.wikidata.org/entity/Q104946713>	"Ocotea costulata"^^<http://www.w3.org/2001/XMLSchema#string>	"Leaf nitrogen content"	"Leaf nitrogen content per dry mass (Nmass)"^^<http://www.w3.org/2001/XMLSchema#string>	1.82	<http://qudt.org/vocab/unit/PERCENT>	"%"^^<http://www.w3.org/2001/XMLSchema#string>
<http://www.wikidata.org/entity/Q104946713>	"Ocotea costulata"^^<http://www.w3.org/2001/XMLSchema#string>	"Leaf nitrogen content"	"Leaf nitrogen content per dry mass (Nmass)"^^<http://www.w3.org/2001/XMLSchema#string>	1.37	<http://qudt.org/vocab/unit/PERCENT>	"%"^^<http://www.w3.org/2001/XMLSchema#string>
<http://www.wikidata.org/entity/Q104946713>	"Ocotea costulata"^^<http://www.w3.org/2001/XMLSchema#string>	"Leaf phosphorus content"	"Leaf phosphorus content per dry mass (Pmass)"^^<http://www.w3.org/2001/XMLSchema#string>	0.08	<http://qudt.org/vocab/unit/PERCENT>	"%"^^<http://www.w3.org/2001/XMLSchema#string>
<http://www.wikidata.org/entity/Q10496053>	"Hierochloe alpina"^^<http://www.w3.org/2001/XMLSchema#string>	"Leaf nitrogen content"	"Leaf nitrogen content per dry mass (Nmass)"^^<http://www.w3.org/2001/XMLSchema#string>	2.0	<http://qudt.org/vocab/unit/PERCENT>	"%"^^<http://www.w3.org/2001/XMLSchema#string>
<http://www.wikidata.org/entity/Q10543296>	"Pelargonium triste"^^<http://www.w3.org/2001/XMLSchema#string>	"Leaf nitrogen content"	"Leaf nitrogen content per dry mass (Nmass)"^^<http://www.w3.org/2001/XMLSchema#string>	1.61	<http://qudt.org/vocab/unit/PERCENT>	"%"^^<http://www.w3.org/2001/XMLSchema#string>
<http://www.wikidata.org/entity/Q10543296>	"Pelargonium triste"^^<http://www.w3.org/2001/XMLSchema#string>	"Leaf nitrogen content"	"Leaf nitrogen content per dry mass (Nmass)"^^<http://www.w3.org/2001/XMLSchema#string>	1.47	<http://qudt.org/vocab/unit/PERCENT>	"%"^^<http://www.w3.org/2001/XMLSchema#string>
<http://www.wikidata.org/entity/Q1057909>	"Asclepias incarnata"^^<http://www.w3.org/2001/XMLSchema#string>	"Leaf nitrogen content"	"Leaf nitrogen content per dry mass (Nmass)"^^<http://www.w3.org/2001/XMLSchema#string>	18.35913	<http://qudt.org/vocab/unit/MilliGM-PER-GM>	"mg/g"^^<http://www.w3.org/2001/XMLSchema#string>
<http://www.wikidata.org/entity/Q1057909>	"Asclepias incarnata"^^<http://www.w3.org/2001/XMLSchema#string>	"Specific leaf area"	"SLA: petiole  excluded"^^<http://www.w3.org/2001/XMLSchema#string>	77.53	<http://qudt.org/vocab/unit/CentiM2-PER-GM>	"cm2/g"^^<http://www.w3.org/2001/XMLSchema#string>
<http://www.wikidata.org/entity/Q1066116>	"Quercus falcata"^^<http://www.w3.org/2001/XMLSchema#string>	"Leaf nitrogen content"	"Leaf nitrogen content per dry mass (Nmass)"^^<http://www.w3.org/2001/XMLSchema#string>	1.47	<http://qudt.org/vocab/unit/PERCENT>	"%"^^<http://www.w3.org/2001/XMLSchema#string>
<http://www.wikidata.org/entity/Q10694475>	"Cascabela thevetia"^^<http://www.w3.org/2001/XMLSchema#string>	"Leaf nitrogen content"	"Leaf nitrogen content per dry mass (Nmass)"^^<http://www.w3.org/2001/XMLSchema#string>	1.92	<http://qudt.org/vocab/unit/PERCENT>	"%"^^<http://www.w3.org/2001/XMLSchema#string>
<http://www.wikidata.org/entity/Q1072851>	"Eucryphia cordifolia"^^<http://www.w3.org/2001/XMLSchema#string>	"Leaf nitrogen content"	"Leaf nitrogen content per dry mass (Nmass)"^^<http://www.w3.org/2001/XMLSchema#string>	1.0	<http://qudt.org/vocab/unit/PERCENT>	"%"^^<http://www.w3.org/2001/XMLSchema#string>
<http://www.wikidata.org/entity/Q1072851>	"Eucryphia cordifolia"^^<http://www.w3.org/2001/XMLSchema#string>	"Leaf nitrogen content"	"Leaf nitrogen content per dry mass (Nmass)"^^<http://www.w3.org/2001/XMLSchema#string>	0.8	<http://qudt.org/vocab/unit/PERCENT>	"%"^^<http://www.w3.org/2001/XMLSchema#string>
<http://www.wikidata.org/entity/Q10740874>	"Bossiaea walkeri"^^<http://www.w3.org/2001/XMLSchema#string>	"Leaf phosphorus content"	"Leaf phosphorus content per dry mass (Pmass)"^^<http://www.w3.org/2001/XMLSchema#string>	0.038	<http://qudt.org/vocab/unit/PERCENT>	"%"^^<http://www.w3.org/2001/XMLSchema#string>
<http://www.wikidata.org/entity/Q108684>	"Viola odorata"^^<http://www.w3.org/2001/XMLSchema#string>	"Leaf nitrogen content"	"Leaf nitrogen content per dry mass (Nmass)"^^<http://www.w3.org/2001/XMLSchema#string>	4.19	<http://qudt.org/vocab/unit/PERCENT>	"%"^^<http://www.w3.org/2001/XMLSchema#string>
<http://www.wikidata.org/entity/Q10888228>	"Wrightia pubescens"^^<http://www.w3.org/2001/XMLSchema#string>	"Leaf phosphorus content"	"Leaf phosphorus content per dry mass (Pmass)"^^<http://www.w3.org/2001/XMLSchema#string>	0.164	<http://qudt.org/vocab/unit/PERCENT>	"%"^^<http://www.w3.org/2001/XMLSchema#string>
<http://www.wikidata.org/entity/Q10911080>	"Lannea coromandelica"^^<http://www.w3.org/2001/XMLSchema#string>	"Leaf nitrogen content"	"Leaf nitrogen content per dry mass (Nmass)"^^<http://www.w3.org/2001/XMLSchema#string>	1.62	<http://qudt.org/vocab/unit/PERCENT>	"%"^^<http://www.w3.org/2001/XMLSchema#string>
<http://www.wikidata.org/entity/Q10932989>	"Magnolia floribunda"^^<http://www.w3.org/2001/XMLSchema#string>	"Leaf nitrogen content"	"Leaf nitrogen content per dry mass (Nmass)"^^<http://www.w3.org/2001/XMLSchema#string>	2.0	<http://qudt.org/vocab/unit/PERCENT>	"%"^^<http://www.w3.org/2001/XMLSchema#string>
<http://www.wikidata.org/entity/Q10938310>	"Stipa grandis"^^<http://www.w3.org/2001/XMLSchema#string>	"Leaf nitrogen content"	"Leaf nitrogen content per dry mass (Nmass)"^^<http://www.w3.org/2001/XMLSchema#string>	15.7	<http://qudt.org/vocab/unit/MilliGM-PER-GM>	"mg/g"^^<http://www.w3.org/2001/XMLSchema#string>
<http://www.wikidata.org/entity/Q10938310>	"Stipa grandis"^^<http://www.w3.org/2001/XMLSchema#string>	"Leaf nitrogen content"	"Leaf nitrogen content per dry mass (Nmass)"^^<http://www.w3.org/2001/XMLSchema#string>	1.57	<http://qudt.org/vocab/unit/PERCENT>	"%"^^<http://www.w3.org/2001/XMLSchema#string>
<http://www.wikidata.org/entity/Q10938310>	"Stipa grandis"^^<http://www.w3.org/2001/XMLSchema#string>	"Leaf phosphorus content"	"Leaf phosphorus content per dry mass (Pmass)"^^<http://www.w3.org/2001/XMLSchema#string>	1.11	<http://qudt.org/vocab/unit/MilliGM-PER-GM>	"mg/g"^^<http://www.w3.org/2001/XMLSchema#string>
<http://www.wikidata.org/entity/Q11041167>	"Geranium nepalense"^^<http://www.w3.org/2001/XMLSchema#string>	"Leaf nitrogen content"	"Leaf nitrogen content per dry mass (Nmass)"^^<http://www.w3.org/2001/XMLSchema#string>	2.0	<http://qudt.org/vocab/unit/PERCENT>	"%"^^<http://www.w3.org/2001/XMLSchema#string>
<http://www.wikidata.org/entity/Q11041167>	"Geranium nepalense"^^<http://www.w3.org/2001/XMLSchema#string>	"Leaf phosphorus content"	"Leaf phosphorus content per dry mass (Pmass)"^^<http://www.w3.org/2001/XMLSchema#string>	0.1078352	<http://qudt.org/vocab/unit/PERCENT>	"%"^^<http://www.w3.org/2001/XMLSchema#string>
<http://www.wikidata.org/entity/Q110601663>	"Neea hermaphrodita"^^<http://www.w3.org/2001/XMLSchema#string>	"Leaf nitrogen content"	"Leaf nitrogen content per dry mass (Nmass)"^^<http://www.w3.org/2001/XMLSchema#string>	2.9	<http://qudt.org/vocab/unit/PERCENT>	"%"^^<http://www.w3.org/2001/XMLSchema#string>
<http://www.wikidata.org/entity/Q1107183>	"Nothofagus dombeyi"^^<http://www.w3.org/2001/XMLSchema#string>	"Leaf nitrogen content"	"Leaf nitrogen content per dry mass (Nmass)"^^<http://www.w3.org/2001/XMLSchema#string>	1.29	<http://qudt.org/vocab/unit/PERCENT>	"%"^^<http://www.w3.org/2001/XMLSchema#string>
<http://www.wikidata.org/entity/Q1107183>	"Nothofagus dombeyi"^^<http://www.w3.org/2001/XMLSchema#string>	"Leaf nitrogen content"	"Leaf nitrogen content per dry mass (Nmass)"^^<http://www.w3.org/2001/XMLSchema#string>	1.73	<http://qudt.org/vocab/unit/PERCENT>	"%"^^<http://www.w3.org/2001/XMLSchema#string>
<http://www.wikidata.org/entity/Q11107867>	"Hovenia acerba"^^<http://www.w3.org/2001/XMLSchema#string>	"Leaf nitrogen content"	"Leaf nitrogen content per dry mass (Nmass)"^^<http://www.w3.org/2001/XMLSchema#string>	3.72	<http://qudt.org/vocab/unit/PERCENT>	"%"^^<http://www.w3.org/2001/XMLSchema#string>
<http://www.wikidata.org/entity/Q11110842>	"Castanopsis fargesii"^^<http://www.w3.org/2001/XMLSchema#string>	"Leaf phosphorus content"	"Leaf phosphorus content per dry mass (Pmass)"^^<http://www.w3.org/2001/XMLSchema#string>	0.07	<http://qudt.org/vocab/unit/PERCENT>	"%"^^<http://www.w3.org/2001/XMLSchema#string>
<http://www.wikidata.org/entity/Q11126423>	"Ilex pubescens"^^<http://www.w3.org/2001/XMLSchema#string>	"Leaf nitrogen content"	"Leaf nitrogen content per dry mass (Nmass)"^^<http://www.w3.org/2001/XMLSchema#string>	14.5	<http://qudt.org/vocab/unit/MilliGM-PER-GM>	"mg/g"^^<http://www.w3.org/2001/XMLSchema#string>
<http://www.wikidata.org/entity/Q111346>	"Convolvulus arvensis"^^<http://www.w3.org/2001/XMLSchema#string>	"Leaf nitrogen content"	"Leaf nitrogen content per dry mass (Nmass)"^^<http://www.w3.org/2001/XMLSchema#string>	5.47	<http://qudt.org/vocab/unit/PERCENT>	"%"^^<http://www.w3.org/2001/XMLSchema#string>
<http://www.wikidata.org/entity/Q11175849>	"Gentiana straminea"^^<http://www.w3.org/2001/XMLSchema#string>	"Leaf nitrogen content"	"Leaf nitrogen content per dry mass (Nmass)"^^<http://www.w3.org/2001/XMLSchema#string>	2.766667	<http://qudt.org/vocab/unit/PERCENT>	"%"^^<http://www.w3.org/2001/XMLSchema#string>
<http://www.wikidata.org/entity/Q11175849>	"Gentiana straminea"^^<http://www.w3.org/2001/XMLSchema#string>	"Leaf phosphorus content"	"Leaf phosphorus content per dry mass (Pmass)"^^<http://www.w3.org/2001/XMLSchema#string>	0.1107003	<http://qudt.org/vocab/unit/PERCENT>	"%"^^<http://www.w3.org/2001/XMLSchema#string>
<http://www.wikidata.org/entity/Q11177154>	"Carex korshinskyi"^^<http://www.w3.org/2001/XMLSchema#string>	"Leaf nitrogen content"	"Leaf nitrogen content per dry mass (Nmass)"^^<http://www.w3.org/2001/XMLSchema#string>	2.0995	<http://qudt.org/vocab/unit/PERCENT>	"%"^^<http://www.w3.org/2001/XMLSchema#string>
<http://www.wikidata.org/entity/Q11181633>	"Ziziphus jujuba"^^<http://www.w3.org/2001/XMLSchema#string>	"Leaf nitrogen content"	"Leaf nitrogen content per dry mass (Nmass)"^^<http://www.w3.org/2001/XMLSchema#string>	1.76	<http://qudt.org/vocab/unit/PERCENT>	"%"^^<http://www.w3.org/2001/XMLSchema#string>
<http://www.wikidata.org/entity/Q1130177>	"Centaurea jacea"^^<http://www.w3.org/2001/XMLSchema#string>	"Leaf nitrogen content"	"Leaf nitrogen content per dry mass (Nmass)"^^<http://www.w3.org/2001/XMLSchema#string>	24.5	<http://qudt.org/vocab/unit/MilliGM-PER-GM>	"(mg g-1)"^^<http://www.w3.org/2001/XMLSchema#string>
<http://www.wikidata.org/entity/Q1130177>	"Centaurea jacea"^^<http://www.w3.org/2001/XMLSchema#string>	"Specific leaf area"	"SLA: undefined if petiole in- or excluded"^^<http://www.w3.org/2001/XMLSchema#string>	166.2	<http://qudt.org/vocab/unit/CentiM2-PER-GM>	"SLA cm2/g"^^<http://www.w3.org/2001/XMLSchema#string>
<http://www.wikidata.org/entity/Q1130177>	"Centaurea jacea"^^<http://www.w3.org/2001/XMLSchema#string>	"Specific leaf area"	"SLA: undefined if petiole in- or excluded"^^<http://www.w3.org/2001/XMLSchema#string>	125.0	<http://qudt.org/vocab/unit/CentiM2-PER-GM>	"SLA cm2/g"^^<http://www.w3.org/2001/XMLSchema#string>
<http://www.wikidata.org/entity/Q11327774>	"Tabernaemontana catharinensis"^^<http://www.w3.org/2001/XMLSchema#string>	"Leaf nitrogen content"	"Leaf nitrogen content per dry mass (Nmass)"^^<http://www.w3.org/2001/XMLSchema#string>	3.1	<http://qudt.org/vocab/unit/PERCENT>	"%"^^<http://www.w3.org/2001/XMLSchema#string>
<http://www.wikidata.org/entity/Q1137143>	"Tsuga canadensis"^^<http://www.w3.org/2001/XMLSchema#string>	"Leaf nitrogen content"	"Leaf nitrogen content per dry mass (Nmass)"^^<http://www.w3.org/2001/XMLSchema#string>	1.11	<http://qudt.org/vocab/unit/PERCENT>	"%"^^<http://www.w3.org/2001/XMLSchema#string>
<http://www.wikidata.org/entity/Q1137143>	"Tsuga canadensis"^^<http://www.w3.org/2001/XMLSchema#string>	"Leaf nitrogen content"	"Leaf nitrogen content per dry mass (Nmass)"^^<http://www.w3.org/2001/XMLSchema#string>	0.99	<http://qudt.org/vocab/unit/PERCENT>	"%"^^<http://www.w3.org/2001/XMLSchema#string>
<http://www.wikidata.org/entity/Q1137593>	"Lagerstroemia speciosa"^^<http://www.w3.org/2001/XMLSchema#string>	"Leaf nitrogen content"	"Leaf nitrogen content per dry mass (Nmass)"^^<http://www.w3.org/2001/XMLSchema#string>	2.03	<http://qudt.org/vocab/unit/PERCENT>	"%"^^<http://www.w3.org/2001/XMLSchema#string>
<http://www.wikidata.org/entity/Q1138172>	"Lycopodium annotinum"^^<http://www.w3.org/2001/XMLSchema#string>	"Leaf nitrogen content"	"Leaf nitrogen content per dry mass (Nmass)"^^<http://www.w3.org/2001/XMLSchema#string>	1.1	<http://qudt.org/vocab/unit/PERCENT>	"%"^^<http://www.w3.org/2001/XMLSchema#string>
<http://www.wikidata.org/entity/Q1144409>	"Tsuga heterophylla"^^<http://www.w3.org/2001/XMLSchema#string>	"Leaf nitrogen content"	"Leaf nitrogen content per dry mass (Nmass)"^^<http://www.w3.org/2001/XMLSchema#string>	1.57	<http://qudt.org/vocab/unit/PERCENT>	"%"^^<http://www.w3.org/2001/XMLSchema#string>
<http://www.wikidata.org/entity/Q1144409>	"Tsuga heterophylla"^^<http://www.w3.org/2001/XMLSchema#string>	"Leaf phosphorus content"	"Leaf phosphorus content per dry mass (Pmass)"^^<http://www.w3.org/2001/XMLSchema#string>	1700.0	<http://qudt.org/vocab/unit/PPM>	"ppm"^^<http://www.w3.org/2001/XMLSchema#string>
<http://www.wikidata.org/entity/Q1147786>	"Ulmus thomasii"^^<http://www.w3.org/2001/XMLSchema#string>	"Leaf nitrogen content"	"Leaf nitrogen content per dry mass (Nmass)"^^<http://www.w3.org/2001/XMLSchema#string>	2.3	<http://qudt.org/vocab/unit/PERCENT>	"%"^^<http://www.w3.org/2001/XMLSchema#string>
<http://www.wikidata.org/entity/Q1152744>	"Bupleurum falcatum"^^<http://www.w3.org/2001/XMLSchema#string>	"Leaf nitrogen content"	"Leaf nitrogen content per dry mass (Nmass)"^^<http://www.w3.org/2001/XMLSchema#string>	1.626901	<http://qudt.org/vocab/unit/PERCENT>	"%"^^<http://www.w3.org/2001/XMLSchema#string>
<http://www.wikidata.org/entity/Q11575>	"Zea mays"^^<http://www.w3.org/2001/XMLSchema#string>	"Leaf nitrogen content"	"Leaf nitrogen content per dry mass (Nmass)"^^<http://www.w3.org/2001/XMLSchema#string>	29.5	<http://qudt.org/vocab/unit/MilliGM-PER-GM>	"mg/g"^^<http://www.w3.org/2001/XMLSchema#string>
<http://www.wikidata.org/entity/Q11575>	"Zea mays"^^<http://www.w3.org/2001/XMLSchema#string>	"Leaf nitrogen content"	"Leaf nitrogen content per dry mass (Nmass)"^^<http://www.w3.org/2001/XMLSchema#string>	28.75	<http://qudt.org/vocab/unit/MilliGM-PER-GM>	"mg/g"^^<http://www.w3.org/2001/XMLSchema#string>
<http://www.wikidata.org/entity/Q11575>	"Zea mays"^^<http://www.w3.org/2001/XMLSchema#string>	"Leaf nitrogen content"	"Leaf nitrogen content per dry mass (Nmass)"^^<http://www.w3.org/2001/XMLSchema#string>	28.5	<http://qudt.org/vocab/unit/MilliGM-PER-GM>	"mg/g"^^<http://www.w3.org/2001/XMLSchema#string>
<http://www.wikidata.org/entity/Q11575>	"Zea mays"^^<http://www.w3.org/2001/XMLSchema#string>	"Leaf nitrogen content"	"Leaf nitrogen content per dry mass (Nmass)"^^<http://www.w3.org/2001/XMLSchema#string>	34.0	<http://qudt.org/vocab/unit/MilliGM-PER-GM>	"mg/g"^^<http://www.w3.org/2001/XMLSchema#string>
<http://www.wikidata.org/entity/Q11575>	"Zea mays"^^<http://www.w3.org/2001/XMLSchema#string>	"Leaf nitrogen content"	"Leaf nitrogen content per dry mass (Nmass)"^^<http://www.w3.org/2001/XMLSchema#string>	22.1	<http://qudt.org/vocab/unit/MilliGM-PER-GM>	"mg/g"^^<http://www.w3.org/2001/XMLSchema#string>
<http://www.wikidata.org/entity/Q11575>	"Zea mays"^^<http://www.w3.org/2001/XMLSchema#string>	"Leaf nitrogen content"	"Leaf nitrogen content per dry mass (Nmass)"^^<http://www.w3.org/2001/XMLSchema#string>	24.0	<http://qudt.org/vocab/unit/MilliGM-PER-GM>	"mg/g"^^<http://www.w3.org/2001/XMLSchema#string>
<http://www.wikidata.org/entity/Q1157813>	"Dalbergia sissoo"^^<http://www.w3.org/2001/XMLSchema#string>	"Leaf nitrogen content"	"Leaf nitrogen content per dry mass (Nmass)"^^<http://www.w3.org/2001/XMLSchema#string>	2.09	<http://qudt.org/vocab/unit/PERCENT>	"%"^^<http://www.w3.org/2001/XMLSchema#string>
<http://www.wikidata.org/entity/Q11690325>	"Chrysophyllum sanguinolentum"^^<http://www.w3.org/2001/XMLSchema#string>	"Leaf nitrogen content"	"Leaf nitrogen content per dry mass (Nmass)"^^<http://www.w3.org/2001/XMLSchema#string>	1.22	<http://qudt.org/vocab/unit/PERCENT>	"%"^^<http://www.w3.org/2001/XMLSchema#string>
<http://www.wikidata.org/entity/Q11818827>	"Potentilla micrantha"^^<http://www.w3.org/2001/XMLSchema#string>	"Leaf nitrogen content"	"Leaf nitrogen content per dry mass (Nmass)"^^<http://www.w3.org/2001/XMLSchema#string>	1.934926	<http://qudt.org/vocab/unit/PERCENT>	"%"^^<http://www.w3.org/2001/XMLSchema#string>
<http://www.wikidata.org/entity/Q11879792>	"Luzula nivalis"^^<http://www.w3.org/2001/XMLSchema#string>	"Specific leaf area"	"SLA: undefined if petiole in- or excluded"^^<http://www.w3.org/2001/XMLSchema#string>	0.007035233	<http://qudt.org/vocab/unit/M2-PER-GM>	"m2/g"^^<http://www.w3.org/2001/XMLSchema#string>
<http://www.wikidata.org/entity/Q11879792>	"Luzula nivalis"^^<http://www.w3.org/2001/XMLSchema#string>	"Specific leaf area"	"SLA: undefined if petiole in- or excluded"^^<http://www.w3.org/2001/XMLSchema#string>	0.007497425	<http://qudt.org/vocab/unit/M2-PER-GM>	"m2/g"^^<http://www.w3.org/2001/XMLSchema#string>
<http://www.wikidata.org/entity/Q11879792>	"Luzula nivalis"^^<http://www.w3.org/2001/XMLSchema#string>	"Specific leaf area"	"SLA: undefined if petiole in- or excluded"^^<http://www.w3.org/2001/XMLSchema#string>	0.005798513	<http://qudt.org/vocab/unit/M2-PER-GM>	"m2/g"^^<http://www.w3.org/2001/XMLSchema#string>
<http://www.wikidata.org/entity/Q1190312>	"Acer pensylvanicum"^^<http://www.w3.org/2001/XMLSchema#string>	"Leaf nitrogen content"	"Leaf nitrogen content per dry mass (Nmass)"^^<http://www.w3.org/2001/XMLSchema#string>	1.9	<http://qudt.org/vocab/unit/PERCENT>	"%"^^<http://www.w3.org/2001/XMLSchema#string>
<http://www.wikidata.org/entity/Q11932057>	"Rhamnus ludovici-salvatoris"^^<http://www.w3.org/2001/XMLSchema#string>	"Leaf nitrogen content"	"Leaf nitrogen content per dry mass (Nmass)"^^<http://www.w3.org/2001/XMLSchema#string>	1.82	<http://qudt.org/vocab/unit/PERCENT>	"%"^^<http://www.w3.org/2001/XMLSchema#string>
<http://www.wikidata.org/entity/Q1193268>	"Kalmia procumbens"^^<http://www.w3.org/2001/XMLSchema#string>	"Specific leaf area"	"SLA: undefined if petiole in- or excluded"^^<http://www.w3.org/2001/XMLSchema#string>	48.8	<http://qudt.org/vocab/unit/CentiM2-PER-GM>	"SLA cm2/g"^^<http://www.w3.org/2001/XMLSchema#string>
<http://www.wikidata.org/entity/Q11933237>	"Verbesina alternifolia"^^<http://www.w3.org/2001/XMLSchema#string>	"Leaf nitrogen content"	"Leaf nitrogen content per dry mass (Nmass)"^^<http://www.w3.org/2001/XMLSchema#string>	35.4316	<http://qudt.org/vocab/unit/MilliGM-PER-GM>	"mg/g"^^<http://www.w3.org/2001/XMLSchema#string>
<http://www.wikidata.org/entity/Q11933237>	"Verbesina alternifolia"^^<http://www.w3.org/2001/XMLSchema#string>	"Specific leaf area"	"SLA: petiole  excluded"^^<http://www.w3.org/2001/XMLSchema#string>	356.29	<http://qudt.org/vocab/unit/CentiM2-PER-GM>	"cm2/g"^^<http://www.w3.org/2001/XMLSchema#string>
<http://www.wikidata.org/entity/Q1193369>	"Fraxinus americana"^^<http://www.w3.org/2001/XMLSchema#string>	"Leaf nitrogen content"	"Leaf nitrogen content per dry mass (Nmass)"^^<http://www.w3.org/2001/XMLSchema#string>	1.98	<http://qudt.org/vocab/unit/PERCENT>	"%"^^<http://www.w3.org/2001/XMLSchema#string>
<http://www.wikidata.org/entity/Q1193369>	"Fraxinus americana"^^<http://www.w3.org/2001/XMLSchema#string>	"Leaf nitrogen content"	"Leaf nitrogen content per dry mass (Nmass)"^^<http://www.w3.org/2001/XMLSchema#string>	2.1	<http://qudt.org/vocab/unit/PERCENT>	"%"^^<http://www.w3.org/2001/XMLSchema#string>
<http://www.wikidata.org/entity/Q12066587>	"Pultenaea daphnoides"^^<http://www.w3.org/2001/XMLSchema#string>	"Leaf nitrogen content"	"Leaf nitrogen content per dry mass (Nmass)"^^<http://www.w3.org/2001/XMLSchema#string>	1.951319	<http://qudt.org/vocab/unit/PERCENT>	"%"^^<http://www.w3.org/2001/XMLSchema#string>
<http://www.wikidata.org/entity/Q12199748>	"Ilex anomala"^^<http://www.w3.org/2001/XMLSchema#string>	"Leaf nitrogen content"	"Leaf nitrogen content per dry mass (Nmass)"^^<http://www.w3.org/2001/XMLSchema#string>	1.24	<http://qudt.org/vocab/unit/PERCENT>	"%"^^<http://www.w3.org/2001/XMLSchema#string>
<http://www.wikidata.org/entity/Q12217056>	"Epilobium angustifolium"^^<http://www.w3.org/2001/XMLSchema#string>	"Specific leaf area"	"SLA: undefined if petiole in- or excluded"^^<http://www.w3.org/2001/XMLSchema#string>	227.5	<http://qudt.org/vocab/unit/CentiM2-PER-GM>	"SLA cm2/g"^^<http://www.w3.org/2001/XMLSchema#string>
<http://www.wikidata.org/entity/Q12218900>	"Hordeum bulbosum"^^<http://www.w3.org/2001/XMLSchema#string>	"Specific leaf area"	"SLA: undefined if petiole in- or excluded"^^<http://www.w3.org/2001/XMLSchema#string>	186.8412	<http://qudt.org/vocab/unit/CentiM2-PER-GM>	"SLA cm2/g"^^<http://www.w3.org/2001/XMLSchema#string>
<http://www.wikidata.org/entity/Q12252383>	"Rubus idaeus"^^<http://www.w3.org/2001/XMLSchema#string>	"Leaf nitrogen content"	"Leaf nitrogen content per dry mass (Nmass)"^^<http://www.w3.org/2001/XMLSchema#string>	2.29	<http://qudt.org/vocab/unit/PERCENT>	"%"^^<http://www.w3.org/2001/XMLSchema#string>
<http://www.wikidata.org/entity/Q1247582>	"Swietenia mahagoni"^^<http://www.w3.org/2001/XMLSchema#string>	"Leaf nitrogen content"	"Leaf nitrogen content per dry mass (Nmass)"^^<http://www.w3.org/2001/XMLSchema#string>	1.52	<http://qudt.org/vocab/unit/PERCENT>	"%"^^<http://www.w3.org/2001/XMLSchema#string>
<http://www.wikidata.org/entity/Q124969>	"Corylus avellana"^^<http://www.w3.org/2001/XMLSchema#string>	"Specific leaf area"	"SLA: undefined if petiole in- or excluded"^^<http://www.w3.org/2001/XMLSchema#string>	147.2	<http://qudt.org/vocab/unit/CentiM2-PER-GM>	"SLA cm2/g"^^<http://www.w3.org/2001/XMLSchema#string>
<http://www.wikidata.org/entity/Q128116>	"Picea glauca"^^<http://www.w3.org/2001/XMLSchema#string>	"Leaf nitrogen content"	"Leaf nitrogen content per dry mass (Nmass)"^^<http://www.w3.org/2001/XMLSchema#string>	30.2	<http://qudt.org/vocab/unit/MilliGM-PER-GM>	"mg/g"^^<http://www.w3.org/2001/XMLSchema#string>
<http://www.wikidata.org/entity/Q128116>	"Picea glauca"^^<http://www.w3.org/2001/XMLSchema#string>	"Leaf nitrogen content"	"Leaf nitrogen content per dry mass (Nmass)"^^<http://www.w3.org/2001/XMLSchema#string>	23.5	<http://qudt.org/vocab/unit/MilliGM-PER-GM>	"mg/g"^^<http://www.w3.org/2001/XMLSchema#string>
<http://www.wikidata.org/entity/Q128116>	"Picea glauca"^^<http://www.w3.org/2001/XMLSchema#string>	"Leaf nitrogen content"	"Leaf nitrogen content per dry mass (Nmass)"^^<http://www.w3.org/2001/XMLSchema#string>	3.02	<http://qudt.org/vocab/unit/PERCENT>	"%"^^<http://www.w3.org/2001/XMLSchema#string>
<http://www.wikidata.org/entity/Q128116>	"Picea glauca"^^<http://www.w3.org/2001/XMLSchema#string>	"Leaf nitrogen content"	"Leaf nitrogen content per dry mass (Nmass)"^^<http://www.w3.org/2001/XMLSchema#string>	2.35	<http://qudt.org/vocab/unit/PERCENT>	"%"^^<http://www.w3.org/2001/XMLSchema#string>
<http://www.wikidata.org/entity/Q129018>	"Prunus spinosa"^^<http://www.w3.org/2001/XMLSchema#string>	"Specific leaf area"	"SLA: undefined if petiole in- or excluded"^^<http://www.w3.org/2001/XMLSchema#string>	143.9	<http://qudt.org/vocab/unit/CentiM2-PER-GM>	"SLA cm2/g"^^<http://www.w3.org/2001/XMLSchema#string>
<http://www.wikidata.org/entity/Q12955947>	"Swietenia macrophylla"^^<http://www.w3.org/2001/XMLSchema#string>	"Specific leaf area"	"SLA: undefined if petiole in- or excluded"^^<http://www.w3.org/2001/XMLSchema#string>	26.31579	<http://qudt.org/vocab/unit/M2-PER-KiloGM>	"m2/kg"^^<http://www.w3.org/2001/XMLSchema#string>
<http://www.wikidata.org/entity/Q12955947>	"Swietenia macrophylla"^^<http://www.w3.org/2001/XMLSchema#string>	"Specific leaf area"	"SLA: undefined if petiole in- or excluded"^^<http://www.w3.org/2001/XMLSchema#string>	28.57143	<http://qudt.org/vocab/unit/M2-PER-KiloGM>	"m2/kg"^^<http://www.w3.org/2001/XMLSchema#string>
<http://www.wikidata.org/entity/Q12955947>	"Swietenia macrophylla"^^<http://www.w3.org/2001/XMLSchema#string>	"Specific leaf area"	"SLA: undefined if petiole in- or excluded"^^<http://www.w3.org/2001/XMLSchema#string>	29.41176	<http://qudt.org/vocab/unit/M2-PER-KiloGM>	"m2/kg"^^<http://www.w3.org/2001/XMLSchema#string>
<http://www.wikidata.org/entity/Q12955947>	"Swietenia macrophylla"^^<http://www.w3.org/2001/XMLSchema#string>	"Specific leaf area"	"SLA: undefined if petiole in- or excluded"^^<http://www.w3.org/2001/XMLSchema#string>	23.80952	<http://qudt.org/vocab/unit/M2-PER-KiloGM>	"m2/kg"^^<http://www.w3.org/2001/XMLSchema#string>
<http://www.wikidata.org/entity/Q12955947>	"Swietenia macrophylla"^^<http://www.w3.org/2001/XMLSchema#string>	"Specific leaf area"	"SLA: undefined if petiole in- or excluded"^^<http://www.w3.org/2001/XMLSchema#string>	45.45455	<http://qudt.org/vocab/unit/M2-PER-KiloGM>	"m2/kg"^^<http://www.w3.org/2001/XMLSchema#string>
<http://www.wikidata.org/entity/Q12981787>	"Austrocedrus chilensis"^^<http://www.w3.org/2001/XMLSchema#string>	"Leaf nitrogen content"	"Leaf nitrogen content per dry mass (Nmass)"^^<http://www.w3.org/2001/XMLSchema#string>	1.09	<http://qudt.org/vocab/unit/PERCENT>	"%"^^<http://www.w3.org/2001/XMLSchema#string>
<http://www.wikidata.org/entity/Q12981787>	"Austrocedrus chilensis"^^<http://www.w3.org/2001/XMLSchema#string>	"Leaf nitrogen content"	"Leaf nitrogen content per dry mass (Nmass)"^^<http://www.w3.org/2001/XMLSchema#string>	1.6	<http://qudt.org/vocab/unit/PERCENT>	"%"^^<http://www.w3.org/2001/XMLSchema#string>
<http://www.wikidata.org/entity/Q1301661>	"Gymnocarpium dryopteris"^^<http://www.w3.org/2001/XMLSchema#string>	"Leaf nitrogen content"	"Leaf nitrogen content per dry mass (Nmass)"^^<http://www.w3.org/2001/XMLSchema#string>	2.33	<http://qudt.org/vocab/unit/PERCENT>	"%"^^<http://www.w3.org/2001/XMLSchema#string>
<http://www.wikidata.org/entity/Q1301661>	"Gymnocarpium dryopteris"^^<http://www.w3.org/2001/XMLSchema#string>	"Specific leaf area"	"SLA: undefined if petiole in- or excluded"^^<http://www.w3.org/2001/XMLSchema#string>	354.8499	<http://qudt.org/vocab/unit/CentiM2-PER-GM>	"SLA cm2/g"^^<http://www.w3.org/2001/XMLSchema#string>
<http://www.wikidata.org/entity/Q130224>	"Potentilla reptans"^^<http://www.w3.org/2001/XMLSchema#string>	"Specific leaf area"	"SLA: undefined if petiole in- or excluded"^^<http://www.w3.org/2001/XMLSchema#string>	263.4	<http://qudt.org/vocab/unit/CentiM2-PER-GM>	"SLA cm2/g"^^<http://www.w3.org/2001/XMLSchema#string>
<http://www.wikidata.org/entity/Q13035690>	"Protea repens"^^<http://www.w3.org/2001/XMLSchema#string>	"Leaf nitrogen content"	"Leaf nitrogen content per dry mass (Nmass)"^^<http://www.w3.org/2001/XMLSchema#string>	0.66	<http://qudt.org/vocab/unit/PERCENT>	"%"^^<http://www.w3.org/2001/XMLSchema#string>
<http://www.wikidata.org/entity/Q13035690>	"Protea repens"^^<http://www.w3.org/2001/XMLSchema#string>	"Leaf nitrogen content"	"Leaf nitrogen content per dry mass (Nmass)"^^<http://www.w3.org/2001/XMLSchema#string>	0.67	<http://qudt.org/vocab/unit/PERCENT>	"%"^^<http://www.w3.org/2001/XMLSchema#string>
<http://www.wikidata.org/entity/Q13035690>	"Protea repens"^^<http://www.w3.org/2001/XMLSchema#string>	"Leaf nitrogen content"	"Leaf nitrogen content per dry mass (Nmass)"^^<http://www.w3.org/2001/XMLSchema#string>	0.54	<http://qudt.org/vocab/unit/PERCENT>	"%"^^<http://www.w3.org/2001/XMLSchema#string>
<http://www.wikidata.org/entity/Q13035690>	"Protea repens"^^<http://www.w3.org/2001/XMLSchema#string>	"Leaf nitrogen content"	"Leaf nitrogen content per dry mass (Nmass)"^^<http://www.w3.org/2001/XMLSchema#string>	0.4	<http://qudt.org/vocab/unit/PERCENT>	"%"^^<http://www.w3.org/2001/XMLSchema#string>
<http://www.wikidata.org/entity/Q13035690>	"Protea repens"^^<http://www.w3.org/2001/XMLSchema#string>	"Leaf nitrogen content"	"Leaf nitrogen content per dry mass (Nmass)"^^<http://www.w3.org/2001/XMLSchema#string>	0.47	<http://qudt.org/vocab/unit/PERCENT>	"%"^^<http://www.w3.org/2001/XMLSchema#string>
<http://www.wikidata.org/entity/Q13035690>	"Protea repens"^^<http://www.w3.org/2001/XMLSchema#string>	"Leaf nitrogen content"	"Leaf nitrogen content per dry mass (Nmass)"^^<http://www.w3.org/2001/XMLSchema#string>	0.48	<http://qudt.org/vocab/unit/PERCENT>	"%"^^<http://www.w3.org/2001/XMLSchema#string>
<http://www.wikidata.org/entity/Q13035690>	"Protea repens"^^<http://www.w3.org/2001/XMLSchema#string>	"Leaf nitrogen content"	"Leaf nitrogen content per dry mass (Nmass)"^^<http://www.w3.org/2001/XMLSchema#string>	0.51	<http://qudt.org/vocab/unit/PERCENT>	"%"^^<http://www.w3.org/2001/XMLSchema#string>
<http://www.wikidata.org/entity/Q13035690>	"Protea repens"^^<http://www.w3.org/2001/XMLSchema#string>	"Leaf nitrogen content"	"Leaf nitrogen content per dry mass (Nmass)"^^<http://www.w3.org/2001/XMLSchema#string>	0.52	<http://qudt.org/vocab/unit/PERCENT>	"%"^^<http://www.w3.org/2001/XMLSchema#string>
<http://www.wikidata.org/entity/Q13094301>	"Schleichera oleosa"^^<http://www.w3.org/2001/XMLSchema#string>	"Leaf nitrogen content"	"Leaf nitrogen content per dry mass (Nmass)"^^<http://www.w3.org/2001/XMLSchema#string>	1.79	<http://qudt.org/vocab/unit/PERCENT>	"%"^^<http://www.w3.org/2001/XMLSchema#string>
<http://www.wikidata.org/entity/Q13110312>	"Holoptelea integrifolia"^^<http://www.w3.org/2001/XMLSchema#string>	"Leaf nitrogen content"	"Leaf nitrogen content per dry mass (Nmass)"^^<http://www.w3.org/2001/XMLSchema#string>	2.75	<http://qudt.org/vocab/unit/PERCENT>	"%"^^<http://www.w3.org/2001/XMLSchema#string>
<http://www.wikidata.org/entity/Q13114255>	"Wrightia arborea"^^<http://www.w3.org/2001/XMLSchema#string>	"Leaf nitrogen content"	"Leaf nitrogen content per dry mass (Nmass)"^^<http://www.w3.org/2001/XMLSchema#string>	2.31	<http://qudt.org/vocab/unit/PERCENT>	"%"^^<http://www.w3.org/2001/XMLSchema#string>
<http://www.wikidata.org/entity/Q13115295>	"Hardwickia binata"^^<http://www.w3.org/2001/XMLSchema#string>	"Leaf nitrogen content"	"Leaf nitrogen content per dry mass (Nmass)"^^<http://www.w3.org/2001/XMLSchema#string>	2.02	<http://qudt.org/vocab/unit/PERCENT>	"%"^^<http://www.w3.org/2001/XMLSchema#string>
<http://www.wikidata.org/entity/Q13182>	"Litchi chinensis"^^<http://www.w3.org/2001/XMLSchema#string>	"Leaf nitrogen content"	"Leaf nitrogen content per dry mass (Nmass)"^^<http://www.w3.org/2001/XMLSchema#string>	1.42	<http://qudt.org/vocab/unit/PERCENT>	"%"^^<http://www.w3.org/2001/XMLSchema#string>
<http://www.wikidata.org/entity/Q13189>	"Prunus persica"^^<http://www.w3.org/2001/XMLSchema#string>	"Leaf nitrogen content"	"Leaf nitrogen content per dry mass (Nmass)"^^<http://www.w3.org/2001/XMLSchema#string>	4.0	<http://qudt.org/vocab/unit/PERCENT>	"%"^^<http://www.w3.org/2001/XMLSchema#string>
<http://www.wikidata.org/entity/Q13189>	"Prunus persica"^^<http://www.w3.org/2001/XMLSchema#string>	"Leaf nitrogen content"	"Leaf nitrogen content per dry mass (Nmass)"^^<http://www.w3.org/2001/XMLSchema#string>	3.9	<http://qudt.org/vocab/unit/PERCENT>	"%"^^<http://www.w3.org/2001/XMLSchema#string>
<http://www.wikidata.org/entity/Q13189>	"Prunus persica"^^<http://www.w3.org/2001/XMLSchema#string>	"Leaf nitrogen content"	"Leaf nitrogen content per dry mass (Nmass)"^^<http://www.w3.org/2001/XMLSchema#string>	39.0	<http://qudt.org/vocab/unit/MilliGM-PER-GM>	"mg g-1"^^<http://www.w3.org/2001/XMLSchema#string>
<http://www.wikidata.org/entity/Q13189>	"Prunus persica"^^<http://www.w3.org/2001/XMLSchema#string>	"Leaf nitrogen content"	"Leaf nitrogen content per dry mass (Nmass)"^^<http://www.w3.org/2001/XMLSchema#string>	41.0	<http://qudt.org/vocab/unit/MilliGM-PER-GM>	"mg g-1"^^<http://www.w3.org/2001/XMLSchema#string>
<http://www.wikidata.org/entity/Q13189>	"Prunus persica"^^<http://www.w3.org/2001/XMLSchema#string>	"Leaf nitrogen content"	"Leaf nitrogen content per dry mass (Nmass)"^^<http://www.w3.org/2001/XMLSchema#string>	40.0	<http://qudt.org/vocab/unit/MilliGM-PER-GM>	"mg g-1"^^<http://www.w3.org/2001/XMLSchema#string>
<http://www.wikidata.org/entity/Q13189>	"Prunus persica"^^<http://www.w3.org/2001/XMLSchema#string>	"Leaf nitrogen content"	"Leaf nitrogen content per dry mass (Nmass)"^^<http://www.w3.org/2001/XMLSchema#string>	4.1	<http://qudt.org/vocab/unit/PERCENT>	"%"^^<http://www.w3.org/2001/XMLSchema#string>
<http://www.wikidata.org/entity/Q13190505>	"Jacaranda copaia"^^<http://www.w3.org/2001/XMLSchema#string>	"Leaf nitrogen content"	"Leaf nitrogen content per dry mass (Nmass)"^^<http://www.w3.org/2001/XMLSchema#string>	2.81	<http://qudt.org/vocab/unit/PERCENT>	"%"^^<http://www.w3.org/2001/XMLSchema#string>
<http://www.wikidata.org/entity/Q1327535>	"Hylotelephium telephium"^^<http://www.w3.org/2001/XMLSchema#string>	"Specific leaf area"	"SLA: undefined if petiole in- or excluded"^^<http://www.w3.org/2001/XMLSchema#string>	207.0	<http://qudt.org/vocab/unit/CentiM2-PER-GM>	"SLA cm2/g"^^<http://www.w3.org/2001/XMLSchema#string>
<http://www.wikidata.org/entity/Q133128>	"Pinus sylvestris"^^<http://www.w3.org/2001/XMLSchema#string>	"Leaf nitrogen content"	"Leaf nitrogen content per dry mass (Nmass)"^^<http://www.w3.org/2001/XMLSchema#string>	2.17	<http://qudt.org/vocab/unit/PERCENT>	"%"^^<http://www.w3.org/2001/XMLSchema#string>
<http://www.wikidata.org/entity/Q133128>	"Pinus sylvestris"^^<http://www.w3.org/2001/XMLSchema#string>	"Leaf nitrogen content"	"Leaf nitrogen content per dry mass (Nmass)"^^<http://www.w3.org/2001/XMLSchema#string>	1.81	<http://qudt.org/vocab/unit/PERCENT>	"%"^^<http://www.w3.org/2001/XMLSchema#string>
<http://www.wikidata.org/entity/Q133128>	"Pinus sylvestris"^^<http://www.w3.org/2001/XMLSchema#string>	"Leaf nitrogen content"	"Leaf nitrogen content per dry mass (Nmass)"^^<http://www.w3.org/2001/XMLSchema#string>	1.75	<http://qudt.org/vocab/unit/PERCENT>	"%"^^<http://www.w3.org/2001/XMLSchema#string>
<http://www.wikidata.org/entity/Q133128>	"Pinus sylvestris"^^<http://www.w3.org/2001/XMLSchema#string>	"Leaf nitrogen content"	"Leaf nitrogen content per dry mass (Nmass)"^^<http://www.w3.org/2001/XMLSchema#string>	0.77	<http://qudt.org/vocab/unit/PERCENT>	"%"^^<http://www.w3.org/2001/XMLSchema#string>
<http://www.wikidata.org/entity/Q133128>	"Pinus sylvestris"^^<http://www.w3.org/2001/XMLSchema#string>	"Leaf nitrogen content"	"Leaf nitrogen content per dry mass (Nmass)"^^<http://www.w3.org/2001/XMLSchema#string>	0.86	<http://qudt.org/vocab/unit/PERCENT>	"%"^^<http://www.w3.org/2001/XMLSchema#string>
<http://www.wikidata.org/entity/Q133128>	"Pinus sylvestris"^^<http://www.w3.org/2001/XMLSchema#string>	"Leaf nitrogen content"	"Leaf nitrogen content per dry mass (Nmass)"^^<http://www.w3.org/2001/XMLSchema#string>	1.64	<http://qudt.org/vocab/unit/PERCENT>	"%"^^<http://www.w3.org/2001/XMLSchema#string>
<http://www.wikidata.org/entity/Q133128>	"Pinus sylvestris"^^<http://www.w3.org/2001/XMLSchema#string>	"Leaf nitrogen content"	"Leaf nitrogen content per dry mass (Nmass)"^^<http://www.w3.org/2001/XMLSchema#string>	0.95	<http://qudt.org/vocab/unit/PERCENT>	"%"^^<http://www.w3.org/2001/XMLSchema#string>
<http://www.wikidata.org/entity/Q133128>	"Pinus sylvestris"^^<http://www.w3.org/2001/XMLSchema#string>	"Leaf phosphorus content"	"Leaf phosphorus content per dry mass (Pmass)"^^<http://www.w3.org/2001/XMLSchema#string>	1580.0	<http://qudt.org/vocab/unit/PPM>	"ppm"^^<http://www.w3.org/2001/XMLSchema#string>
<http://www.wikidata.org/entity/Q133128>	"Pinus sylvestris"^^<http://www.w3.org/2001/XMLSchema#string>	"Leaf phosphorus content"	"Leaf phosphorus content per dry mass (Pmass)"^^<http://www.w3.org/2001/XMLSchema#string>	1520.0	<http://qudt.org/vocab/unit/PPM>	"ppm"^^<http://www.w3.org/2001/XMLSchema#string>
<http://www.wikidata.org/entity/Q133128>	"Pinus sylvestris"^^<http://www.w3.org/2001/XMLSchema#string>	"Leaf phosphorus content"	"Leaf phosphorus content per dry mass (Pmass)"^^<http://www.w3.org/2001/XMLSchema#string>	1480.0	<http://qudt.org/vocab/unit/PPM>	"ppm"^^<http://www.w3.org/2001/XMLSchema#string>
<http://www.wikidata.org/entity/Q133128>	"Pinus sylvestris"^^<http://www.w3.org/2001/XMLSchema#string>	"Leaf phosphorus content"	"Leaf phosphorus content per dry mass (Pmass)"^^<http://www.w3.org/2001/XMLSchema#string>	1170.0	<http://qudt.org/vocab/unit/PPM>	"ppm"^^<http://www.w3.org/2001/XMLSchema#string>
<http://www.wikidata.org/entity/Q133128>	"Pinus sylvestris"^^<http://www.w3.org/2001/XMLSchema#string>	"Leaf phosphorus content"	"Leaf phosphorus content per dry mass (Pmass)"^^<http://www.w3.org/2001/XMLSchema#string>	1120.0	<http://qudt.org/vocab/unit/PPM>	"ppm"^^<http://www.w3.org/2001/XMLSchema#string>
<http://www.wikidata.org/entity/Q133128>	"Pinus sylvestris"^^<http://www.w3.org/2001/XMLSchema#string>	"Leaf phosphorus content"	"Leaf phosphorus content per dry mass (Pmass)"^^<http://www.w3.org/2001/XMLSchema#string>	0.12	<http://qudt.org/vocab/unit/PERCENT>	"%"^^<http://www.w3.org/2001/XMLSchema#string>
<http://www.wikidata.org/entity/Q133128>	"Pinus sylvestris"^^<http://www.w3.org/2001/XMLSchema#string>	"Leaf phosphorus content"	"Leaf phosphorus content per dry mass (Pmass)"^^<http://www.w3.org/2001/XMLSchema#string>	0.09	<http://qudt.org/vocab/unit/PERCENT>	"%"^^<http://www.w3.org/2001/XMLSchema#string>
<http://www.wikidata.org/entity/Q133128>	"Pinus sylvestris"^^<http://www.w3.org/2001/XMLSchema#string>	"Leaf phosphorus content"	"Leaf phosphorus content per dry mass (Pmass)"^^<http://www.w3.org/2001/XMLSchema#string>	1610.0	<http://qudt.org/vocab/unit/PPM>	"ppm"^^<http://www.w3.org/2001/XMLSchema#string>
<http://www.wikidata.org/entity/Q133128>	"Pinus sylvestris"^^<http://www.w3.org/2001/XMLSchema#string>	"Leaf phosphorus content"	"Leaf phosphorus content per dry mass (Pmass)"^^<http://www.w3.org/2001/XMLSchema#string>	1650.0	<http://qudt.org/vocab/unit/PPM>	"ppm"^^<http://www.w3.org/2001/XMLSchema#string>
<http://www.wikidata.org/entity/Q133128>	"Pinus sylvestris"^^<http://www.w3.org/2001/XMLSchema#string>	"Leaf phosphorus content"	"Leaf phosphorus content per dry mass (Pmass)"^^<http://www.w3.org/2001/XMLSchema#string>	1750.0	<http://qudt.org/vocab/unit/PPM>	"ppm"^^<http://www.w3.org/2001/XMLSchema#string>
<http://www.wikidata.org/entity/Q133128>	"Pinus sylvestris"^^<http://www.w3.org/2001/XMLSchema#string>	"Leaf phosphorus content"	"Leaf phosphorus content per dry mass (Pmass)"^^<http://www.w3.org/2001/XMLSchema#string>	1780.0	<http://qudt.org/vocab/unit/PPM>	"ppm"^^<http://www.w3.org/2001/XMLSchema#string>
<http://www.wikidata.org/entity/Q133128>	"Pinus sylvestris"^^<http://www.w3.org/2001/XMLSchema#string>	"Leaf phosphorus content"	"Leaf phosphorus content per dry mass (Pmass)"^^<http://www.w3.org/2001/XMLSchema#string>	1970.0	<http://qudt.org/vocab/unit/PPM>	"ppm"^^<http://www.w3.org/2001/XMLSchema#string>
<http://www.wikidata.org/entity/Q1334646>	"Euphorbia margalidiana"^^<http://www.w3.org/2001/XMLSchema#string>	"Leaf nitrogen content"	"Leaf nitrogen content per dry mass (Nmass)"^^<http://www.w3.org/2001/XMLSchema#string>	3.67	<http://qudt.org/vocab/unit/PERCENT>	"%"^^<http://www.w3.org/2001/XMLSchema#string>
<http://www.wikidata.org/entity/Q13399160>	"Bombax ceiba"^^<http://www.w3.org/2001/XMLSchema#string>	"Leaf nitrogen content"	"Leaf nitrogen content per dry mass (Nmass)"^^<http://www.w3.org/2001/XMLSchema#string>	1.6	<http://qudt.org/vocab/unit/PERCENT>	"%"^^<http://www.w3.org/2001/XMLSchema#string>
<http://www.wikidata.org/entity/Q134283>	"Origanum vulgare"^^<http://www.w3.org/2001/XMLSchema#string>	"Specific leaf area"	"SLA: undefined if petiole in- or excluded"^^<http://www.w3.org/2001/XMLSchema#string>	257.9	<http://qudt.org/vocab/unit/CentiM2-PER-GM>	"SLA cm2/g"^^<http://www.w3.org/2001/XMLSchema#string>
<http://www.wikidata.org/entity/Q1348662>	"Salix lapponum"^^<http://www.w3.org/2001/XMLSchema#string>	"Leaf phosphorus content"	"Leaf phosphorus content per dry mass (Pmass)"^^<http://www.w3.org/2001/XMLSchema#string>	0.188	<http://qudt.org/vocab/unit/PERCENT>	"%"^^<http://www.w3.org/2001/XMLSchema#string>
<http://www.wikidata.org/entity/Q1348662>	"Salix lapponum"^^<http://www.w3.org/2001/XMLSchema#string>	"Specific leaf area"	"SLA: undefined if petiole in- or excluded"^^<http://www.w3.org/2001/XMLSchema#string>	116.6189	<http://qudt.org/vocab/unit/CentiM2-PER-GM>	"SLA cm2/g"^^<http://www.w3.org/2001/XMLSchema#string>
<http://www.wikidata.org/entity/Q13541716>	"Rubus fruticosus"^^<http://www.w3.org/2001/XMLSchema#string>	"Specific leaf area"	"SLA: undefined if petiole in- or excluded"^^<http://www.w3.org/2001/XMLSchema#string>	156.3	<http://qudt.org/vocab/unit/CentiM2-PER-GM>	"SLA cm2/g"^^<http://www.w3.org/2001/XMLSchema#string>
<http://www.wikidata.org/entity/Q1355107>	"Equisetum sylvaticum"^^<http://www.w3.org/2001/XMLSchema#string>	"Specific leaf area"	"SLA: undefined if petiole in- or excluded"^^<http://www.w3.org/2001/XMLSchema#string>	244.0582	<http://qudt.org/vocab/unit/CentiM2-PER-GM>	"SLA cm2/g"^^<http://www.w3.org/2001/XMLSchema#string>
<http://www.wikidata.org/entity/Q1366704>	"Caragana microphylla"^^<http://www.w3.org/2001/XMLSchema#string>	"Leaf nitrogen content"	"Leaf nitrogen content per dry mass (Nmass)"^^<http://www.w3.org/2001/XMLSchema#string>	4.65	<http://qudt.org/vocab/unit/PERCENT>	"%"^^<http://www.w3.org/2001/XMLSchema#string>
<http://www.wikidata.org/entity/Q1366704>	"Caragana microphylla"^^<http://www.w3.org/2001/XMLSchema#string>	"Leaf nitrogen content"	"Leaf nitrogen content per dry mass (Nmass)"^^<http://www.w3.org/2001/XMLSchema#string>	46.5	<http://qudt.org/vocab/unit/MilliGM-PER-GM>	"mg/g"^^<http://www.w3.org/2001/XMLSchema#string>
<http://www.wikidata.org/entity/Q1366704>	"Caragana microphylla"^^<http://www.w3.org/2001/XMLSchema#string>	"Leaf phosphorus content"	"Leaf phosphorus content per dry mass (Pmass)"^^<http://www.w3.org/2001/XMLSchema#string>	3.13	<http://qudt.org/vocab/unit/MilliGM-PER-GM>	"mg/g"^^<http://www.w3.org/2001/XMLSchema#string>
<http://www.wikidata.org/entity/Q1367359>	"Quercus mongolica"^^<http://www.w3.org/2001/XMLSchema#string>	"Leaf nitrogen content"	"Leaf nitrogen content per dry mass (Nmass)"^^<http://www.w3.org/2001/XMLSchema#string>	2.1	<http://qudt.org/vocab/unit/PERCENT>	"%"^^<http://www.w3.org/2001/XMLSchema#string>
<http://www.wikidata.org/entity/Q1367359>	"Quercus mongolica"^^<http://www.w3.org/2001/XMLSchema#string>	"Specific leaf area"	"SLA: undefined if petiole in- or excluded"^^<http://www.w3.org/2001/XMLSchema#string>	172.9805	<http://qudt.org/vocab/unit/CentiM2-PER-GM>	"SLA cm2/g"^^<http://www.w3.org/2001/XMLSchema#string>
<http://www.wikidata.org/entity/Q136801>	"Cistus salviifolius"^^<http://www.w3.org/2001/XMLSchema#string>	"Leaf nitrogen content"	"Leaf nitrogen content per dry mass (Nmass)"^^<http://www.w3.org/2001/XMLSchema#string>	1.85	<http://qudt.org/vocab/unit/PERCENT>	"%"^^<http://www.w3.org/2001/XMLSchema#string>
<http://www.wikidata.org/entity/Q1369364>	"Calamagrostis arundinacea"^^<http://www.w3.org/2001/XMLSchema#string>	"Leaf nitrogen content"	"Leaf nitrogen content per dry mass (Nmass)"^^<http://www.w3.org/2001/XMLSchema#string>	16.5	<http://qudt.org/vocab/unit/MilliGM-PER-GM>	"(mg g-1)"^^<http://www.w3.org/2001/XMLSchema#string>
<http://www.wikidata.org/entity/Q1369364>	"Calamagrostis arundinacea"^^<http://www.w3.org/2001/XMLSchema#string>	"Specific leaf area"	"SLA: undefined if petiole in- or excluded"^^<http://www.w3.org/2001/XMLSchema#string>	177.0	<http://qudt.org/vocab/unit/CentiM2-PER-GM>	"SLA cm2/g"^^<http://www.w3.org/2001/XMLSchema#string>
<http://www.wikidata.org/entity/Q138183>	"Inga edulis"^^<http://www.w3.org/2001/XMLSchema#string>	"Leaf nitrogen content"	"Leaf nitrogen content per dry mass (Nmass)"^^<http://www.w3.org/2001/XMLSchema#string>	2.3	<http://qudt.org/vocab/unit/PERCENT>	"%"^^<http://www.w3.org/2001/XMLSchema#string>
<http://www.wikidata.org/entity/Q1384590>	"Lecythis lurida"^^<http://www.w3.org/2001/XMLSchema#string>	"Leaf nitrogen content"	"Leaf nitrogen content per dry mass (Nmass)"^^<http://www.w3.org/2001/XMLSchema#string>	1.89	<http://qudt.org/vocab/unit/PERCENT>	"%"^^<http://www.w3.org/2001/XMLSchema#string>
<http://www.wikidata.org/entity/Q138617>	"Ceiba pentandra"^^<http://www.w3.org/2001/XMLSchema#string>	"Leaf nitrogen content"	"Leaf nitrogen content per dry mass (Nmass)"^^<http://www.w3.org/2001/XMLSchema#string>	2.5	<http://qudt.org/vocab/unit/PERCENT>	"%"^^<http://www.w3.org/2001/XMLSchema#string>
<http://www.wikidata.org/entity/Q13921008>	"Hymenaea martiana"^^<http://www.w3.org/2001/XMLSchema#string>	"Leaf phosphorus content"	"Leaf phosphorus content per dry mass (Pmass)"^^<http://www.w3.org/2001/XMLSchema#string>	0.09285714	<http://qudt.org/vocab/unit/PERCENT>	"%"^^<http://www.w3.org/2001/XMLSchema#string>
<http://www.wikidata.org/entity/Q13929387>	"Lophostemon lactifluus"^^<http://www.w3.org/2001/XMLSchema#string>	"Leaf phosphorus content"	"Leaf phosphorus content per dry mass (Pmass)"^^<http://www.w3.org/2001/XMLSchema#string>	0.049	<http://qudt.org/vocab/unit/PERCENT>	"%"^^<http://www.w3.org/2001/XMLSchema#string>
<http://www.wikidata.org/entity/Q1405636>	"Ficus benghalensis"^^<http://www.w3.org/2001/XMLSchema#string>	"Leaf nitrogen content"	"Leaf nitrogen content per dry mass (Nmass)"^^<http://www.w3.org/2001/XMLSchema#string>	1.29	<http://qudt.org/vocab/unit/PERCENT>	"%"^^<http://www.w3.org/2001/XMLSchema#string>
<http://www.wikidata.org/entity/Q1414643>	"Cistus monspeliensis"^^<http://www.w3.org/2001/XMLSchema#string>	"Leaf nitrogen content"	"Leaf nitrogen content per dry mass (Nmass)"^^<http://www.w3.org/2001/XMLSchema#string>	1.41	<http://qudt.org/vocab/unit/PERCENT>	"%"^^<http://www.w3.org/2001/XMLSchema#string>
<http://www.wikidata.org/entity/Q1414643>	"Cistus monspeliensis"^^<http://www.w3.org/2001/XMLSchema#string>	"Leaf nitrogen content"	"Leaf nitrogen content per dry mass (Nmass)"^^<http://www.w3.org/2001/XMLSchema#string>	2.09	<http://qudt.org/vocab/unit/PERCENT>	"%"^^<http://www.w3.org/2001/XMLSchema#string>
<http://www.wikidata.org/entity/Q1414643>	"Cistus monspeliensis"^^<http://www.w3.org/2001/XMLSchema#string>	"Leaf nitrogen content"	"Leaf nitrogen content per dry mass (Nmass)"^^<http://www.w3.org/2001/XMLSchema#string>	1.3	<http://qudt.org/vocab/unit/PERCENT>	"%"^^<http://www.w3.org/2001/XMLSchema#string>
<http://www.wikidata.org/entity/Q1414643>	"Cistus monspeliensis"^^<http://www.w3.org/2001/XMLSchema#string>	"Leaf phosphorus content"	"Leaf phosphorus content per dry mass (Pmass)"^^<http://www.w3.org/2001/XMLSchema#string>	1000.0	<http://qudt.org/vocab/unit/PPM>	"ppm"^^<http://www.w3.org/2001/XMLSchema#string>
<http://www.wikidata.org/entity/Q14157505>	"Anemone rivularis"^^<http://www.w3.org/2001/XMLSchema#string>	"Specific leaf area"	"SLA: undefined if petiole in- or excluded"^^<http://www.w3.org/2001/XMLSchema#string>	151.7608	<http://qudt.org/vocab/unit/CentiM2-PER-GM>	"SLA cm2/g"^^<http://www.w3.org/2001/XMLSchema#string>
<http://www.wikidata.org/entity/Q1419839>	"Urtica atrovirens"^^<http://www.w3.org/2001/XMLSchema#string>	"Leaf nitrogen content"	"Leaf nitrogen content per dry mass (Nmass)"^^<http://www.w3.org/2001/XMLSchema#string>	4.07	<http://qudt.org/vocab/unit/PERCENT>	"%"^^<http://www.w3.org/2001/XMLSchema#string>
<http://www.wikidata.org/entity/Q1420828>	"Cornus canadensis"^^<http://www.w3.org/2001/XMLSchema#string>	"Specific leaf area"	"SLA: undefined if petiole in- or excluded"^^<http://www.w3.org/2001/XMLSchema#string>	0.0018	<http://qudt.org/vocab/unit/GM-PER-CentiM2>	"g/cm2"^^<http://www.w3.org/2001/XMLSchema#string>
<http://www.wikidata.org/entity/Q1425243>	"Salix phylicifolia"^^<http://www.w3.org/2001/XMLSchema#string>	"Leaf nitrogen content"	"Leaf nitrogen content per dry mass (Nmass)"^^<http://www.w3.org/2001/XMLSchema#string>	2.196	<http://qudt.org/vocab/unit/PERCENT>	"%"^^<http://www.w3.org/2001/XMLSchema#string>
<http://www.wikidata.org/entity/Q143161>	"Chilopsis linearis"^^<http://www.w3.org/2001/XMLSchema#string>	"Leaf nitrogen content"	"Leaf nitrogen content per dry mass (Nmass)"^^<http://www.w3.org/2001/XMLSchema#string>	2.1	<http://qudt.org/vocab/unit/PERCENT>	"%"^^<http://www.w3.org/2001/XMLSchema#string>
<http://www.wikidata.org/entity/Q1433569>	"Inga marginata"^^<http://www.w3.org/2001/XMLSchema#string>	"Leaf nitrogen content"	"Leaf nitrogen content per dry mass (Nmass)"^^<http://www.w3.org/2001/XMLSchema#string>	3.04	<http://qudt.org/vocab/unit/PERCENT>	"%"^^<http://www.w3.org/2001/XMLSchema#string>
<http://www.wikidata.org/entity/Q1433569>	"Inga marginata"^^<http://www.w3.org/2001/XMLSchema#string>	"Leaf nitrogen content"	"Leaf nitrogen content per dry mass (Nmass)"^^<http://www.w3.org/2001/XMLSchema#string>	3.17	<http://qudt.org/vocab/unit/PERCENT>	"%"^^<http://www.w3.org/2001/XMLSchema#string>
<http://www.wikidata.org/entity/Q1433727>	"Saxegothaea conspicua"^^<http://www.w3.org/2001/XMLSchema#string>	"Leaf nitrogen content"	"Leaf nitrogen content per dry mass (Nmass)"^^<http://www.w3.org/2001/XMLSchema#string>	0.81	<http://qudt.org/vocab/unit/PERCENT>	"%"^^<http://www.w3.org/2001/XMLSchema#string>
<http://www.wikidata.org/entity/Q1450735>	"Lavandula dentata"^^<http://www.w3.org/2001/XMLSchema#string>	"Leaf nitrogen content"	"Leaf nitrogen content per dry mass (Nmass)"^^<http://www.w3.org/2001/XMLSchema#string>	2.46	<http://qudt.org/vocab/unit/PERCENT>	"%"^^<http://www.w3.org/2001/XMLSchema#string>
<http://www.wikidata.org/entity/Q145123>	"Allocasuarina decaisneana"^^<http://www.w3.org/2001/XMLSchema#string>	"Leaf nitrogen content"	"Leaf nitrogen content per dry mass (Nmass)"^^<http://www.w3.org/2001/XMLSchema#string>	0.93	<http://qudt.org/vocab/unit/PERCENT>	"%"^^<http://www.w3.org/2001/XMLSchema#string>
<http://www.wikidata.org/entity/Q14530198>	"Sapindus mukorossi"^^<http://www.w3.org/2001/XMLSchema#string>	"Leaf nitrogen content"	"Leaf nitrogen content per dry mass (Nmass)"^^<http://www.w3.org/2001/XMLSchema#string>	3.01	<http://qudt.org/vocab/unit/PERCENT>	"%"^^<http://www.w3.org/2001/XMLSchema#string>
<http://www.wikidata.org/entity/Q145781>	"Cytisus scoparius"^^<http://www.w3.org/2001/XMLSchema#string>	"Leaf phosphorus content"	"Leaf phosphorus content per dry mass (Pmass)"^^<http://www.w3.org/2001/XMLSchema#string>	0.117	<http://qudt.org/vocab/unit/PERCENT>	"%"^^<http://www.w3.org/2001/XMLSchema#string>
<http://www.wikidata.org/entity/Q145954>	"Pinus nigra"^^<http://www.w3.org/2001/XMLSchema#string>	"Leaf phosphorus content"	"Leaf phosphorus content per dry mass (Pmass)"^^<http://www.w3.org/2001/XMLSchema#string>	1300.0	<http://qudt.org/vocab/unit/PPM>	"ppm"^^<http://www.w3.org/2001/XMLSchema#string>
<http://www.wikidata.org/entity/Q145954>	"Pinus nigra"^^<http://www.w3.org/2001/XMLSchema#string>	"Leaf phosphorus content"	"Leaf phosphorus content per dry mass (Pmass)"^^<http://www.w3.org/2001/XMLSchema#string>	1000.0	<http://qudt.org/vocab/unit/PPM>	"ppm"^^<http://www.w3.org/2001/XMLSchema#string>
<http://www.wikidata.org/entity/Q145992>	"Picea abies"^^<http://www.w3.org/2001/XMLSchema#string>	"Leaf nitrogen content"	"Leaf nitrogen content per dry mass (Nmass)"^^<http://www.w3.org/2001/XMLSchema#string>	0.8	<http://qudt.org/vocab/unit/PERCENT>	"%"^^<http://www.w3.org/2001/XMLSchema#string>
<http://www.wikidata.org/entity/Q145992>	"Picea abies"^^<http://www.w3.org/2001/XMLSchema#string>	"Leaf nitrogen content"	"Leaf nitrogen content per dry mass (Nmass)"^^<http://www.w3.org/2001/XMLSchema#string>	10.9	<http://qudt.org/vocab/unit/MilliGM-PER-GM>	"mg g-1"^^<http://www.w3.org/2001/XMLSchema#string>
<http://www.wikidata.org/entity/Q145992>	"Picea abies"^^<http://www.w3.org/2001/XMLSchema#string>	"Leaf nitrogen content"	"Leaf nitrogen content per dry mass (Nmass)"^^<http://www.w3.org/2001/XMLSchema#string>	0.85	<http://qudt.org/vocab/unit/PERCENT>	"%"^^<http://www.w3.org/2001/XMLSchema#string>
<http://www.wikidata.org/entity/Q145992>	"Picea abies"^^<http://www.w3.org/2001/XMLSchema#string>	"Leaf nitrogen content"	"Leaf nitrogen content per dry mass (Nmass)"^^<http://www.w3.org/2001/XMLSchema#string>	1.65	<http://qudt.org/vocab/unit/PERCENT>	"%"^^<http://www.w3.org/2001/XMLSchema#string>
<http://www.wikidata.org/entity/Q145992>	"Picea abies"^^<http://www.w3.org/2001/XMLSchema#string>	"Leaf nitrogen content"	"Leaf nitrogen content per dry mass (Nmass)"^^<http://www.w3.org/2001/XMLSchema#string>	1.61	<http://qudt.org/vocab/unit/PERCENT>	"%"^^<http://www.w3.org/2001/XMLSchema#string>
<http://www.wikidata.org/entity/Q145992>	"Picea abies"^^<http://www.w3.org/2001/XMLSchema#string>	"Leaf nitrogen content"	"Leaf nitrogen content per dry mass (Nmass)"^^<http://www.w3.org/2001/XMLSchema#string>	1.58	<http://qudt.org/vocab/unit/PERCENT>	"%"^^<http://www.w3.org/2001/XMLSchema#string>
<http://www.wikidata.org/entity/Q145992>	"Picea abies"^^<http://www.w3.org/2001/XMLSchema#string>	"Leaf nitrogen content"	"Leaf nitrogen content per dry mass (Nmass)"^^<http://www.w3.org/2001/XMLSchema#string>	1.56	<http://qudt.org/vocab/unit/PERCENT>	"%"^^<http://www.w3.org/2001/XMLSchema#string>
<http://www.wikidata.org/entity/Q145992>	"Picea abies"^^<http://www.w3.org/2001/XMLSchema#string>	"Leaf nitrogen content"	"Leaf nitrogen content per dry mass (Nmass)"^^<http://www.w3.org/2001/XMLSchema#string>	1.53	<http://qudt.org/vocab/unit/PERCENT>	"%"^^<http://www.w3.org/2001/XMLSchema#string>
<http://www.wikidata.org/entity/Q145992>	"Picea abies"^^<http://www.w3.org/2001/XMLSchema#string>	"Leaf nitrogen content"	"Leaf nitrogen content per dry mass (Nmass)"^^<http://www.w3.org/2001/XMLSchema#string>	1.44	<http://qudt.org/vocab/unit/PERCENT>	"%"^^<http://www.w3.org/2001/XMLSchema#string>
<http://www.wikidata.org/entity/Q145992>	"Picea abies"^^<http://www.w3.org/2001/XMLSchema#string>	"Leaf nitrogen content"	"Leaf nitrogen content per dry mass (Nmass)"^^<http://www.w3.org/2001/XMLSchema#string>	0.99	<http://qudt.org/vocab/unit/PERCENT>	"%"^^<http://www.w3.org/2001/XMLSchema#string>
<http://www.wikidata.org/entity/Q145992>	"Picea abies"^^<http://www.w3.org/2001/XMLSchema#string>	"Leaf phosphorus content"	"Leaf phosphorus content per dry mass (Pmass)"^^<http://www.w3.org/2001/XMLSchema#string>	1880.0	<http://qudt.org/vocab/unit/PPM>	"ppm"^^<http://www.w3.org/2001/XMLSchema#string>
<http://www.wikidata.org/entity/Q145992>	"Picea abies"^^<http://www.w3.org/2001/XMLSchema#string>	"Leaf phosphorus content"	"Leaf phosphorus content per dry mass (Pmass)"^^<http://www.w3.org/2001/XMLSchema#string>	1680.0	<http://qudt.org/vocab/unit/PPM>	"ppm"^^<http://www.w3.org/2001/XMLSchema#string>
<http://www.wikidata.org/entity/Q145992>	"Picea abies"^^<http://www.w3.org/2001/XMLSchema#string>	"Leaf phosphorus content"	"Leaf phosphorus content per dry mass (Pmass)"^^<http://www.w3.org/2001/XMLSchema#string>	1520.0	<http://qudt.org/vocab/unit/PPM>	"ppm"^^<http://www.w3.org/2001/XMLSchema#string>
<http://www.wikidata.org/entity/Q145992>	"Picea abies"^^<http://www.w3.org/2001/XMLSchema#string>	"Leaf phosphorus content"	"Leaf phosphorus content per dry mass (Pmass)"^^<http://www.w3.org/2001/XMLSchema#string>	1410.0	<http://qudt.org/vocab/unit/PPM>	"ppm"^^<http://www.w3.org/2001/XMLSchema#string>
<http://www.wikidata.org/entity/Q145992>	"Picea abies"^^<http://www.w3.org/2001/XMLSchema#string>	"Leaf phosphorus content"	"Leaf phosphorus content per dry mass (Pmass)"^^<http://www.w3.org/2001/XMLSchema#string>	1370.0	<http://qudt.org/vocab/unit/PPM>	"ppm"^^<http://www.w3.org/2001/XMLSchema#string>
<http://www.wikidata.org/entity/Q145992>	"Picea abies"^^<http://www.w3.org/2001/XMLSchema#string>	"Leaf phosphorus content"	"Leaf phosphorus content per dry mass (Pmass)"^^<http://www.w3.org/2001/XMLSchema#string>	1270.0	<http://qudt.org/vocab/unit/PPM>	"ppm"^^<http://www.w3.org/2001/XMLSchema#string>
<http://www.wikidata.org/entity/Q145992>	"Picea abies"^^<http://www.w3.org/2001/XMLSchema#string>	"Leaf phosphorus content"	"Leaf phosphorus content per dry mass (Pmass)"^^<http://www.w3.org/2001/XMLSchema#string>	1170.0	<http://qudt.org/vocab/unit/PPM>	"ppm"^^<http://www.w3.org/2001/XMLSchema#string>
<http://www.wikidata.org/entity/Q145992>	"Picea abies"^^<http://www.w3.org/2001/XMLSchema#string>	"Leaf phosphorus content"	"Leaf phosphorus content per dry mass (Pmass)"^^<http://www.w3.org/2001/XMLSchema#string>	1150.0	<http://qudt.org/vocab/unit/PPM>	"ppm"^^<http://www.w3.org/2001/XMLSchema#string>
<http://www.wikidata.org/entity/Q145992>	"Picea abies"^^<http://www.w3.org/2001/XMLSchema#string>	"Leaf phosphorus content"	"Leaf phosphorus content per dry mass (Pmass)"^^<http://www.w3.org/2001/XMLSchema#string>	1130.0	<http://qudt.org/vocab/unit/PPM>	"ppm"^^<http://www.w3.org/2001/XMLSchema#string>
<http://www.wikidata.org/entity/Q145992>	"Picea abies"^^<http://www.w3.org/2001/XMLSchema#string>	"Leaf phosphorus content"	"Leaf phosphorus content per dry mass (Pmass)"^^<http://www.w3.org/2001/XMLSchema#string>	1110.0	<http://qudt.org/vocab/unit/PPM>	"ppm"^^<http://www.w3.org/2001/XMLSchema#string>
<http://www.wikidata.org/entity/Q145992>	"Picea abies"^^<http://www.w3.org/2001/XMLSchema#string>	"Leaf phosphorus content"	"Leaf phosphorus content per dry mass (Pmass)"^^<http://www.w3.org/2001/XMLSchema#string>	970.0	<http://qudt.org/vocab/unit/PPM>	"ppm"^^<http://www.w3.org/2001/XMLSchema#string>
<http://www.wikidata.org/entity/Q145992>	"Picea abies"^^<http://www.w3.org/2001/XMLSchema#string>	"Leaf phosphorus content"	"Leaf phosphorus content per dry mass (Pmass)"^^<http://www.w3.org/2001/XMLSchema#string>	1020.0	<http://qudt.org/vocab/unit/PPM>	"ppm"^^<http://www.w3.org/2001/XMLSchema#string>
<http://www.wikidata.org/entity/Q145992>	"Picea abies"^^<http://www.w3.org/2001/XMLSchema#string>	"Leaf phosphorus content"	"Leaf phosphorus content per dry mass (Pmass)"^^<http://www.w3.org/2001/XMLSchema#string>	1080.0	<http://qudt.org/vocab/unit/PPM>	"ppm"^^<http://www.w3.org/2001/XMLSchema#string>
<http://www.wikidata.org/entity/Q145992>	"Picea abies"^^<http://www.w3.org/2001/XMLSchema#string>	"Leaf phosphorus content"	"Leaf phosphorus content per dry mass (Pmass)"^^<http://www.w3.org/2001/XMLSchema#string>	1040.0	<http://qudt.org/vocab/unit/PPM>	"ppm"^^<http://www.w3.org/2001/XMLSchema#string>
<http://www.wikidata.org/entity/Q145992>	"Picea abies"^^<http://www.w3.org/2001/XMLSchema#string>	"Specific leaf area"	"SLA: undefined if petiole in- or excluded"^^<http://www.w3.org/2001/XMLSchema#string>	47.0	<http://qudt.org/vocab/unit/CentiM2-PER-GM>	"cm2/g"^^<http://www.w3.org/2001/XMLSchema#string>
<http://www.wikidata.org/entity/Q145992>	"Picea abies"^^<http://www.w3.org/2001/XMLSchema#string>	"Specific leaf area"	"SLA: undefined if petiole in- or excluded"^^<http://www.w3.org/2001/XMLSchema#string>	34.0	<http://qudt.org/vocab/unit/CentiM2-PER-GM>	"SLA cm2/g"^^<http://www.w3.org/2001/XMLSchema#string>
<http://www.wikidata.org/entity/Q145992>	"Picea abies"^^<http://www.w3.org/2001/XMLSchema#string>	"Specific leaf area"	"SLA: undefined if petiole in- or excluded"^^<http://www.w3.org/2001/XMLSchema#string>	33.0	<http://qudt.org/vocab/unit/CentiM2-PER-GM>	"SLA cm2/g"^^<http://www.w3.org/2001/XMLSchema#string>
<http://www.wikidata.org/entity/Q145992>	"Picea abies"^^<http://www.w3.org/2001/XMLSchema#string>	"Specific leaf area"	"SLA: undefined if petiole in- or excluded"^^<http://www.w3.org/2001/XMLSchema#string>	3.3	<http://qudt.org/vocab/unit/M2-PER-KiloGM>	"m2 kg-1"^^<http://www.w3.org/2001/XMLSchema#string>
<http://www.wikidata.org/entity/Q145992>	"Picea abies"^^<http://www.w3.org/2001/XMLSchema#string>	"Specific leaf area"	"SLA: undefined if petiole in- or excluded"^^<http://www.w3.org/2001/XMLSchema#string>	0.005	<http://qudt.org/vocab/unit/M2-PER-GM>	"m2/g"^^<http://www.w3.org/2001/XMLSchema#string>
<http://www.wikidata.org/entity/Q146048>	"Larix decidua"^^<http://www.w3.org/2001/XMLSchema#string>	"Leaf nitrogen content"	"Leaf nitrogen content per dry mass (Nmass)"^^<http://www.w3.org/2001/XMLSchema#string>	2.1	<http://qudt.org/vocab/unit/PERCENT>	"%"^^<http://www.w3.org/2001/XMLSchema#string>
<http://www.wikidata.org/entity/Q146048>	"Larix decidua"^^<http://www.w3.org/2001/XMLSchema#string>	"Leaf phosphorus content"	"Leaf phosphorus content per dry mass (Pmass)"^^<http://www.w3.org/2001/XMLSchema#string>	0.172	<http://qudt.org/vocab/unit/PERCENT>	"%"^^<http://www.w3.org/2001/XMLSchema#string>
<http://www.wikidata.org/entity/Q1460497>	"Quercus michauxii"^^<http://www.w3.org/2001/XMLSchema#string>	"Leaf nitrogen content"	"Leaf nitrogen content per dry mass (Nmass)"^^<http://www.w3.org/2001/XMLSchema#string>	2.31	<http://qudt.org/vocab/unit/PERCENT>	"%"^^<http://www.w3.org/2001/XMLSchema#string>
<http://www.wikidata.org/entity/Q1460497>	"Quercus michauxii"^^<http://www.w3.org/2001/XMLSchema#string>	"Leaf nitrogen content"	"Leaf nitrogen content per dry mass (Nmass)"^^<http://www.w3.org/2001/XMLSchema#string>	2.54	<http://qudt.org/vocab/unit/PERCENT>	"%"^^<http://www.w3.org/2001/XMLSchema#string>
<http://www.wikidata.org/entity/Q1460497>	"Quercus michauxii"^^<http://www.w3.org/2001/XMLSchema#string>	"Leaf nitrogen content"	"Leaf nitrogen content per dry mass (Nmass)"^^<http://www.w3.org/2001/XMLSchema#string>	2.3	<http://qudt.org/vocab/unit/PERCENT>	"%"^^<http://www.w3.org/2001/XMLSchema#string>
<http://www.wikidata.org/entity/Q146136>	"Frangula alnus"^^<http://www.w3.org/2001/XMLSchema#string>	"Leaf nitrogen content"	"Leaf nitrogen content per dry mass (Nmass)"^^<http://www.w3.org/2001/XMLSchema#string>	3.512749	<http://qudt.org/vocab/unit/PERCENT>	"%"^^<http://www.w3.org/2001/XMLSchema#string>
<http://www.wikidata.org/entity/Q146136>	"Frangula alnus"^^<http://www.w3.org/2001/XMLSchema#string>	"Leaf phosphorus content"	"Leaf phosphorus content per dry mass (Pmass)"^^<http://www.w3.org/2001/XMLSchema#string>	0.3228873	<http://qudt.org/vocab/unit/PERCENT>	"%"^^<http://www.w3.org/2001/XMLSchema#string>
<http://www.wikidata.org/entity/Q146149>	"Fagus sylvatica"^^<http://www.w3.org/2001/XMLSchema#string>	"Leaf nitrogen content"	"Leaf nitrogen content per dry mass (Nmass)"^^<http://www.w3.org/2001/XMLSchema#string>	2.5	<http://qudt.org/vocab/unit/PERCENT>	"%"^^<http://www.w3.org/2001/XMLSchema#string>
<http://www.wikidata.org/entity/Q146149>	"Fagus sylvatica"^^<http://www.w3.org/2001/XMLSchema#string>	"Leaf nitrogen content"	"Leaf nitrogen content per dry mass (Nmass)"^^<http://www.w3.org/2001/XMLSchema#string>	2.389	<http://qudt.org/vocab/unit/PERCENT>	"%"^^<http://www.w3.org/2001/XMLSchema#string>
<http://www.wikidata.org/entity/Q146149>	"Fagus sylvatica"^^<http://www.w3.org/2001/XMLSchema#string>	"Leaf nitrogen content"	"Leaf nitrogen content per dry mass (Nmass)"^^<http://www.w3.org/2001/XMLSchema#string>	2.42	<http://qudt.org/vocab/unit/PERCENT>	"%"^^<http://www.w3.org/2001/XMLSchema#string>
<http://www.wikidata.org/entity/Q146149>	"Fagus sylvatica"^^<http://www.w3.org/2001/XMLSchema#string>	"Leaf nitrogen content"	"Leaf nitrogen content per dry mass (Nmass)"^^<http://www.w3.org/2001/XMLSchema#string>	2.43	<http://qudt.org/vocab/unit/PERCENT>	"%"^^<http://www.w3.org/2001/XMLSchema#string>
<http://www.wikidata.org/entity/Q146149>	"Fagus sylvatica"^^<http://www.w3.org/2001/XMLSchema#string>	"Leaf nitrogen content"	"Leaf nitrogen content per dry mass (Nmass)"^^<http://www.w3.org/2001/XMLSchema#string>	2.538	<http://qudt.org/vocab/unit/PERCENT>	"%"^^<http://www.w3.org/2001/XMLSchema#string>
<http://www.wikidata.org/entity/Q146149>	"Fagus sylvatica"^^<http://www.w3.org/2001/XMLSchema#string>	"Leaf nitrogen content"	"Leaf nitrogen content per dry mass (Nmass)"^^<http://www.w3.org/2001/XMLSchema#string>	2.954	<http://qudt.org/vocab/unit/PERCENT>	"%"^^<http://www.w3.org/2001/XMLSchema#string>
<http://www.wikidata.org/entity/Q146149>	"Fagus sylvatica"^^<http://www.w3.org/2001/XMLSchema#string>	"Leaf nitrogen content"	"Leaf nitrogen content per dry mass (Nmass)"^^<http://www.w3.org/2001/XMLSchema#string>	2.63	<http://qudt.org/vocab/unit/PERCENT>	"%"^^<http://www.w3.org/2001/XMLSchema#string>
<http://www.wikidata.org/entity/Q146149>	"Fagus sylvatica"^^<http://www.w3.org/2001/XMLSchema#string>	"Leaf nitrogen content"	"Leaf nitrogen content per dry mass (Nmass)"^^<http://www.w3.org/2001/XMLSchema#string>	26.0	<http://qudt.org/vocab/unit/MilliGM-PER-GM>	"mg g-1"^^<http://www.w3.org/2001/XMLSchema#string>
<http://www.wikidata.org/entity/Q146149>	"Fagus sylvatica"^^<http://www.w3.org/2001/XMLSchema#string>	"Leaf nitrogen content"	"Leaf nitrogen content per dry mass (Nmass)"^^<http://www.w3.org/2001/XMLSchema#string>	1.786	<http://qudt.org/vocab/unit/PERCENT>	"%"^^<http://www.w3.org/2001/XMLSchema#string>
<http://www.wikidata.org/entity/Q146149>	"Fagus sylvatica"^^<http://www.w3.org/2001/XMLSchema#string>	"Leaf nitrogen content"	"Leaf nitrogen content per dry mass (Nmass)"^^<http://www.w3.org/2001/XMLSchema#string>	1.873	<http://qudt.org/vocab/unit/PERCENT>	"%"^^<http://www.w3.org/2001/XMLSchema#string>
<http://www.wikidata.org/entity/Q146149>	"Fagus sylvatica"^^<http://www.w3.org/2001/XMLSchema#string>	"Leaf nitrogen content"	"Leaf nitrogen content per dry mass (Nmass)"^^<http://www.w3.org/2001/XMLSchema#string>	1.93	<http://qudt.org/vocab/unit/PERCENT>	"%"^^<http://www.w3.org/2001/XMLSchema#string>
<http://www.wikidata.org/entity/Q146149>	"Fagus sylvatica"^^<http://www.w3.org/2001/XMLSchema#string>	"Leaf nitrogen content"	"Leaf nitrogen content per dry mass (Nmass)"^^<http://www.w3.org/2001/XMLSchema#string>	2.15	<http://qudt.org/vocab/unit/PERCENT>	"%"^^<http://www.w3.org/2001/XMLSchema#string>
<http://www.wikidata.org/entity/Q146149>	"Fagus sylvatica"^^<http://www.w3.org/2001/XMLSchema#string>	"Leaf nitrogen content"	"Leaf nitrogen content per dry mass (Nmass)"^^<http://www.w3.org/2001/XMLSchema#string>	2.17	<http://qudt.org/vocab/unit/PERCENT>	"%"^^<http://www.w3.org/2001/XMLSchema#string>
<http://www.wikidata.org/entity/Q146149>	"Fagus sylvatica"^^<http://www.w3.org/2001/XMLSchema#string>	"Leaf nitrogen content"	"Leaf nitrogen content per dry mass (Nmass)"^^<http://www.w3.org/2001/XMLSchema#string>	2.33	<http://qudt.org/vocab/unit/PERCENT>	"%"^^<http://www.w3.org/2001/XMLSchema#string>
<http://www.wikidata.org/entity/Q146149>	"Fagus sylvatica"^^<http://www.w3.org/2001/XMLSchema#string>	"Leaf nitrogen content"	"Leaf nitrogen content per dry mass (Nmass)"^^<http://www.w3.org/2001/XMLSchema#string>	2.352	<http://qudt.org/vocab/unit/PERCENT>	"%"^^<http://www.w3.org/2001/XMLSchema#string>
<http://www.wikidata.org/entity/Q146149>	"Fagus sylvatica"^^<http://www.w3.org/2001/XMLSchema#string>	"Leaf phosphorus content"	"Leaf phosphorus content per dry mass (Pmass)"^^<http://www.w3.org/2001/XMLSchema#string>	0.18	<http://qudt.org/vocab/unit/PERCENT>	"%"^^<http://www.w3.org/2001/XMLSchema#string>
<http://www.wikidata.org/entity/Q146149>	"Fagus sylvatica"^^<http://www.w3.org/2001/XMLSchema#string>	"Leaf phosphorus content"	"Leaf phosphorus content per dry mass (Pmass)"^^<http://www.w3.org/2001/XMLSchema#string>	2000.0	<http://qudt.org/vocab/unit/PPM>	"ppm"^^<http://www.w3.org/2001/XMLSchema#string>
<http://www.wikidata.org/entity/Q146149>	"Fagus sylvatica"^^<http://www.w3.org/2001/XMLSchema#string>	"Leaf phosphorus content"	"Leaf phosphorus content per dry mass (Pmass)"^^<http://www.w3.org/2001/XMLSchema#string>	1100.0	<http://qudt.org/vocab/unit/PPM>	"ppm"^^<http://www.w3.org/2001/XMLSchema#string>
<http://www.wikidata.org/entity/Q146149>	"Fagus sylvatica"^^<http://www.w3.org/2001/XMLSchema#string>	"Specific leaf area"	"SLA: undefined if petiole in- or excluded"^^<http://www.w3.org/2001/XMLSchema#string>	122.9	<http://qudt.org/vocab/unit/CentiM2-PER-GM>	"SLA cm2/g"^^<http://www.w3.org/2001/XMLSchema#string>
<http://www.wikidata.org/entity/Q146149>	"Fagus sylvatica"^^<http://www.w3.org/2001/XMLSchema#string>	"Specific leaf area"	"SLA: undefined if petiole in- or excluded"^^<http://www.w3.org/2001/XMLSchema#string>	85.714	<http://qudt.org/vocab/unit/GM-PER-M2>	"g/m2"^^<http://www.w3.org/2001/XMLSchema#string>
<http://www.wikidata.org/entity/Q146149>	"Fagus sylvatica"^^<http://www.w3.org/2001/XMLSchema#string>	"Specific leaf area"	"SLA: undefined if petiole in- or excluded"^^<http://www.w3.org/2001/XMLSchema#string>	28.57	<http://qudt.org/vocab/unit/M2-PER-KiloGM>	"m2 kg-1"^^<http://www.w3.org/2001/XMLSchema#string>
<http://www.wikidata.org/entity/Q146149>	"Fagus sylvatica"^^<http://www.w3.org/2001/XMLSchema#string>	"Specific leaf area"	"SLA: undefined if petiole in- or excluded"^^<http://www.w3.org/2001/XMLSchema#string>	15.38	<http://qudt.org/vocab/unit/M2-PER-KiloGM>	"m2 kg-1"^^<http://www.w3.org/2001/XMLSchema#string>
<http://www.wikidata.org/entity/Q146149>	"Fagus sylvatica"^^<http://www.w3.org/2001/XMLSchema#string>	"Specific leaf area"	"SLA: undefined if petiole in- or excluded"^^<http://www.w3.org/2001/XMLSchema#string>	153.8	<http://qudt.org/vocab/unit/CentiM2-PER-GM>	"SLA cm2/g"^^<http://www.w3.org/2001/XMLSchema#string>
<http://www.wikidata.org/entity/Q146149>	"Fagus sylvatica"^^<http://www.w3.org/2001/XMLSchema#string>	"Specific leaf area"	"SLA: undefined if petiole in- or excluded"^^<http://www.w3.org/2001/XMLSchema#string>	285.7	<http://qudt.org/vocab/unit/CentiM2-PER-GM>	"SLA cm2/g"^^<http://www.w3.org/2001/XMLSchema#string>
<http://www.wikidata.org/entity/Q146198>	"Sorbus aucuparia"^^<http://www.w3.org/2001/XMLSchema#string>	"Leaf nitrogen content"	"Leaf nitrogen content per dry mass (Nmass)"^^<http://www.w3.org/2001/XMLSchema#string>	1.49	<http://qudt.org/vocab/unit/PERCENT>	"%"^^<http://www.w3.org/2001/XMLSchema#string>
<http://www.wikidata.org/entity/Q146198>	"Sorbus aucuparia"^^<http://www.w3.org/2001/XMLSchema#string>	"Leaf nitrogen content"	"Leaf nitrogen content per dry mass (Nmass)"^^<http://www.w3.org/2001/XMLSchema#string>	2.52	<http://qudt.org/vocab/unit/PERCENT>	"%"^^<http://www.w3.org/2001/XMLSchema#string>
<http://www.wikidata.org/entity/Q146198>	"Sorbus aucuparia"^^<http://www.w3.org/2001/XMLSchema#string>	"Specific leaf area"	"SLA: undefined if petiole in- or excluded"^^<http://www.w3.org/2001/XMLSchema#string>	139.1	<http://qudt.org/vocab/unit/CentiM2-PER-GM>	"SLA cm2/g"^^<http://www.w3.org/2001/XMLSchema#string>
<http://www.wikidata.org/entity/Q146269>	"Populus alba"^^<http://www.w3.org/2001/XMLSchema#string>	"Leaf nitrogen content"	"Leaf nitrogen content per dry mass (Nmass)"^^<http://www.w3.org/2001/XMLSchema#string>	2.35	<http://qudt.org/vocab/unit/PERCENT>	"%"^^<http://www.w3.org/2001/XMLSchema#string>
<http://www.wikidata.org/entity/Q146604>	"Ribes nigrum"^^<http://www.w3.org/2001/XMLSchema#string>	"Specific leaf area"	"SLA: undefined if petiole in- or excluded"^^<http://www.w3.org/2001/XMLSchema#string>	151.0	<http://qudt.org/vocab/unit/CentiM2-PER-GM>	"SLA cm2/g"^^<http://www.w3.org/2001/XMLSchema#string>
<http://www.wikidata.org/entity/Q146684>	"Fragaria vesca"^^<http://www.w3.org/2001/XMLSchema#string>	"Leaf nitrogen content"	"Leaf nitrogen content per dry mass (Nmass)"^^<http://www.w3.org/2001/XMLSchema#string>	1.923387	<http://qudt.org/vocab/unit/PERCENT>	"%"^^<http://www.w3.org/2001/XMLSchema#string>
<http://www.wikidata.org/entity/Q146684>	"Fragaria vesca"^^<http://www.w3.org/2001/XMLSchema#string>	"Leaf nitrogen content"	"Leaf nitrogen content per dry mass (Nmass)"^^<http://www.w3.org/2001/XMLSchema#string>	16.3	<http://qudt.org/vocab/unit/MilliGM-PER-GM>	"(mg g-1)"^^<http://www.w3.org/2001/XMLSchema#string>
<http://www.wikidata.org/entity/Q146684>	"Fragaria vesca"^^<http://www.w3.org/2001/XMLSchema#string>	"Leaf nitrogen content"	"Leaf nitrogen content per dry mass (Nmass)"^^<http://www.w3.org/2001/XMLSchema#string>	1.033	<http://qudt.org/vocab/unit/PERCENT>	"%"^^<http://www.w3.org/2001/XMLSchema#string>
<http://www.wikidata.org/entity/Q146684>	"Fragaria vesca"^^<http://www.w3.org/2001/XMLSchema#string>	"Leaf nitrogen content"	"Leaf nitrogen content per dry mass (Nmass)"^^<http://www.w3.org/2001/XMLSchema#string>	1.455	<http://qudt.org/vocab/unit/PERCENT>	"%"^^<http://www.w3.org/2001/XMLSchema#string>
<http://www.wikidata.org/entity/Q146684>	"Fragaria vesca"^^<http://www.w3.org/2001/XMLSchema#string>	"Leaf nitrogen content"	"Leaf nitrogen content per dry mass (Nmass)"^^<http://www.w3.org/2001/XMLSchema#string>	1.504732	<http://qudt.org/vocab/unit/PERCENT>	"%"^^<http://www.w3.org/2001/XMLSchema#string>
<http://www.wikidata.org/entity/Q146684>	"Fragaria vesca"^^<http://www.w3.org/2001/XMLSchema#string>	"Leaf nitrogen content"	"Leaf nitrogen content per dry mass (Nmass)"^^<http://www.w3.org/2001/XMLSchema#string>	2.108606	<http://qudt.org/vocab/unit/PERCENT>	"%"^^<http://www.w3.org/2001/XMLSchema#string>
<http://www.wikidata.org/entity/Q146684>	"Fragaria vesca"^^<http://www.w3.org/2001/XMLSchema#string>	"Specific leaf area"	"SLA: undefined if petiole in- or excluded"^^<http://www.w3.org/2001/XMLSchema#string>	197.0	<http://qudt.org/vocab/unit/CentiM2-PER-GM>	"SLA cm2/g"^^<http://www.w3.org/2001/XMLSchema#string>
<http://www.wikidata.org/entity/Q146967>	"Vaccinium uliginosum"^^<http://www.w3.org/2001/XMLSchema#string>	"Leaf nitrogen content"	"Leaf nitrogen content per dry mass (Nmass)"^^<http://www.w3.org/2001/XMLSchema#string>	1.66	<http://qudt.org/vocab/unit/PERCENT>	"%"^^<http://www.w3.org/2001/XMLSchema#string>
<http://www.wikidata.org/entity/Q146967>	"Vaccinium uliginosum"^^<http://www.w3.org/2001/XMLSchema#string>	"Leaf nitrogen content"	"Leaf nitrogen content per dry mass (Nmass)"^^<http://www.w3.org/2001/XMLSchema#string>	3.16	<http://qudt.org/vocab/unit/PERCENT>	"%"^^<http://www.w3.org/2001/XMLSchema#string>
<http://www.wikidata.org/entity/Q146967>	"Vaccinium uliginosum"^^<http://www.w3.org/2001/XMLSchema#string>	"Leaf nitrogen content"	"Leaf nitrogen content per dry mass (Nmass)"^^<http://www.w3.org/2001/XMLSchema#string>	2.1	<http://qudt.org/vocab/unit/PERCENT>	"%"^^<http://www.w3.org/2001/XMLSchema#string>
<http://www.wikidata.org/entity/Q146967>	"Vaccinium uliginosum"^^<http://www.w3.org/2001/XMLSchema#string>	"Leaf nitrogen content"	"Leaf nitrogen content per dry mass (Nmass)"^^<http://www.w3.org/2001/XMLSchema#string>	2.08	<http://qudt.org/vocab/unit/PERCENT>	"%"^^<http://www.w3.org/2001/XMLSchema#string>
<http://www.wikidata.org/entity/Q146967>	"Vaccinium uliginosum"^^<http://www.w3.org/2001/XMLSchema#string>	"Leaf nitrogen content"	"Leaf nitrogen content per dry mass (Nmass)"^^<http://www.w3.org/2001/XMLSchema#string>	1.68	<http://qudt.org/vocab/unit/PERCENT>	"%"^^<http://www.w3.org/2001/XMLSchema#string>
<http://www.wikidata.org/entity/Q146967>	"Vaccinium uliginosum"^^<http://www.w3.org/2001/XMLSchema#string>	"Leaf nitrogen content"	"Leaf nitrogen content per dry mass (Nmass)"^^<http://www.w3.org/2001/XMLSchema#string>	1.24	<http://qudt.org/vocab/unit/PERCENT>	"%"^^<http://www.w3.org/2001/XMLSchema#string>
<http://www.wikidata.org/entity/Q146967>	"Vaccinium uliginosum"^^<http://www.w3.org/2001/XMLSchema#string>	"Specific leaf area"	"SLA: undefined if petiole in- or excluded"^^<http://www.w3.org/2001/XMLSchema#string>	116.5	<http://qudt.org/vocab/unit/CentiM2-PER-GM>	"SLA cm2/g"^^<http://www.w3.org/2001/XMLSchema#string>
<http://www.wikidata.org/entity/Q146967>	"Vaccinium uliginosum"^^<http://www.w3.org/2001/XMLSchema#string>	"Specific leaf area"	"SLA: undefined if petiole in- or excluded"^^<http://www.w3.org/2001/XMLSchema#string>	156.8272	<http://qudt.org/vocab/unit/CentiM2-PER-GM>	"SLA cm2/g"^^<http://www.w3.org/2001/XMLSchema#string>
<http://www.wikidata.org/entity/Q147159>	"Vicia cracca"^^<http://www.w3.org/2001/XMLSchema#string>	"Leaf nitrogen content"	"Leaf nitrogen content per dry mass (Nmass)"^^<http://www.w3.org/2001/XMLSchema#string>	4.03	<http://qudt.org/vocab/unit/PERCENT>	"%"^^<http://www.w3.org/2001/XMLSchema#string>
<http://www.wikidata.org/entity/Q147159>	"Vicia cracca"^^<http://www.w3.org/2001/XMLSchema#string>	"Leaf nitrogen content"	"Leaf nitrogen content per dry mass (Nmass)"^^<http://www.w3.org/2001/XMLSchema#string>	40.3	<http://qudt.org/vocab/unit/MilliGM-PER-GM>	"(mg g-1)"^^<http://www.w3.org/2001/XMLSchema#string>
<http://www.wikidata.org/entity/Q147159>	"Vicia cracca"^^<http://www.w3.org/2001/XMLSchema#string>	"Specific leaf area"	"SLA: undefined if petiole in- or excluded"^^<http://www.w3.org/2001/XMLSchema#string>	214.0	<http://qudt.org/vocab/unit/CentiM2-PER-GM>	"SLA cm2/g"^^<http://www.w3.org/2001/XMLSchema#string>
<http://www.wikidata.org/entity/Q147192>	"Caltha palustris"^^<http://www.w3.org/2001/XMLSchema#string>	"Specific leaf area"	"SLA: undefined if petiole in- or excluded"^^<http://www.w3.org/2001/XMLSchema#string>	416.6684	<http://qudt.org/vocab/unit/CentiM2-PER-GM>	"SLA cm2/g"^^<http://www.w3.org/2001/XMLSchema#string>
<http://www.wikidata.org/entity/Q1473991>	"Pimpinella saxifraga"^^<http://www.w3.org/2001/XMLSchema#string>	"Leaf nitrogen content"	"Leaf nitrogen content per dry mass (Nmass)"^^<http://www.w3.org/2001/XMLSchema#string>	21.0	<http://qudt.org/vocab/unit/MilliGM-PER-GM>	"(mg g-1)"^^<http://www.w3.org/2001/XMLSchema#string>
<http://www.wikidata.org/entity/Q1473991>	"Pimpinella saxifraga"^^<http://www.w3.org/2001/XMLSchema#string>	"Specific leaf area"	"SLA: undefined if petiole in- or excluded"^^<http://www.w3.org/2001/XMLSchema#string>	168.0	<http://qudt.org/vocab/unit/CentiM2-PER-GM>	"SLA cm2/g"^^<http://www.w3.org/2001/XMLSchema#string>
<http://www.wikidata.org/entity/Q147417>	"Thuja plicata"^^<http://www.w3.org/2001/XMLSchema#string>	"Leaf phosphorus content"	"Leaf phosphorus content per dry mass (Pmass)"^^<http://www.w3.org/2001/XMLSchema#string>	1300.0	<http://qudt.org/vocab/unit/PPM>	"ppm"^^<http://www.w3.org/2001/XMLSchema#string>
<http://www.wikidata.org/entity/Q147426>	"Picea sitchensis"^^<http://www.w3.org/2001/XMLSchema#string>	"Leaf phosphorus content"	"Leaf phosphorus content per dry mass (Pmass)"^^<http://www.w3.org/2001/XMLSchema#string>	0.105	<http://qudt.org/vocab/unit/PERCENT>	"%"^^<http://www.w3.org/2001/XMLSchema#string>
<http://www.wikidata.org/entity/Q147468>	"Thuja occidentalis"^^<http://www.w3.org/2001/XMLSchema#string>	"Leaf nitrogen content"	"Leaf nitrogen content per dry mass (Nmass)"^^<http://www.w3.org/2001/XMLSchema#string>	3.15	<http://qudt.org/vocab/unit/PERCENT>	"%"^^<http://www.w3.org/2001/XMLSchema#string>
<http://www.wikidata.org/entity/Q147468>	"Thuja occidentalis"^^<http://www.w3.org/2001/XMLSchema#string>	"Leaf nitrogen content"	"Leaf nitrogen content per dry mass (Nmass)"^^<http://www.w3.org/2001/XMLSchema#string>	31.5	<http://qudt.org/vocab/unit/MilliGM-PER-GM>	"mg/g"^^<http://www.w3.org/2001/XMLSchema#string>
<http://www.wikidata.org/entity/Q147498>	"Ulmus glabra"^^<http://www.w3.org/2001/XMLSchema#string>	"Specific leaf area"	"SLA: undefined if petiole in- or excluded"^^<http://www.w3.org/2001/XMLSchema#string>	132.0	<http://qudt.org/vocab/unit/CentiM2-PER-GM>	"SLA cm2/g"^^<http://www.w3.org/2001/XMLSchema#string>
<http://www.wikidata.org/entity/Q147520>	"Typha latifolia"^^<http://www.w3.org/2001/XMLSchema#string>	"Leaf nitrogen content"	"Leaf nitrogen content per dry mass (Nmass)"^^<http://www.w3.org/2001/XMLSchema#string>	0.51	<http://qudt.org/vocab/unit/PERCENT>	"%"^^<http://www.w3.org/2001/XMLSchema#string>
<http://www.wikidata.org/entity/Q147525>	"Quercus rubra"^^<http://www.w3.org/2001/XMLSchema#string>	"Leaf nitrogen content"	"Leaf nitrogen content per dry mass (Nmass)"^^<http://www.w3.org/2001/XMLSchema#string>	2.09	<http://qudt.org/vocab/unit/PERCENT>	"%"^^<http://www.w3.org/2001/XMLSchema#string>
<http://www.wikidata.org/entity/Q147525>	"Quercus rubra"^^<http://www.w3.org/2001/XMLSchema#string>	"Leaf nitrogen content"	"Leaf nitrogen content per dry mass (Nmass)"^^<http://www.w3.org/2001/XMLSchema#string>	2.186844	<http://qudt.org/vocab/unit/PERCENT>	"%"^^<http://www.w3.org/2001/XMLSchema#string>
<http://www.wikidata.org/entity/Q147525>	"Quercus rubra"^^<http://www.w3.org/2001/XMLSchema#string>	"Leaf phosphorus content"	"Leaf phosphorus content per dry mass (Pmass)"^^<http://www.w3.org/2001/XMLSchema#string>	1300.0	<http://qudt.org/vocab/unit/PPM>	"ppm"^^<http://www.w3.org/2001/XMLSchema#string>
<http://www.wikidata.org/entity/Q147707>	"Solanum dulcamara"^^<http://www.w3.org/2001/XMLSchema#string>	"Specific leaf area"	"SLA: undefined if petiole in- or excluded"^^<http://www.w3.org/2001/XMLSchema#string>	374.4	<http://qudt.org/vocab/unit/CentiM2-PER-GM>	"SLA cm2/g"^^<http://www.w3.org/2001/XMLSchema#string>
<http://www.wikidata.org/entity/Q147783>	"Poa pratensis"^^<http://www.w3.org/2001/XMLSchema#string>	"Leaf nitrogen content"	"Leaf nitrogen content per dry mass (Nmass)"^^<http://www.w3.org/2001/XMLSchema#string>	1.19	<http://qudt.org/vocab/unit/PERCENT>	"%"^^<http://www.w3.org/2001/XMLSchema#string>
<http://www.wikidata.org/entity/Q147783>	"Poa pratensis"^^<http://www.w3.org/2001/XMLSchema#string>	"Leaf nitrogen content"	"Leaf nitrogen content per dry mass (Nmass)"^^<http://www.w3.org/2001/XMLSchema#string>	11.9	<http://qudt.org/vocab/unit/MilliGM-PER-GM>	"(mg g-1)"^^<http://www.w3.org/2001/XMLSchema#string>
<http://www.wikidata.org/entity/Q147783>	"Poa pratensis"^^<http://www.w3.org/2001/XMLSchema#string>	"Leaf nitrogen content"	"Leaf nitrogen content per dry mass (Nmass)"^^<http://www.w3.org/2001/XMLSchema#string>	2.295	<http://qudt.org/vocab/unit/PERCENT>	"%"^^<http://www.w3.org/2001/XMLSchema#string>
<http://www.wikidata.org/entity/Q147783>	"Poa pratensis"^^<http://www.w3.org/2001/XMLSchema#string>	"Specific leaf area"	"SLA: undefined if petiole in- or excluded"^^<http://www.w3.org/2001/XMLSchema#string>	159.0	<http://qudt.org/vocab/unit/CentiM2-PER-GM>	"SLA cm2/g"^^<http://www.w3.org/2001/XMLSchema#string>
<http://www.wikidata.org/entity/Q147783>	"Poa pratensis"^^<http://www.w3.org/2001/XMLSchema#string>	"Specific leaf area"	"SLA: undefined if petiole in- or excluded"^^<http://www.w3.org/2001/XMLSchema#string>	283.1	<http://qudt.org/vocab/unit/CentiM2-PER-GM>	"SLA cm2/g"^^<http://www.w3.org/2001/XMLSchema#string>
<http://www.wikidata.org/entity/Q147861>	"Rhamnus cathartica"^^<http://www.w3.org/2001/XMLSchema#string>	"Leaf phosphorus content"	"Leaf phosphorus content per dry mass (Pmass)"^^<http://www.w3.org/2001/XMLSchema#string>	0.175	<http://qudt.org/vocab/unit/PERCENT>	"%"^^<http://www.w3.org/2001/XMLSchema#string>
<http://www.wikidata.org/entity/Q147939>	"Laburnum anagyroides"^^<http://www.w3.org/2001/XMLSchema#string>	"Leaf nitrogen content"	"Leaf nitrogen content per dry mass (Nmass)"^^<http://www.w3.org/2001/XMLSchema#string>	3.301	<http://qudt.org/vocab/unit/PERCENT>	"%"^^<http://www.w3.org/2001/XMLSchema#string>
<http://www.wikidata.org/entity/Q147939>	"Laburnum anagyroides"^^<http://www.w3.org/2001/XMLSchema#string>	"Leaf nitrogen content"	"Leaf nitrogen content per dry mass (Nmass)"^^<http://www.w3.org/2001/XMLSchema#string>	2.562	<http://qudt.org/vocab/unit/PERCENT>	"%"^^<http://www.w3.org/2001/XMLSchema#string>
<http://www.wikidata.org/entity/Q147939>	"Laburnum anagyroides"^^<http://www.w3.org/2001/XMLSchema#string>	"Specific leaf area"	"SLA: undefined if petiole in- or excluded"^^<http://www.w3.org/2001/XMLSchema#string>	178.2	<http://qudt.org/vocab/unit/CentiM2-PER-GM>	"SLA cm2/g"^^<http://www.w3.org/2001/XMLSchema#string>
<http://www.wikidata.org/entity/Q14807863>	"Vitex negundo"^^<http://www.w3.org/2001/XMLSchema#string>	"Leaf nitrogen content"	"Leaf nitrogen content per dry mass (Nmass)"^^<http://www.w3.org/2001/XMLSchema#string>	23.0	<http://qudt.org/vocab/unit/MilliGM-PER-GM>	"mg/g"^^<http://www.w3.org/2001/XMLSchema#string>
<http://www.wikidata.org/entity/Q14807863>	"Vitex negundo"^^<http://www.w3.org/2001/XMLSchema#string>	"Leaf nitrogen content"	"Leaf nitrogen content per dry mass (Nmass)"^^<http://www.w3.org/2001/XMLSchema#string>	2.3	<http://qudt.org/vocab/unit/PERCENT>	"%"^^<http://www.w3.org/2001/XMLSchema#string>
<http://www.wikidata.org/entity/Q14807863>	"Vitex negundo"^^<http://www.w3.org/2001/XMLSchema#string>	"Leaf phosphorus content"	"Leaf phosphorus content per dry mass (Pmass)"^^<http://www.w3.org/2001/XMLSchema#string>	2.02	<http://qudt.org/vocab/unit/MilliGM-PER-GM>	"mg/g"^^<http://www.w3.org/2001/XMLSchema#string>
<http://www.wikidata.org/entity/Q1484110>	"Crepis paludosa"^^<http://www.w3.org/2001/XMLSchema#string>	"Leaf nitrogen content"	"Leaf nitrogen content per dry mass (Nmass)"^^<http://www.w3.org/2001/XMLSchema#string>	2.55	<http://qudt.org/vocab/unit/PERCENT>	"%"^^<http://www.w3.org/2001/XMLSchema#string>
<http://www.wikidata.org/entity/Q148675>	"Trifolium repens"^^<http://www.w3.org/2001/XMLSchema#string>	"Leaf nitrogen content"	"Leaf nitrogen content per dry mass (Nmass)"^^<http://www.w3.org/2001/XMLSchema#string>	4.5	<http://qudt.org/vocab/unit/PERCENT>	"%"^^<http://www.w3.org/2001/XMLSchema#string>
<http://www.wikidata.org/entity/Q148722>	"Cneorum tricoccon"^^<http://www.w3.org/2001/XMLSchema#string>	"Leaf nitrogen content"	"Leaf nitrogen content per dry mass (Nmass)"^^<http://www.w3.org/2001/XMLSchema#string>	2.01	<http://qudt.org/vocab/unit/PERCENT>	"%"^^<http://www.w3.org/2001/XMLSchema#string>
<http://www.wikidata.org/entity/Q1489573>	"Ostrya virginiana"^^<http://www.w3.org/2001/XMLSchema#string>	"Leaf nitrogen content"	"Leaf nitrogen content per dry mass (Nmass)"^^<http://www.w3.org/2001/XMLSchema#string>	2.2	<http://qudt.org/vocab/unit/PERCENT>	"%"^^<http://www.w3.org/2001/XMLSchema#string>
<http://www.wikidata.org/entity/Q148961>	"Filipendula vulgaris"^^<http://www.w3.org/2001/XMLSchema#string>	"Leaf nitrogen content"	"Leaf nitrogen content per dry mass (Nmass)"^^<http://www.w3.org/2001/XMLSchema#string>	21.2	<http://qudt.org/vocab/unit/MilliGM-PER-GM>	"(mg g-1)"^^<http://www.w3.org/2001/XMLSchema#string>
<http://www.wikidata.org/entity/Q148961>	"Filipendula vulgaris"^^<http://www.w3.org/2001/XMLSchema#string>	"Specific leaf area"	"SLA: undefined if petiole in- or excluded"^^<http://www.w3.org/2001/XMLSchema#string>	179.0	<http://qudt.org/vocab/unit/CentiM2-PER-GM>	"SLA cm2/g"^^<http://www.w3.org/2001/XMLSchema#string>
<http://www.wikidata.org/entity/Q148986>	"Rhus typhina"^^<http://www.w3.org/2001/XMLSchema#string>	"Leaf nitrogen content"	"Leaf nitrogen content per dry mass (Nmass)"^^<http://www.w3.org/2001/XMLSchema#string>	3.1	<http://qudt.org/vocab/unit/PERCENT>	"%"^^<http://www.w3.org/2001/XMLSchema#string>
<http://www.wikidata.org/entity/Q149219>	"Fagus grandifolia"^^<http://www.w3.org/2001/XMLSchema#string>	"Leaf nitrogen content"	"Leaf nitrogen content per dry mass (Nmass)"^^<http://www.w3.org/2001/XMLSchema#string>	2.1	<http://qudt.org/vocab/unit/PERCENT>	"%"^^<http://www.w3.org/2001/XMLSchema#string>
<http://www.wikidata.org/entity/Q149219>	"Fagus grandifolia"^^<http://www.w3.org/2001/XMLSchema#string>	"Leaf nitrogen content"	"Leaf nitrogen content per dry mass (Nmass)"^^<http://www.w3.org/2001/XMLSchema#string>	2.13	<http://qudt.org/vocab/unit/PERCENT>	"%"^^<http://www.w3.org/2001/XMLSchema#string>
<http://www.wikidata.org/entity/Q149219>	"Fagus grandifolia"^^<http://www.w3.org/2001/XMLSchema#string>	"Leaf nitrogen content"	"Leaf nitrogen content per dry mass (Nmass)"^^<http://www.w3.org/2001/XMLSchema#string>	2.38	<http://qudt.org/vocab/unit/PERCENT>	"%"^^<http://www.w3.org/2001/XMLSchema#string>
<http://www.wikidata.org/entity/Q149219>	"Fagus grandifolia"^^<http://www.w3.org/2001/XMLSchema#string>	"Leaf nitrogen content"	"Leaf nitrogen content per dry mass (Nmass)"^^<http://www.w3.org/2001/XMLSchema#string>	2.487	<http://qudt.org/vocab/unit/PERCENT>	"%"^^<http://www.w3.org/2001/XMLSchema#string>
<http://www.wikidata.org/entity/Q149219>	"Fagus grandifolia"^^<http://www.w3.org/2001/XMLSchema#string>	"Leaf nitrogen content"	"Leaf nitrogen content per dry mass (Nmass)"^^<http://www.w3.org/2001/XMLSchema#string>	24.87	<http://qudt.org/vocab/unit/MilliGM-PER-GM>	"mg/g dry mass"^^<http://www.w3.org/2001/XMLSchema#string>
<http://www.wikidata.org/entity/Q149219>	"Fagus grandifolia"^^<http://www.w3.org/2001/XMLSchema#string>	"Leaf nitrogen content"	"Leaf nitrogen content per dry mass (Nmass)"^^<http://www.w3.org/2001/XMLSchema#string>	1.03	<http://qudt.org/vocab/unit/PERCENT>	"%"^^<http://www.w3.org/2001/XMLSchema#string>
<http://www.wikidata.org/entity/Q149319>	"Populus deltoides"^^<http://www.w3.org/2001/XMLSchema#string>	"Leaf nitrogen content"	"Leaf nitrogen content per dry mass (Nmass)"^^<http://www.w3.org/2001/XMLSchema#string>	2.4	<http://qudt.org/vocab/unit/PERCENT>	"%"^^<http://www.w3.org/2001/XMLSchema#string>
<http://www.wikidata.org/entity/Q149319>	"Populus deltoides"^^<http://www.w3.org/2001/XMLSchema#string>	"Leaf nitrogen content"	"Leaf nitrogen content per dry mass (Nmass)"^^<http://www.w3.org/2001/XMLSchema#string>	2.41	<http://qudt.org/vocab/unit/PERCENT>	"%"^^<http://www.w3.org/2001/XMLSchema#string>
<http://www.wikidata.org/entity/Q149319>	"Populus deltoides"^^<http://www.w3.org/2001/XMLSchema#string>	"Leaf phosphorus content"	"Leaf phosphorus content per dry mass (Pmass)"^^<http://www.w3.org/2001/XMLSchema#string>	1800.0	<http://qudt.org/vocab/unit/PPM>	"ppm"^^<http://www.w3.org/2001/XMLSchema#string>
<http://www.wikidata.org/entity/Q149319>	"Populus deltoides"^^<http://www.w3.org/2001/XMLSchema#string>	"Leaf phosphorus content"	"Leaf phosphorus content per dry mass (Pmass)"^^<http://www.w3.org/2001/XMLSchema#string>	2100.0	<http://qudt.org/vocab/unit/PPM>	"ppm"^^<http://www.w3.org/2001/XMLSchema#string>
<http://www.wikidata.org/entity/Q149319>	"Populus deltoides"^^<http://www.w3.org/2001/XMLSchema#string>	"Leaf phosphorus content"	"Leaf phosphorus content per dry mass (Pmass)"^^<http://www.w3.org/2001/XMLSchema#string>	2000.0	<http://qudt.org/vocab/unit/PPM>	"ppm"^^<http://www.w3.org/2001/XMLSchema#string>
<http://www.wikidata.org/entity/Q149319>	"Populus deltoides"^^<http://www.w3.org/2001/XMLSchema#string>	"Leaf phosphorus content"	"Leaf phosphorus content per dry mass (Pmass)"^^<http://www.w3.org/2001/XMLSchema#string>	1700.0	<http://qudt.org/vocab/unit/PPM>	"ppm"^^<http://www.w3.org/2001/XMLSchema#string>
<http://www.wikidata.org/entity/Q149367>	"Euphorbia amygdaloides"^^<http://www.w3.org/2001/XMLSchema#string>	"Leaf nitrogen content"	"Leaf nitrogen content per dry mass (Nmass)"^^<http://www.w3.org/2001/XMLSchema#string>	2.807851	<http://qudt.org/vocab/unit/PERCENT>	"%"^^<http://www.w3.org/2001/XMLSchema#string>
<http://www.wikidata.org/entity/Q149421>	"Helleborus foetidus"^^<http://www.w3.org/2001/XMLSchema#string>	"Leaf nitrogen content"	"Leaf nitrogen content per dry mass (Nmass)"^^<http://www.w3.org/2001/XMLSchema#string>	1.66	<http://qudt.org/vocab/unit/PERCENT>	"%"^^<http://www.w3.org/2001/XMLSchema#string>
<http://www.wikidata.org/entity/Q149471>	"Populus balsamifera"^^<http://www.w3.org/2001/XMLSchema#string>	"Leaf nitrogen content"	"Leaf nitrogen content per dry mass (Nmass)"^^<http://www.w3.org/2001/XMLSchema#string>	1.9	<http://qudt.org/vocab/unit/PERCENT>	"%"^^<http://www.w3.org/2001/XMLSchema#string>
<http://www.wikidata.org/entity/Q149485>	"Ribes spicatum"^^<http://www.w3.org/2001/XMLSchema#string>	"Specific leaf area"	"SLA: undefined if petiole in- or excluded"^^<http://www.w3.org/2001/XMLSchema#string>	299.6812	<http://qudt.org/vocab/unit/CentiM2-PER-GM>	"SLA cm2/g"^^<http://www.w3.org/2001/XMLSchema#string>
<http://www.wikidata.org/entity/Q149739>	"Burkea africana"^^<http://www.w3.org/2001/XMLSchema#string>	"Leaf nitrogen content"	"Leaf nitrogen content per dry mass (Nmass)"^^<http://www.w3.org/2001/XMLSchema#string>	2.24	<http://qudt.org/vocab/unit/PERCENT>	"%"^^<http://www.w3.org/2001/XMLSchema#string>
<http://www.wikidata.org/entity/Q1499241>	"Betula alleghaniensis"^^<http://www.w3.org/2001/XMLSchema#string>	"Leaf nitrogen content"	"Leaf nitrogen content per dry mass (Nmass)"^^<http://www.w3.org/2001/XMLSchema#string>	3.11	<http://qudt.org/vocab/unit/PERCENT>	"%"^^<http://www.w3.org/2001/XMLSchema#string>
<http://www.wikidata.org/entity/Q1499241>	"Betula alleghaniensis"^^<http://www.w3.org/2001/XMLSchema#string>	"Leaf nitrogen content"	"Leaf nitrogen content per dry mass (Nmass)"^^<http://www.w3.org/2001/XMLSchema#string>	3.62	<http://qudt.org/vocab/unit/PERCENT>	"%"^^<http://www.w3.org/2001/XMLSchema#string>
<http://www.wikidata.org/entity/Q1499241>	"Betula alleghaniensis"^^<http://www.w3.org/2001/XMLSchema#string>	"Leaf nitrogen content"	"Leaf nitrogen content per dry mass (Nmass)"^^<http://www.w3.org/2001/XMLSchema#string>	36.2	<http://qudt.org/vocab/unit/MilliGM-PER-GM>	"mg/g"^^<http://www.w3.org/2001/XMLSchema#string>
<http://www.wikidata.org/entity/Q1499241>	"Betula alleghaniensis"^^<http://www.w3.org/2001/XMLSchema#string>	"Leaf nitrogen content"	"Leaf nitrogen content per dry mass (Nmass)"^^<http://www.w3.org/2001/XMLSchema#string>	0.925	<http://qudt.org/vocab/unit/PERCENT>	"%"^^<http://www.w3.org/2001/XMLSchema#string>
<http://www.wikidata.org/entity/Q1499241>	"Betula alleghaniensis"^^<http://www.w3.org/2001/XMLSchema#string>	"Leaf nitrogen content"	"Leaf nitrogen content per dry mass (Nmass)"^^<http://www.w3.org/2001/XMLSchema#string>	2.95	<http://qudt.org/vocab/unit/PERCENT>	"%"^^<http://www.w3.org/2001/XMLSchema#string>
<http://www.wikidata.org/entity/Q1499241>	"Betula alleghaniensis"^^<http://www.w3.org/2001/XMLSchema#string>	"Leaf nitrogen content"	"Leaf nitrogen content per dry mass (Nmass)"^^<http://www.w3.org/2001/XMLSchema#string>	2.68	<http://qudt.org/vocab/unit/PERCENT>	"%"^^<http://www.w3.org/2001/XMLSchema#string>
<http://www.wikidata.org/entity/Q1499241>	"Betula alleghaniensis"^^<http://www.w3.org/2001/XMLSchema#string>	"Leaf nitrogen content"	"Leaf nitrogen content per dry mass (Nmass)"^^<http://www.w3.org/2001/XMLSchema#string>	2.66	<http://qudt.org/vocab/unit/PERCENT>	"%"^^<http://www.w3.org/2001/XMLSchema#string>
<http://www.wikidata.org/entity/Q1499241>	"Betula alleghaniensis"^^<http://www.w3.org/2001/XMLSchema#string>	"Leaf nitrogen content"	"Leaf nitrogen content per dry mass (Nmass)"^^<http://www.w3.org/2001/XMLSchema#string>	2.51	<http://qudt.org/vocab/unit/PERCENT>	"%"^^<http://www.w3.org/2001/XMLSchema#string>
<http://www.wikidata.org/entity/Q1499241>	"Betula alleghaniensis"^^<http://www.w3.org/2001/XMLSchema#string>	"Leaf nitrogen content"	"Leaf nitrogen content per dry mass (Nmass)"^^<http://www.w3.org/2001/XMLSchema#string>	2.25	<http://qudt.org/vocab/unit/PERCENT>	"%"^^<http://www.w3.org/2001/XMLSchema#string>
<http://www.wikidata.org/entity/Q1499241>	"Betula alleghaniensis"^^<http://www.w3.org/2001/XMLSchema#string>	"Leaf nitrogen content"	"Leaf nitrogen content per dry mass (Nmass)"^^<http://www.w3.org/2001/XMLSchema#string>	0.98	<http://qudt.org/vocab/unit/PERCENT>	"%"^^<http://www.w3.org/2001/XMLSchema#string>
<http://www.wikidata.org/entity/Q1499241>	"Betula alleghaniensis"^^<http://www.w3.org/2001/XMLSchema#string>	"Leaf phosphorus content"	"Leaf phosphorus content per dry mass (Pmass)"^^<http://www.w3.org/2001/XMLSchema#string>	1700.0	<http://qudt.org/vocab/unit/PPM>	"ppm"^^<http://www.w3.org/2001/XMLSchema#string>
<http://www.wikidata.org/entity/Q1499241>	"Betula alleghaniensis"^^<http://www.w3.org/2001/XMLSchema#string>	"Leaf phosphorus content"	"Leaf phosphorus content per dry mass (Pmass)"^^<http://www.w3.org/2001/XMLSchema#string>	0.17	<http://qudt.org/vocab/unit/PERCENT>	"%"^^<http://www.w3.org/2001/XMLSchema#string>
<http://www.wikidata.org/entity/Q150129>	"Sequoia sempervirens"^^<http://www.w3.org/2001/XMLSchema#string>	"Leaf nitrogen content"	"Leaf nitrogen content per dry mass (Nmass)"^^<http://www.w3.org/2001/XMLSchema#string>	1.0	<http://qudt.org/vocab/unit/PERCENT>	"%"^^<http://www.w3.org/2001/XMLSchema#string>
<http://www.wikidata.org/entity/Q150129>	"Sequoia sempervirens"^^<http://www.w3.org/2001/XMLSchema#string>	"Leaf nitrogen content"	"Leaf nitrogen content per dry mass (Nmass)"^^<http://www.w3.org/2001/XMLSchema#string>	1.05	<http://qudt.org/vocab/unit/PERCENT>	"%"^^<http://www.w3.org/2001/XMLSchema#string>
<http://www.wikidata.org/entity/Q150129>	"Sequoia sempervirens"^^<http://www.w3.org/2001/XMLSchema#string>	"Leaf nitrogen content"	"Leaf nitrogen content per dry mass (Nmass)"^^<http://www.w3.org/2001/XMLSchema#string>	1.09	<http://qudt.org/vocab/unit/PERCENT>	"%"^^<http://www.w3.org/2001/XMLSchema#string>
<http://www.wikidata.org/entity/Q151074>	"Senna artemisioides"^^<http://www.w3.org/2001/XMLSchema#string>	"Leaf phosphorus content"	"Leaf phosphorus content per dry mass (Pmass)"^^<http://www.w3.org/2001/XMLSchema#string>	0.079	<http://qudt.org/vocab/unit/PERCENT>	"%"^^<http://www.w3.org/2001/XMLSchema#string>
<http://www.wikidata.org/entity/Q151074>	"Senna artemisioides"^^<http://www.w3.org/2001/XMLSchema#string>	"Leaf phosphorus content"	"Leaf phosphorus content per dry mass (Pmass)"^^<http://www.w3.org/2001/XMLSchema#string>	0.085	<http://qudt.org/vocab/unit/PERCENT>	"%"^^<http://www.w3.org/2001/XMLSchema#string>
<http://www.wikidata.org/entity/Q151439>	"Picris hieracioides"^^<http://www.w3.org/2001/XMLSchema#string>	"Leaf nitrogen content"	"Leaf nitrogen content per dry mass (Nmass)"^^<http://www.w3.org/2001/XMLSchema#string>	1.583	<http://qudt.org/vocab/unit/PERCENT>	"%"^^<http://www.w3.org/2001/XMLSchema#string>
<http://www.wikidata.org/entity/Q1520125>	"Abies sachalinensis"^^<http://www.w3.org/2001/XMLSchema#string>	"Leaf nitrogen content"	"Leaf nitrogen content per dry mass (Nmass)"^^<http://www.w3.org/2001/XMLSchema#string>	10.49619	<http://qudt.org/vocab/unit/MilliGM-PER-GM>	"mg/g"^^<http://www.w3.org/2001/XMLSchema#string>
<http://www.wikidata.org/entity/Q15230768>	"Ajania tenuifolia"^^<http://www.w3.org/2001/XMLSchema#string>	"Leaf nitrogen content"	"Leaf nitrogen content per dry mass (Nmass)"^^<http://www.w3.org/2001/XMLSchema#string>	2.553333	<http://qudt.org/vocab/unit/PERCENT>	"%"^^<http://www.w3.org/2001/XMLSchema#string>
<http://www.wikidata.org/entity/Q15230768>	"Ajania tenuifolia"^^<http://www.w3.org/2001/XMLSchema#string>	"Leaf phosphorus content"	"Leaf phosphorus content per dry mass (Pmass)"^^<http://www.w3.org/2001/XMLSchema#string>	0.06050985	<http://qudt.org/vocab/unit/PERCENT>	"%"^^<http://www.w3.org/2001/XMLSchema#string>
<http://www.wikidata.org/entity/Q15245574>	"Castanopsis tibetana"^^<http://www.w3.org/2001/XMLSchema#string>	"Leaf phosphorus content"	"Leaf phosphorus content per dry mass (Pmass)"^^<http://www.w3.org/2001/XMLSchema#string>	0.45	<http://qudt.org/vocab/unit/MilliGM-PER-GM>	"mg/g"^^<http://www.w3.org/2001/XMLSchema#string>
<http://www.wikidata.org/entity/Q15247455>	"Smilax hypoglauca"^^<http://www.w3.org/2001/XMLSchema#string>	"Leaf nitrogen content"	"Leaf nitrogen content per dry mass (Nmass)"^^<http://www.w3.org/2001/XMLSchema#string>	1.96	<http://qudt.org/vocab/unit/PERCENT>	"%"^^<http://www.w3.org/2001/XMLSchema#string>
<http://www.wikidata.org/entity/Q15248518>	"Alseodaphne petiolaris"^^<http://www.w3.org/2001/XMLSchema#string>	"Leaf nitrogen content"	"Leaf nitrogen content per dry mass (Nmass)"^^<http://www.w3.org/2001/XMLSchema#string>	1.78	<http://qudt.org/vocab/unit/PERCENT>	"%"^^<http://www.w3.org/2001/XMLSchema#string>
<http://www.wikidata.org/entity/Q15248820>	"Ranunculus tanguticus"^^<http://www.w3.org/2001/XMLSchema#string>	"Leaf nitrogen content"	"Leaf nitrogen content per dry mass (Nmass)"^^<http://www.w3.org/2001/XMLSchema#string>	1.703333	<http://qudt.org/vocab/unit/PERCENT>	"%"^^<http://www.w3.org/2001/XMLSchema#string>
<http://www.wikidata.org/entity/Q15248820>	"Ranunculus tanguticus"^^<http://www.w3.org/2001/XMLSchema#string>	"Leaf phosphorus content"	"Leaf phosphorus content per dry mass (Pmass)"^^<http://www.w3.org/2001/XMLSchema#string>	0.09275329	<http://qudt.org/vocab/unit/PERCENT>	"%"^^<http://www.w3.org/2001/XMLSchema#string>
<http://www.wikidata.org/entity/Q15250595>	"Symplocos cochinchinensis"^^<http://www.w3.org/2001/XMLSchema#string>	"Leaf phosphorus content"	"Leaf phosphorus content per dry mass (Pmass)"^^<http://www.w3.org/2001/XMLSchema#string>	0.08	<http://qudt.org/vocab/unit/PERCENT>	"%"^^<http://www.w3.org/2001/XMLSchema#string>
<http://www.wikidata.org/entity/Q15251998>	"Pteris actiniopteroides"^^<http://www.w3.org/2001/XMLSchema#string>	"Leaf nitrogen content"	"Leaf nitrogen content per dry mass (Nmass)"^^<http://www.w3.org/2001/XMLSchema#string>	16.5	<http://qudt.org/vocab/unit/MilliGM-PER-GM>	"mg/g"^^<http://www.w3.org/2001/XMLSchema#string>
<http://www.wikidata.org/entity/Q15251998>	"Pteris actiniopteroides"^^<http://www.w3.org/2001/XMLSchema#string>	"Leaf phosphorus content"	"Leaf phosphorus content per dry mass (Pmass)"^^<http://www.w3.org/2001/XMLSchema#string>	0.8	<http://qudt.org/vocab/unit/MilliGM-PER-GM>	"mg/g"^^<http://www.w3.org/2001/XMLSchema#string>
<http://www.wikidata.org/entity/Q15287991>	"Acer pictum"^^<http://www.w3.org/2001/XMLSchema#string>	"Leaf nitrogen content"	"Leaf nitrogen content per dry mass (Nmass)"^^<http://www.w3.org/2001/XMLSchema#string>	1.42	<http://qudt.org/vocab/unit/PERCENT>	"%"^^<http://www.w3.org/2001/XMLSchema#string>
<http://www.wikidata.org/entity/Q15287991>	"Acer pictum"^^<http://www.w3.org/2001/XMLSchema#string>	"Specific leaf area"	"SLA: undefined if petiole in- or excluded"^^<http://www.w3.org/2001/XMLSchema#string>	257.5992	<http://qudt.org/vocab/unit/CentiM2-PER-GM>	"SLA cm2/g"^^<http://www.w3.org/2001/XMLSchema#string>
<http://www.wikidata.org/entity/Q15289327>	"Acacia wilhelmiana"^^<http://www.w3.org/2001/XMLSchema#string>	"Leaf phosphorus content"	"Leaf phosphorus content per dry mass (Pmass)"^^<http://www.w3.org/2001/XMLSchema#string>	0.073	<http://qudt.org/vocab/unit/PERCENT>	"%"^^<http://www.w3.org/2001/XMLSchema#string>
<http://www.wikidata.org/entity/Q15313856>	"Ecclinusa guianensis"^^<http://www.w3.org/2001/XMLSchema#string>	"Leaf nitrogen content"	"Leaf nitrogen content per dry mass (Nmass)"^^<http://www.w3.org/2001/XMLSchema#string>	1.31	<http://qudt.org/vocab/unit/PERCENT>	"%"^^<http://www.w3.org/2001/XMLSchema#string>
<http://www.wikidata.org/entity/Q15318774>	"Anthurium hacumense"^^<http://www.w3.org/2001/XMLSchema#string>	"Leaf nitrogen content"	"Leaf nitrogen content per dry mass (Nmass)"^^<http://www.w3.org/2001/XMLSchema#string>	1.1	<http://qudt.org/vocab/unit/PERCENT>	"%"^^<http://www.w3.org/2001/XMLSchema#string>
<http://www.wikidata.org/entity/Q15318854>	"Anthurium friedrichsthalii"^^<http://www.w3.org/2001/XMLSchema#string>	"Leaf nitrogen content"	"Leaf nitrogen content per dry mass (Nmass)"^^<http://www.w3.org/2001/XMLSchema#string>	1.11	<http://qudt.org/vocab/unit/PERCENT>	"%"^^<http://www.w3.org/2001/XMLSchema#string>
<http://www.wikidata.org/entity/Q15320150>	"Elaphoglossum herminieri"^^<http://www.w3.org/2001/XMLSchema#string>	"Leaf nitrogen content"	"Leaf nitrogen content per dry mass (Nmass)"^^<http://www.w3.org/2001/XMLSchema#string>	0.73	<http://qudt.org/vocab/unit/PERCENT>	"%"^^<http://www.w3.org/2001/XMLSchema#string>
<http://www.wikidata.org/entity/Q15321905>	"Ardisia ambigua"^^<http://www.w3.org/2001/XMLSchema#string>	"Leaf nitrogen content"	"Leaf nitrogen content per dry mass (Nmass)"^^<http://www.w3.org/2001/XMLSchema#string>	1.3	<http://qudt.org/vocab/unit/PERCENT>	"%"^^<http://www.w3.org/2001/XMLSchema#string>
<http://www.wikidata.org/entity/Q15328170>	"Erisma uncinatum"^^<http://www.w3.org/2001/XMLSchema#string>	"Leaf nitrogen content"	"Leaf nitrogen content per dry mass (Nmass)"^^<http://www.w3.org/2001/XMLSchema#string>	3.01	<http://qudt.org/vocab/unit/PERCENT>	"%"^^<http://www.w3.org/2001/XMLSchema#string>
<http://www.wikidata.org/entity/Q15328170>	"Erisma uncinatum"^^<http://www.w3.org/2001/XMLSchema#string>	"Leaf nitrogen content"	"Leaf nitrogen content per dry mass (Nmass)"^^<http://www.w3.org/2001/XMLSchema#string>	1.38	<http://qudt.org/vocab/unit/PERCENT>	"%"^^<http://www.w3.org/2001/XMLSchema#string>
<http://www.wikidata.org/entity/Q15328170>	"Erisma uncinatum"^^<http://www.w3.org/2001/XMLSchema#string>	"Leaf nitrogen content"	"Leaf nitrogen content per dry mass (Nmass)"^^<http://www.w3.org/2001/XMLSchema#string>	1.24	<http://qudt.org/vocab/unit/PERCENT>	"%"^^<http://www.w3.org/2001/XMLSchema#string>
<http://www.wikidata.org/entity/Q15328170>	"Erisma uncinatum"^^<http://www.w3.org/2001/XMLSchema#string>	"Leaf nitrogen content"	"Leaf nitrogen content per dry mass (Nmass)"^^<http://www.w3.org/2001/XMLSchema#string>	1.08	<http://qudt.org/vocab/unit/PERCENT>	"%"^^<http://www.w3.org/2001/XMLSchema#string>
<http://www.wikidata.org/entity/Q15328604>	"Pouteria macrophylla"^^<http://www.w3.org/2001/XMLSchema#string>	"Leaf nitrogen content"	"Leaf nitrogen content per dry mass (Nmass)"^^<http://www.w3.org/2001/XMLSchema#string>	1.88	<http://qudt.org/vocab/unit/PERCENT>	"%"^^<http://www.w3.org/2001/XMLSchema#string>
<http://www.wikidata.org/entity/Q15328604>	"Pouteria macrophylla"^^<http://www.w3.org/2001/XMLSchema#string>	"Leaf nitrogen content"	"Leaf nitrogen content per dry mass (Nmass)"^^<http://www.w3.org/2001/XMLSchema#string>	1.87	<http://qudt.org/vocab/unit/PERCENT>	"%"^^<http://www.w3.org/2001/XMLSchema#string>
<http://www.wikidata.org/entity/Q15332055>	"Vochysia thyrsoidea"^^<http://www.w3.org/2001/XMLSchema#string>	"Leaf nitrogen content"	"Leaf nitrogen content per dry mass (Nmass)"^^<http://www.w3.org/2001/XMLSchema#string>	1.06	<http://qudt.org/vocab/unit/PERCENT>	"%"^^<http://www.w3.org/2001/XMLSchema#string>
<http://www.wikidata.org/entity/Q15332055>	"Vochysia thyrsoidea"^^<http://www.w3.org/2001/XMLSchema#string>	"Leaf nitrogen content"	"Leaf nitrogen content per dry mass (Nmass)"^^<http://www.w3.org/2001/XMLSchema#string>	0.96	<http://qudt.org/vocab/unit/PERCENT>	"%"^^<http://www.w3.org/2001/XMLSchema#string>
<http://www.wikidata.org/entity/Q15336214>	"Qualea multiflora"^^<http://www.w3.org/2001/XMLSchema#string>	"Leaf nitrogen content"	"Leaf nitrogen content per dry mass (Nmass)"^^<http://www.w3.org/2001/XMLSchema#string>	1.49	<http://qudt.org/vocab/unit/PERCENT>	"%"^^<http://www.w3.org/2001/XMLSchema#string>
<http://www.wikidata.org/entity/Q15336563>	"Qualea grandiflora"^^<http://www.w3.org/2001/XMLSchema#string>	"Leaf nitrogen content"	"Leaf nitrogen content per dry mass (Nmass)"^^<http://www.w3.org/2001/XMLSchema#string>	1.14	<http://qudt.org/vocab/unit/PERCENT>	"%"^^<http://www.w3.org/2001/XMLSchema#string>
<http://www.wikidata.org/entity/Q15336563>	"Qualea grandiflora"^^<http://www.w3.org/2001/XMLSchema#string>	"Leaf nitrogen content"	"Leaf nitrogen content per dry mass (Nmass)"^^<http://www.w3.org/2001/XMLSchema#string>	1.25	<http://qudt.org/vocab/unit/PERCENT>	"%"^^<http://www.w3.org/2001/XMLSchema#string>
<http://www.wikidata.org/entity/Q15336563>	"Qualea grandiflora"^^<http://www.w3.org/2001/XMLSchema#string>	"Leaf nitrogen content"	"Leaf nitrogen content per dry mass (Nmass)"^^<http://www.w3.org/2001/XMLSchema#string>	1.11	<http://qudt.org/vocab/unit/PERCENT>	"%"^^<http://www.w3.org/2001/XMLSchema#string>
<http://www.wikidata.org/entity/Q15336649>	"Qualea parviflora"^^<http://www.w3.org/2001/XMLSchema#string>	"Leaf nitrogen content"	"Leaf nitrogen content per dry mass (Nmass)"^^<http://www.w3.org/2001/XMLSchema#string>	1.36	<http://qudt.org/vocab/unit/PERCENT>	"%"^^<http://www.w3.org/2001/XMLSchema#string>
<http://www.wikidata.org/entity/Q15336649>	"Qualea parviflora"^^<http://www.w3.org/2001/XMLSchema#string>	"Leaf nitrogen content"	"Leaf nitrogen content per dry mass (Nmass)"^^<http://www.w3.org/2001/XMLSchema#string>	1.19	<http://qudt.org/vocab/unit/PERCENT>	"%"^^<http://www.w3.org/2001/XMLSchema#string>
<http://www.wikidata.org/entity/Q15336649>	"Qualea parviflora"^^<http://www.w3.org/2001/XMLSchema#string>	"Leaf phosphorus content"	"Leaf phosphorus content per dry mass (Pmass)"^^<http://www.w3.org/2001/XMLSchema#string>	0.07857143	<http://qudt.org/vocab/unit/PERCENT>	"%"^^<http://www.w3.org/2001/XMLSchema#string>
<http://www.wikidata.org/entity/Q15336649>	"Qualea parviflora"^^<http://www.w3.org/2001/XMLSchema#string>	"Leaf phosphorus content"	"Leaf phosphorus content per dry mass (Pmass)"^^<http://www.w3.org/2001/XMLSchema#string>	0.08571429	<http://qudt.org/vocab/unit/PERCENT>	"%"^^<http://www.w3.org/2001/XMLSchema#string>
<http://www.wikidata.org/entity/Q15337195>	"Myrsine coriacea"^^<http://www.w3.org/2001/XMLSchema#string>	"Leaf nitrogen content"	"Leaf nitrogen content per dry mass (Nmass)"^^<http://www.w3.org/2001/XMLSchema#string>	2.44	<http://qudt.org/vocab/unit/PERCENT>	"%"^^<http://www.w3.org/2001/XMLSchema#string>
<http://www.wikidata.org/entity/Q15337195>	"Myrsine coriacea"^^<http://www.w3.org/2001/XMLSchema#string>	"Leaf phosphorus content"	"Leaf phosphorus content per dry mass (Pmass)"^^<http://www.w3.org/2001/XMLSchema#string>	0.1	<http://qudt.org/vocab/unit/PERCENT>	"%"^^<http://www.w3.org/2001/XMLSchema#string>
<http://www.wikidata.org/entity/Q15347400>	"Pelargonium praemorsum"^^<http://www.w3.org/2001/XMLSchema#string>	"Leaf nitrogen content"	"Leaf nitrogen content per dry mass (Nmass)"^^<http://www.w3.org/2001/XMLSchema#string>	2.55	<http://qudt.org/vocab/unit/PERCENT>	"%"^^<http://www.w3.org/2001/XMLSchema#string>
<http://www.wikidata.org/entity/Q15347754>	"Pelargonium betulinum"^^<http://www.w3.org/2001/XMLSchema#string>	"Leaf nitrogen content"	"Leaf nitrogen content per dry mass (Nmass)"^^<http://www.w3.org/2001/XMLSchema#string>	1.1	<http://qudt.org/vocab/unit/PERCENT>	"%"^^<http://www.w3.org/2001/XMLSchema#string>
<http://www.wikidata.org/entity/Q15347754>	"Pelargonium betulinum"^^<http://www.w3.org/2001/XMLSchema#string>	"Leaf nitrogen content"	"Leaf nitrogen content per dry mass (Nmass)"^^<http://www.w3.org/2001/XMLSchema#string>	0.81	<http://qudt.org/vocab/unit/PERCENT>	"%"^^<http://www.w3.org/2001/XMLSchema#string>
<http://www.wikidata.org/entity/Q1534893>	"Ulmus rubra"^^<http://www.w3.org/2001/XMLSchema#string>	"Leaf nitrogen content"	"Leaf nitrogen content per dry mass (Nmass)"^^<http://www.w3.org/2001/XMLSchema#string>	2.5	<http://qudt.org/vocab/unit/PERCENT>	"%"^^<http://www.w3.org/2001/XMLSchema#string>
<http://www.wikidata.org/entity/Q15352550>	"Clinopodium alpinum"^^<http://www.w3.org/2001/XMLSchema#string>	"Leaf nitrogen content"	"Leaf nitrogen content per dry mass (Nmass)"^^<http://www.w3.org/2001/XMLSchema#string>	1.799	<http://qudt.org/vocab/unit/PERCENT>	"%"^^<http://www.w3.org/2001/XMLSchema#string>
<http://www.wikidata.org/entity/Q15354124>	"Licania canescens"^^<http://www.w3.org/2001/XMLSchema#string>	"Leaf phosphorus content"	"Leaf phosphorus content per dry mass (Pmass)"^^<http://www.w3.org/2001/XMLSchema#string>	0.038	<http://qudt.org/vocab/unit/PERCENT>	"%"^^<http://www.w3.org/2001/XMLSchema#string>
<http://www.wikidata.org/entity/Q15354124>	"Licania canescens"^^<http://www.w3.org/2001/XMLSchema#string>	"Leaf phosphorus content"	"Leaf phosphorus content per dry mass (Pmass)"^^<http://www.w3.org/2001/XMLSchema#string>	0.00038	<http://qudt.org/vocab/unit/GM-PER-GM>	"g/g"^^<http://www.w3.org/2001/XMLSchema#string>
<http://www.wikidata.org/entity/Q15354837>	"Eucalyptus pruinosa"^^<http://www.w3.org/2001/XMLSchema#string>	"Leaf nitrogen content"	"Leaf nitrogen content per dry mass (Nmass)"^^<http://www.w3.org/2001/XMLSchema#string>	1.325	<http://qudt.org/vocab/unit/PERCENT>	"%"^^<http://www.w3.org/2001/XMLSchema#string>
<http://www.wikidata.org/entity/Q15354988>	"Licania membranacea"^^<http://www.w3.org/2001/XMLSchema#string>	"Leaf nitrogen content"	"Leaf nitrogen content per dry mass (Nmass)"^^<http://www.w3.org/2001/XMLSchema#string>	1.72	<http://qudt.org/vocab/unit/PERCENT>	"%"^^<http://www.w3.org/2001/XMLSchema#string>
<http://www.wikidata.org/entity/Q15354988>	"Licania membranacea"^^<http://www.w3.org/2001/XMLSchema#string>	"Leaf nitrogen content"	"Leaf nitrogen content per dry mass (Nmass)"^^<http://www.w3.org/2001/XMLSchema#string>	1.71	<http://qudt.org/vocab/unit/PERCENT>	"%"^^<http://www.w3.org/2001/XMLSchema#string>
<http://www.wikidata.org/entity/Q15354988>	"Licania membranacea"^^<http://www.w3.org/2001/XMLSchema#string>	"Leaf nitrogen content"	"Leaf nitrogen content per dry mass (Nmass)"^^<http://www.w3.org/2001/XMLSchema#string>	1.68	<http://qudt.org/vocab/unit/PERCENT>	"%"^^<http://www.w3.org/2001/XMLSchema#string>
<http://www.wikidata.org/entity/Q15354988>	"Licania membranacea"^^<http://www.w3.org/2001/XMLSchema#string>	"Leaf nitrogen content"	"Leaf nitrogen content per dry mass (Nmass)"^^<http://www.w3.org/2001/XMLSchema#string>	1.64	<http://qudt.org/vocab/unit/PERCENT>	"%"^^<http://www.w3.org/2001/XMLSchema#string>
<http://www.wikidata.org/entity/Q15355829>	"Eucalyptus socialis"^^<http://www.w3.org/2001/XMLSchema#string>	"Leaf nitrogen content"	"Leaf nitrogen content per dry mass (Nmass)"^^<http://www.w3.org/2001/XMLSchema#string>	1.218196	<http://qudt.org/vocab/unit/PERCENT>	"%"^^<http://www.w3.org/2001/XMLSchema#string>
<http://www.wikidata.org/entity/Q15355829>	"Eucalyptus socialis"^^<http://www.w3.org/2001/XMLSchema#string>	"Specific leaf area"	"SLA: undefined if petiole in- or excluded"^^<http://www.w3.org/2001/XMLSchema#string>	360.0	<http://qudt.org/vocab/unit/GM-PER-M2>	"g/m2"^^<http://www.w3.org/2001/XMLSchema#string>
<http://www.wikidata.org/entity/Q15355829>	"Eucalyptus socialis"^^<http://www.w3.org/2001/XMLSchema#string>	"Specific leaf area"	"SLA: undefined if petiole in- or excluded"^^<http://www.w3.org/2001/XMLSchema#string>	357.1429	<http://qudt.org/vocab/unit/GM-PER-M2>	"g/m2"^^<http://www.w3.org/2001/XMLSchema#string>
<http://www.wikidata.org/entity/Q15356330>	"Duguetia echinophora"^^<http://www.w3.org/2001/XMLSchema#string>	"Leaf nitrogen content"	"Leaf nitrogen content per dry mass (Nmass)"^^<http://www.w3.org/2001/XMLSchema#string>	3.13	<http://qudt.org/vocab/unit/PERCENT>	"%"^^<http://www.w3.org/2001/XMLSchema#string>
<http://www.wikidata.org/entity/Q15356330>	"Duguetia echinophora"^^<http://www.w3.org/2001/XMLSchema#string>	"Leaf nitrogen content"	"Leaf nitrogen content per dry mass (Nmass)"^^<http://www.w3.org/2001/XMLSchema#string>	3.21	<http://qudt.org/vocab/unit/PERCENT>	"%"^^<http://www.w3.org/2001/XMLSchema#string>
<http://www.wikidata.org/entity/Q15358727>	"Brachychiton megaphyllus"^^<http://www.w3.org/2001/XMLSchema#string>	"Leaf phosphorus content"	"Leaf phosphorus content per dry mass (Pmass)"^^<http://www.w3.org/2001/XMLSchema#string>	0.127	<http://qudt.org/vocab/unit/PERCENT>	"%"^^<http://www.w3.org/2001/XMLSchema#string>
<http://www.wikidata.org/entity/Q15359859>	"Eugenia florida"^^<http://www.w3.org/2001/XMLSchema#string>	"Leaf nitrogen content"	"Leaf nitrogen content per dry mass (Nmass)"^^<http://www.w3.org/2001/XMLSchema#string>	1.5	<http://qudt.org/vocab/unit/PERCENT>	"%"^^<http://www.w3.org/2001/XMLSchema#string>
<http://www.wikidata.org/entity/Q15360453>	"Cavanillesia hylogeiton"^^<http://www.w3.org/2001/XMLSchema#string>	"Leaf nitrogen content"	"Leaf nitrogen content per dry mass (Nmass)"^^<http://www.w3.org/2001/XMLSchema#string>	2.8	<http://qudt.org/vocab/unit/PERCENT>	"%"^^<http://www.w3.org/2001/XMLSchema#string>
<http://www.wikidata.org/entity/Q15360561>	"Macaranga winkleri"^^<http://www.w3.org/2001/XMLSchema#string>	"Leaf nitrogen content"	"Leaf nitrogen content per dry mass (Nmass)"^^<http://www.w3.org/2001/XMLSchema#string>	0.02655	<http://qudt.org/vocab/unit/KiloGM-PER-KiloGM>	"kg/kg"^^<http://www.w3.org/2001/XMLSchema#string>
<http://www.wikidata.org/entity/Q15361578>	"Mallotus nesophilus"^^<http://www.w3.org/2001/XMLSchema#string>	"Leaf phosphorus content"	"Leaf phosphorus content per dry mass (Pmass)"^^<http://www.w3.org/2001/XMLSchema#string>	0.147	<http://qudt.org/vocab/unit/PERCENT>	"%"^^<http://www.w3.org/2001/XMLSchema#string>
<http://www.wikidata.org/entity/Q1536249>	"Luetkea pectinata"^^<http://www.w3.org/2001/XMLSchema#string>	"Leaf nitrogen content"	"Leaf nitrogen content per dry mass (Nmass)"^^<http://www.w3.org/2001/XMLSchema#string>	0.932	<http://qudt.org/vocab/unit/PERCENT>	"%"^^<http://www.w3.org/2001/XMLSchema#string>
<http://www.wikidata.org/entity/Q1536353>	"Populus grandidentata"^^<http://www.w3.org/2001/XMLSchema#string>	"Leaf nitrogen content"	"Leaf nitrogen content per dry mass (Nmass)"^^<http://www.w3.org/2001/XMLSchema#string>	2.5	<http://qudt.org/vocab/unit/PERCENT>	"%"^^<http://www.w3.org/2001/XMLSchema#string>
<http://www.wikidata.org/entity/Q15364734>	"Marila laxiflora"^^<http://www.w3.org/2001/XMLSchema#string>	"Specific leaf area"	"SLA: petiole  excluded"^^<http://www.w3.org/2001/XMLSchema#string>	22.81538	<http://qudt.org/vocab/unit/M2-PER-KiloGM>	"m2 kg-1"^^<http://www.w3.org/2001/XMLSchema#string>
<http://www.wikidata.org/entity/Q15366405>	"Micrandra sprucei"^^<http://www.w3.org/2001/XMLSchema#string>	"Leaf nitrogen content"	"Leaf nitrogen content per dry mass (Nmass)"^^<http://www.w3.org/2001/XMLSchema#string>	1.12	<http://qudt.org/vocab/unit/PERCENT>	"%"^^<http://www.w3.org/2001/XMLSchema#string>
<http://www.wikidata.org/entity/Q15366405>	"Micrandra sprucei"^^<http://www.w3.org/2001/XMLSchema#string>	"Leaf nitrogen content"	"Leaf nitrogen content per dry mass (Nmass)"^^<http://www.w3.org/2001/XMLSchema#string>	1.11	<http://qudt.org/vocab/unit/PERCENT>	"%"^^<http://www.w3.org/2001/XMLSchema#string>
<http://www.wikidata.org/entity/Q15366405>	"Micrandra sprucei"^^<http://www.w3.org/2001/XMLSchema#string>	"Leaf nitrogen content"	"Leaf nitrogen content per dry mass (Nmass)"^^<http://www.w3.org/2001/XMLSchema#string>	1.1	<http://qudt.org/vocab/unit/PERCENT>	"%"^^<http://www.w3.org/2001/XMLSchema#string>
<http://www.wikidata.org/entity/Q15366405>	"Micrandra sprucei"^^<http://www.w3.org/2001/XMLSchema#string>	"Leaf nitrogen content"	"Leaf nitrogen content per dry mass (Nmass)"^^<http://www.w3.org/2001/XMLSchema#string>	0.99	<http://qudt.org/vocab/unit/PERCENT>	"%"^^<http://www.w3.org/2001/XMLSchema#string>
<http://www.wikidata.org/entity/Q15366405>	"Micrandra sprucei"^^<http://www.w3.org/2001/XMLSchema#string>	"Leaf nitrogen content"	"Leaf nitrogen content per dry mass (Nmass)"^^<http://www.w3.org/2001/XMLSchema#string>	0.98	<http://qudt.org/vocab/unit/PERCENT>	"%"^^<http://www.w3.org/2001/XMLSchema#string>
<http://www.wikidata.org/entity/Q15366405>	"Micrandra sprucei"^^<http://www.w3.org/2001/XMLSchema#string>	"Leaf nitrogen content"	"Leaf nitrogen content per dry mass (Nmass)"^^<http://www.w3.org/2001/XMLSchema#string>	0.96	<http://qudt.org/vocab/unit/PERCENT>	"%"^^<http://www.w3.org/2001/XMLSchema#string>
<http://www.wikidata.org/entity/Q15366405>	"Micrandra sprucei"^^<http://www.w3.org/2001/XMLSchema#string>	"Leaf nitrogen content"	"Leaf nitrogen content per dry mass (Nmass)"^^<http://www.w3.org/2001/XMLSchema#string>	0.94	<http://qudt.org/vocab/unit/PERCENT>	"%"^^<http://www.w3.org/2001/XMLSchema#string>
<http://www.wikidata.org/entity/Q15366405>	"Micrandra sprucei"^^<http://www.w3.org/2001/XMLSchema#string>	"Leaf nitrogen content"	"Leaf nitrogen content per dry mass (Nmass)"^^<http://www.w3.org/2001/XMLSchema#string>	0.93	<http://qudt.org/vocab/unit/PERCENT>	"%"^^<http://www.w3.org/2001/XMLSchema#string>
<http://www.wikidata.org/entity/Q15366405>	"Micrandra sprucei"^^<http://www.w3.org/2001/XMLSchema#string>	"Leaf nitrogen content"	"Leaf nitrogen content per dry mass (Nmass)"^^<http://www.w3.org/2001/XMLSchema#string>	0.89	<http://qudt.org/vocab/unit/PERCENT>	"%"^^<http://www.w3.org/2001/XMLSchema#string>
<http://www.wikidata.org/entity/Q15366405>	"Micrandra sprucei"^^<http://www.w3.org/2001/XMLSchema#string>	"Leaf phosphorus content"	"Leaf phosphorus content per dry mass (Pmass)"^^<http://www.w3.org/2001/XMLSchema#string>	0.08	<http://qudt.org/vocab/unit/PERCENT>	"%"^^<http://www.w3.org/2001/XMLSchema#string>
<http://www.wikidata.org/entity/Q15367126>	"Eriotheca pubescens"^^<http://www.w3.org/2001/XMLSchema#string>	"Leaf nitrogen content"	"Leaf nitrogen content per dry mass (Nmass)"^^<http://www.w3.org/2001/XMLSchema#string>	0.9	<http://qudt.org/vocab/unit/PERCENT>	"%"^^<http://www.w3.org/2001/XMLSchema#string>
<http://www.wikidata.org/entity/Q15367126>	"Eriotheca pubescens"^^<http://www.w3.org/2001/XMLSchema#string>	"Leaf nitrogen content"	"Leaf nitrogen content per dry mass (Nmass)"^^<http://www.w3.org/2001/XMLSchema#string>	1.09	<http://qudt.org/vocab/unit/PERCENT>	"%"^^<http://www.w3.org/2001/XMLSchema#string>
<http://www.wikidata.org/entity/Q15367126>	"Eriotheca pubescens"^^<http://www.w3.org/2001/XMLSchema#string>	"Leaf nitrogen content"	"Leaf nitrogen content per dry mass (Nmass)"^^<http://www.w3.org/2001/XMLSchema#string>	1.19	<http://qudt.org/vocab/unit/PERCENT>	"%"^^<http://www.w3.org/2001/XMLSchema#string>
<http://www.wikidata.org/entity/Q15367126>	"Eriotheca pubescens"^^<http://www.w3.org/2001/XMLSchema#string>	"Leaf nitrogen content"	"Leaf nitrogen content per dry mass (Nmass)"^^<http://www.w3.org/2001/XMLSchema#string>	1.39	<http://qudt.org/vocab/unit/PERCENT>	"%"^^<http://www.w3.org/2001/XMLSchema#string>
<http://www.wikidata.org/entity/Q15367126>	"Eriotheca pubescens"^^<http://www.w3.org/2001/XMLSchema#string>	"Leaf nitrogen content"	"Leaf nitrogen content per dry mass (Nmass)"^^<http://www.w3.org/2001/XMLSchema#string>	1.4	<http://qudt.org/vocab/unit/PERCENT>	"%"^^<http://www.w3.org/2001/XMLSchema#string>
<http://www.wikidata.org/entity/Q15367126>	"Eriotheca pubescens"^^<http://www.w3.org/2001/XMLSchema#string>	"Leaf phosphorus content"	"Leaf phosphorus content per dry mass (Pmass)"^^<http://www.w3.org/2001/XMLSchema#string>	0.054	<http://qudt.org/vocab/unit/PERCENT>	"%"^^<http://www.w3.org/2001/XMLSchema#string>
<http://www.wikidata.org/entity/Q15371228>	"Petalostigma quadriloculare"^^<http://www.w3.org/2001/XMLSchema#string>	"Leaf nitrogen content"	"Leaf nitrogen content per dry mass (Nmass)"^^<http://www.w3.org/2001/XMLSchema#string>	0.688	<http://qudt.org/vocab/unit/PERCENT>	"%"^^<http://www.w3.org/2001/XMLSchema#string>
<http://www.wikidata.org/entity/Q15376059>	"Erythroxylum daphnites"^^<http://www.w3.org/2001/XMLSchema#string>	"Leaf nitrogen content"	"Leaf nitrogen content per dry mass (Nmass)"^^<http://www.w3.org/2001/XMLSchema#string>	1.93	<http://qudt.org/vocab/unit/PERCENT>	"%"^^<http://www.w3.org/2001/XMLSchema#string>
<http://www.wikidata.org/entity/Q15376224>	"Carya alba"^^<http://www.w3.org/2001/XMLSchema#string>	"Leaf phosphorus content"	"Leaf phosphorus content per dry mass (Pmass)"^^<http://www.w3.org/2001/XMLSchema#string>	0.1	<http://qudt.org/vocab/unit/PERCENT>	"%"^^<http://www.w3.org/2001/XMLSchema#string>
<http://www.wikidata.org/entity/Q15377770>	"Erythroxylum suberosum"^^<http://www.w3.org/2001/XMLSchema#string>	"Leaf nitrogen content"	"Leaf nitrogen content per dry mass (Nmass)"^^<http://www.w3.org/2001/XMLSchema#string>	1.88	<http://qudt.org/vocab/unit/PERCENT>	"%"^^<http://www.w3.org/2001/XMLSchema#string>
<http://www.wikidata.org/entity/Q15378350>	"Sapium glandulosum"^^<http://www.w3.org/2001/XMLSchema#string>	"Leaf nitrogen content"	"Leaf nitrogen content per dry mass (Nmass)"^^<http://www.w3.org/2001/XMLSchema#string>	3.0	<http://qudt.org/vocab/unit/PERCENT>	"%"^^<http://www.w3.org/2001/XMLSchema#string>
<http://www.wikidata.org/entity/Q15379854>	"Pachira humilis"^^<http://www.w3.org/2001/XMLSchema#string>	"Leaf nitrogen content"	"Leaf nitrogen content per dry mass (Nmass)"^^<http://www.w3.org/2001/XMLSchema#string>	0.68	<http://qudt.org/vocab/unit/PERCENT>	"%"^^<http://www.w3.org/2001/XMLSchema#string>
<http://www.wikidata.org/entity/Q15379854>	"Pachira humilis"^^<http://www.w3.org/2001/XMLSchema#string>	"Leaf nitrogen content"	"Leaf nitrogen content per dry mass (Nmass)"^^<http://www.w3.org/2001/XMLSchema#string>	1.02	<http://qudt.org/vocab/unit/PERCENT>	"%"^^<http://www.w3.org/2001/XMLSchema#string>
<http://www.wikidata.org/entity/Q15379854>	"Pachira humilis"^^<http://www.w3.org/2001/XMLSchema#string>	"Leaf phosphorus content"	"Leaf phosphorus content per dry mass (Pmass)"^^<http://www.w3.org/2001/XMLSchema#string>	0.09	<http://qudt.org/vocab/unit/PERCENT>	"%"^^<http://www.w3.org/2001/XMLSchema#string>
<http://www.wikidata.org/entity/Q15381584>	"Scleronema micranthum"^^<http://www.w3.org/2001/XMLSchema#string>	"Leaf nitrogen content"	"Leaf nitrogen content per dry mass (Nmass)"^^<http://www.w3.org/2001/XMLSchema#string>	1.76	<http://qudt.org/vocab/unit/PERCENT>	"%"^^<http://www.w3.org/2001/XMLSchema#string>
<http://www.wikidata.org/entity/Q15381584>	"Scleronema micranthum"^^<http://www.w3.org/2001/XMLSchema#string>	"Leaf nitrogen content"	"Leaf nitrogen content per dry mass (Nmass)"^^<http://www.w3.org/2001/XMLSchema#string>	1.98	<http://qudt.org/vocab/unit/PERCENT>	"%"^^<http://www.w3.org/2001/XMLSchema#string>
<http://www.wikidata.org/entity/Q15381584>	"Scleronema micranthum"^^<http://www.w3.org/2001/XMLSchema#string>	"Leaf phosphorus content"	"Leaf phosphorus content per dry mass (Pmass)"^^<http://www.w3.org/2001/XMLSchema#string>	0.088	<http://qudt.org/vocab/unit/PERCENT>	"%"^^<http://www.w3.org/2001/XMLSchema#string>
<http://www.wikidata.org/entity/Q15381584>	"Scleronema micranthum"^^<http://www.w3.org/2001/XMLSchema#string>	"Leaf phosphorus content"	"Leaf phosphorus content per dry mass (Pmass)"^^<http://www.w3.org/2001/XMLSchema#string>	0.057	<http://qudt.org/vocab/unit/PERCENT>	"%"^^<http://www.w3.org/2001/XMLSchema#string>
<http://www.wikidata.org/entity/Q15384680>	"Aparisthmium cordatum"^^<http://www.w3.org/2001/XMLSchema#string>	"Leaf nitrogen content"	"Leaf nitrogen content per dry mass (Nmass)"^^<http://www.w3.org/2001/XMLSchema#string>	2.77	<http://qudt.org/vocab/unit/PERCENT>	"%"^^<http://www.w3.org/2001/XMLSchema#string>
<http://www.wikidata.org/entity/Q15385929>	"Theobroma speciosum"^^<http://www.w3.org/2001/XMLSchema#string>	"Specific leaf area"	"SLA: undefined if petiole in- or excluded"^^<http://www.w3.org/2001/XMLSchema#string>	22.22222	<http://qudt.org/vocab/unit/M2-PER-KiloGM>	"m2/kg"^^<http://www.w3.org/2001/XMLSchema#string>
<http://www.wikidata.org/entity/Q15385929>	"Theobroma speciosum"^^<http://www.w3.org/2001/XMLSchema#string>	"Specific leaf area"	"SLA: undefined if petiole in- or excluded"^^<http://www.w3.org/2001/XMLSchema#string>	23.80952	<http://qudt.org/vocab/unit/M2-PER-KiloGM>	"m2/kg"^^<http://www.w3.org/2001/XMLSchema#string>
<http://www.wikidata.org/entity/Q15385929>	"Theobroma speciosum"^^<http://www.w3.org/2001/XMLSchema#string>	"Specific leaf area"	"SLA: undefined if petiole in- or excluded"^^<http://www.w3.org/2001/XMLSchema#string>	28.57143	<http://qudt.org/vocab/unit/M2-PER-KiloGM>	"m2/kg"^^<http://www.w3.org/2001/XMLSchema#string>
<http://www.wikidata.org/entity/Q15385929>	"Theobroma speciosum"^^<http://www.w3.org/2001/XMLSchema#string>	"Specific leaf area"	"SLA: undefined if petiole in- or excluded"^^<http://www.w3.org/2001/XMLSchema#string>	31.25	<http://qudt.org/vocab/unit/M2-PER-KiloGM>	"m2/kg"^^<http://www.w3.org/2001/XMLSchema#string>
<http://www.wikidata.org/entity/Q15385929>	"Theobroma speciosum"^^<http://www.w3.org/2001/XMLSchema#string>	"Specific leaf area"	"SLA: undefined if petiole in- or excluded"^^<http://www.w3.org/2001/XMLSchema#string>	33.33333	<http://qudt.org/vocab/unit/M2-PER-KiloGM>	"m2/kg"^^<http://www.w3.org/2001/XMLSchema#string>
<http://www.wikidata.org/entity/Q15386455>	"Byrsonima pachyphylla"^^<http://www.w3.org/2001/XMLSchema#string>	"Leaf nitrogen content"	"Leaf nitrogen content per dry mass (Nmass)"^^<http://www.w3.org/2001/XMLSchema#string>	1.21	<http://qudt.org/vocab/unit/PERCENT>	"%"^^<http://www.w3.org/2001/XMLSchema#string>
<http://www.wikidata.org/entity/Q15386455>	"Byrsonima pachyphylla"^^<http://www.w3.org/2001/XMLSchema#string>	"Leaf nitrogen content"	"Leaf nitrogen content per dry mass (Nmass)"^^<http://www.w3.org/2001/XMLSchema#string>	0.97	<http://qudt.org/vocab/unit/PERCENT>	"%"^^<http://www.w3.org/2001/XMLSchema#string>
<http://www.wikidata.org/entity/Q15386455>	"Byrsonima pachyphylla"^^<http://www.w3.org/2001/XMLSchema#string>	"Leaf nitrogen content"	"Leaf nitrogen content per dry mass (Nmass)"^^<http://www.w3.org/2001/XMLSchema#string>	1.05	<http://qudt.org/vocab/unit/PERCENT>	"%"^^<http://www.w3.org/2001/XMLSchema#string>
<http://www.wikidata.org/entity/Q15386926>	"Byrsonima laxiflora"^^<http://www.w3.org/2001/XMLSchema#string>	"Leaf phosphorus content"	"Leaf phosphorus content per dry mass (Pmass)"^^<http://www.w3.org/2001/XMLSchema#string>	0.05714286	<http://qudt.org/vocab/unit/PERCENT>	"%"^^<http://www.w3.org/2001/XMLSchema#string>
<http://www.wikidata.org/entity/Q15387235>	"Caraipa heterocarpa"^^<http://www.w3.org/2001/XMLSchema#string>	"Leaf nitrogen content"	"Leaf nitrogen content per dry mass (Nmass)"^^<http://www.w3.org/2001/XMLSchema#string>	1.16	<http://qudt.org/vocab/unit/PERCENT>	"%"^^<http://www.w3.org/2001/XMLSchema#string>
<http://www.wikidata.org/entity/Q15387235>	"Caraipa heterocarpa"^^<http://www.w3.org/2001/XMLSchema#string>	"Leaf nitrogen content"	"Leaf nitrogen content per dry mass (Nmass)"^^<http://www.w3.org/2001/XMLSchema#string>	1.19	<http://qudt.org/vocab/unit/PERCENT>	"%"^^<http://www.w3.org/2001/XMLSchema#string>
<http://www.wikidata.org/entity/Q15387235>	"Caraipa heterocarpa"^^<http://www.w3.org/2001/XMLSchema#string>	"Leaf nitrogen content"	"Leaf nitrogen content per dry mass (Nmass)"^^<http://www.w3.org/2001/XMLSchema#string>	1.15	<http://qudt.org/vocab/unit/PERCENT>	"%"^^<http://www.w3.org/2001/XMLSchema#string>
<http://www.wikidata.org/entity/Q15387235>	"Caraipa heterocarpa"^^<http://www.w3.org/2001/XMLSchema#string>	"Leaf nitrogen content"	"Leaf nitrogen content per dry mass (Nmass)"^^<http://www.w3.org/2001/XMLSchema#string>	1.13	<http://qudt.org/vocab/unit/PERCENT>	"%"^^<http://www.w3.org/2001/XMLSchema#string>
<http://www.wikidata.org/entity/Q15387235>	"Caraipa heterocarpa"^^<http://www.w3.org/2001/XMLSchema#string>	"Leaf nitrogen content"	"Leaf nitrogen content per dry mass (Nmass)"^^<http://www.w3.org/2001/XMLSchema#string>	1.12	<http://qudt.org/vocab/unit/PERCENT>	"%"^^<http://www.w3.org/2001/XMLSchema#string>
<http://www.wikidata.org/entity/Q15387235>	"Caraipa heterocarpa"^^<http://www.w3.org/2001/XMLSchema#string>	"Leaf nitrogen content"	"Leaf nitrogen content per dry mass (Nmass)"^^<http://www.w3.org/2001/XMLSchema#string>	1.08	<http://qudt.org/vocab/unit/PERCENT>	"%"^^<http://www.w3.org/2001/XMLSchema#string>
<http://www.wikidata.org/entity/Q15387235>	"Caraipa heterocarpa"^^<http://www.w3.org/2001/XMLSchema#string>	"Leaf nitrogen content"	"Leaf nitrogen content per dry mass (Nmass)"^^<http://www.w3.org/2001/XMLSchema#string>	1.06	<http://qudt.org/vocab/unit/PERCENT>	"%"^^<http://www.w3.org/2001/XMLSchema#string>
<http://www.wikidata.org/entity/Q15387235>	"Caraipa heterocarpa"^^<http://www.w3.org/2001/XMLSchema#string>	"Leaf nitrogen content"	"Leaf nitrogen content per dry mass (Nmass)"^^<http://www.w3.org/2001/XMLSchema#string>	1.02	<http://qudt.org/vocab/unit/PERCENT>	"%"^^<http://www.w3.org/2001/XMLSchema#string>
<http://www.wikidata.org/entity/Q15387235>	"Caraipa heterocarpa"^^<http://www.w3.org/2001/XMLSchema#string>	"Leaf nitrogen content"	"Leaf nitrogen content per dry mass (Nmass)"^^<http://www.w3.org/2001/XMLSchema#string>	1.01	<http://qudt.org/vocab/unit/PERCENT>	"%"^^<http://www.w3.org/2001/XMLSchema#string>
<http://www.wikidata.org/entity/Q15387235>	"Caraipa heterocarpa"^^<http://www.w3.org/2001/XMLSchema#string>	"Leaf nitrogen content"	"Leaf nitrogen content per dry mass (Nmass)"^^<http://www.w3.org/2001/XMLSchema#string>	0.97	<http://qudt.org/vocab/unit/PERCENT>	"%"^^<http://www.w3.org/2001/XMLSchema#string>
<http://www.wikidata.org/entity/Q15387235>	"Caraipa heterocarpa"^^<http://www.w3.org/2001/XMLSchema#string>	"Leaf nitrogen content"	"Leaf nitrogen content per dry mass (Nmass)"^^<http://www.w3.org/2001/XMLSchema#string>	0.94	<http://qudt.org/vocab/unit/PERCENT>	"%"^^<http://www.w3.org/2001/XMLSchema#string>
<http://www.wikidata.org/entity/Q15387235>	"Caraipa heterocarpa"^^<http://www.w3.org/2001/XMLSchema#string>	"Leaf phosphorus content"	"Leaf phosphorus content per dry mass (Pmass)"^^<http://www.w3.org/2001/XMLSchema#string>	700.0	<http://qudt.org/vocab/unit/PPM>	"ppm"^^<http://www.w3.org/2001/XMLSchema#string>
<http://www.wikidata.org/entity/Q15387235>	"Caraipa heterocarpa"^^<http://www.w3.org/2001/XMLSchema#string>	"Leaf phosphorus content"	"Leaf phosphorus content per dry mass (Pmass)"^^<http://www.w3.org/2001/XMLSchema#string>	700.0	<http://qudt.org/vocab/unit/MicroGM-PER-GM>	"micro g(P)/g(DM)"^^<http://www.w3.org/2001/XMLSchema#string>
<http://www.wikidata.org/entity/Q15387235>	"Caraipa heterocarpa"^^<http://www.w3.org/2001/XMLSchema#string>	"Leaf phosphorus content"	"Leaf phosphorus content per dry mass (Pmass)"^^<http://www.w3.org/2001/XMLSchema#string>	0.09	<http://qudt.org/vocab/unit/PERCENT>	"%"^^<http://www.w3.org/2001/XMLSchema#string>
<http://www.wikidata.org/entity/Q15387235>	"Caraipa heterocarpa"^^<http://www.w3.org/2001/XMLSchema#string>	"Leaf phosphorus content"	"Leaf phosphorus content per dry mass (Pmass)"^^<http://www.w3.org/2001/XMLSchema#string>	0.06	<http://qudt.org/vocab/unit/PERCENT>	"%"^^<http://www.w3.org/2001/XMLSchema#string>
<http://www.wikidata.org/entity/Q15388458>	"Clidemia sericea"^^<http://www.w3.org/2001/XMLSchema#string>	"Leaf nitrogen content"	"Leaf nitrogen content per dry mass (Nmass)"^^<http://www.w3.org/2001/XMLSchema#string>	1.76	<http://qudt.org/vocab/unit/PERCENT>	"%"^^<http://www.w3.org/2001/XMLSchema#string>
<http://www.wikidata.org/entity/Q15388458>	"Clidemia sericea"^^<http://www.w3.org/2001/XMLSchema#string>	"Leaf nitrogen content"	"Leaf nitrogen content per dry mass (Nmass)"^^<http://www.w3.org/2001/XMLSchema#string>	1.65	<http://qudt.org/vocab/unit/PERCENT>	"%"^^<http://www.w3.org/2001/XMLSchema#string>
<http://www.wikidata.org/entity/Q15388458>	"Clidemia sericea"^^<http://www.w3.org/2001/XMLSchema#string>	"Leaf nitrogen content"	"Leaf nitrogen content per dry mass (Nmass)"^^<http://www.w3.org/2001/XMLSchema#string>	2.12	<http://qudt.org/vocab/unit/PERCENT>	"%"^^<http://www.w3.org/2001/XMLSchema#string>
<http://www.wikidata.org/entity/Q15388458>	"Clidemia sericea"^^<http://www.w3.org/2001/XMLSchema#string>	"Leaf nitrogen content"	"Leaf nitrogen content per dry mass (Nmass)"^^<http://www.w3.org/2001/XMLSchema#string>	1.56	<http://qudt.org/vocab/unit/PERCENT>	"%"^^<http://www.w3.org/2001/XMLSchema#string>
<http://www.wikidata.org/entity/Q15388458>	"Clidemia sericea"^^<http://www.w3.org/2001/XMLSchema#string>	"Leaf phosphorus content"	"Leaf phosphorus content per dry mass (Pmass)"^^<http://www.w3.org/2001/XMLSchema#string>	0.08	<http://qudt.org/vocab/unit/PERCENT>	"%"^^<http://www.w3.org/2001/XMLSchema#string>
<http://www.wikidata.org/entity/Q15389985>	"Xanthostemon paradoxus"^^<http://www.w3.org/2001/XMLSchema#string>	"Leaf phosphorus content"	"Leaf phosphorus content per dry mass (Pmass)"^^<http://www.w3.org/2001/XMLSchema#string>	0.049	<http://qudt.org/vocab/unit/PERCENT>	"%"^^<http://www.w3.org/2001/XMLSchema#string>
<http://www.wikidata.org/entity/Q15390829>	"Eriostemon difformis"^^<http://www.w3.org/2001/XMLSchema#string>	"Leaf phosphorus content"	"Leaf phosphorus content per dry mass (Pmass)"^^<http://www.w3.org/2001/XMLSchema#string>	0.063	<http://qudt.org/vocab/unit/PERCENT>	"%"^^<http://www.w3.org/2001/XMLSchema#string>
<http://www.wikidata.org/entity/Q15390829>	"Eriostemon difformis"^^<http://www.w3.org/2001/XMLSchema#string>	"Leaf phosphorus content"	"Leaf phosphorus content per dry mass (Pmass)"^^<http://www.w3.org/2001/XMLSchema#string>	0.069	<http://qudt.org/vocab/unit/PERCENT>	"%"^^<http://www.w3.org/2001/XMLSchema#string>
<http://www.wikidata.org/entity/Q15391276>	"Garcinia magnifolia"^^<http://www.w3.org/2001/XMLSchema#string>	"Leaf phosphorus content"	"Leaf phosphorus content per dry mass (Pmass)"^^<http://www.w3.org/2001/XMLSchema#string>	0.06	<http://qudt.org/vocab/unit/PERCENT>	"% mass/mass"^^<http://www.w3.org/2001/XMLSchema#string>
<http://www.wikidata.org/entity/Q15391334>	"Hevea guianensis"^^<http://www.w3.org/2001/XMLSchema#string>	"Leaf phosphorus content"	"Leaf phosphorus content per dry mass (Pmass)"^^<http://www.w3.org/2001/XMLSchema#string>	0.054	<http://qudt.org/vocab/unit/PERCENT>	"%"^^<http://www.w3.org/2001/XMLSchema#string>
<http://www.wikidata.org/entity/Q15391443>	"Hirtella triandra"^^<http://www.w3.org/2001/XMLSchema#string>	"Leaf nitrogen content"	"Leaf nitrogen content per dry mass (Nmass)"^^<http://www.w3.org/2001/XMLSchema#string>	1.4	<http://qudt.org/vocab/unit/PERCENT>	"%"^^<http://www.w3.org/2001/XMLSchema#string>
<http://www.wikidata.org/entity/Q15393186>	"Bellucia pentamera"^^<http://www.w3.org/2001/XMLSchema#string>	"Specific leaf area"	"SLA: undefined if petiole in- or excluded"^^<http://www.w3.org/2001/XMLSchema#string>	52.63158	<http://qudt.org/vocab/unit/M2-PER-KiloGM>	"m2/kg"^^<http://www.w3.org/2001/XMLSchema#string>
<http://www.wikidata.org/entity/Q15393186>	"Bellucia pentamera"^^<http://www.w3.org/2001/XMLSchema#string>	"Specific leaf area"	"SLA: undefined if petiole in- or excluded"^^<http://www.w3.org/2001/XMLSchema#string>	47.61905	<http://qudt.org/vocab/unit/M2-PER-KiloGM>	"m2/kg"^^<http://www.w3.org/2001/XMLSchema#string>
<http://www.wikidata.org/entity/Q15393186>	"Bellucia pentamera"^^<http://www.w3.org/2001/XMLSchema#string>	"Specific leaf area"	"SLA: undefined if petiole in- or excluded"^^<http://www.w3.org/2001/XMLSchema#string>	34.48276	<http://qudt.org/vocab/unit/M2-PER-KiloGM>	"m2/kg"^^<http://www.w3.org/2001/XMLSchema#string>
<http://www.wikidata.org/entity/Q15393283>	"Couratari stellata"^^<http://www.w3.org/2001/XMLSchema#string>	"Leaf nitrogen content"	"Leaf nitrogen content per dry mass (Nmass)"^^<http://www.w3.org/2001/XMLSchema#string>	2.47	<http://qudt.org/vocab/unit/PERCENT>	"%"^^<http://www.w3.org/2001/XMLSchema#string>
<http://www.wikidata.org/entity/Q15393664>	"Laetia procera"^^<http://www.w3.org/2001/XMLSchema#string>	"Leaf phosphorus content"	"Leaf phosphorus content per dry mass (Pmass)"^^<http://www.w3.org/2001/XMLSchema#string>	0.087	<http://qudt.org/vocab/unit/PERCENT>	"%"^^<http://www.w3.org/2001/XMLSchema#string>
<http://www.wikidata.org/entity/Q15393664>	"Laetia procera"^^<http://www.w3.org/2001/XMLSchema#string>	"Specific leaf area"	"SLA: petiole  excluded"^^<http://www.w3.org/2001/XMLSchema#string>	11.06716	<http://qudt.org/vocab/unit/M2-PER-KiloGM>	"m2 kg-1"^^<http://www.w3.org/2001/XMLSchema#string>
<http://www.wikidata.org/entity/Q15394466>	"Miconia donaeana"^^<http://www.w3.org/2001/XMLSchema#string>	"Leaf phosphorus content"	"Leaf phosphorus content per dry mass (Pmass)"^^<http://www.w3.org/2001/XMLSchema#string>	0.08	<http://qudt.org/vocab/unit/PERCENT>	"% mass/mass"^^<http://www.w3.org/2001/XMLSchema#string>
<http://www.wikidata.org/entity/Q15394566>	"Eschweilera pedicellata"^^<http://www.w3.org/2001/XMLSchema#string>	"Leaf nitrogen content"	"Leaf nitrogen content per dry mass (Nmass)"^^<http://www.w3.org/2001/XMLSchema#string>	2.4	<http://qudt.org/vocab/unit/PERCENT>	"%"^^<http://www.w3.org/2001/XMLSchema#string>
<http://www.wikidata.org/entity/Q15394822>	"Zanthoxylum sprucei"^^<http://www.w3.org/2001/XMLSchema#string>	"Leaf nitrogen content"	"Leaf nitrogen content per dry mass (Nmass)"^^<http://www.w3.org/2001/XMLSchema#string>	2.6	<http://qudt.org/vocab/unit/PERCENT>	"%"^^<http://www.w3.org/2001/XMLSchema#string>
<http://www.wikidata.org/entity/Q15394867>	"Miconia dispar"^^<http://www.w3.org/2001/XMLSchema#string>	"Leaf nitrogen content"	"Leaf nitrogen content per dry mass (Nmass)"^^<http://www.w3.org/2001/XMLSchema#string>	1.52	<http://qudt.org/vocab/unit/PERCENT>	"%"^^<http://www.w3.org/2001/XMLSchema#string>
<http://www.wikidata.org/entity/Q15394867>	"Miconia dispar"^^<http://www.w3.org/2001/XMLSchema#string>	"Leaf nitrogen content"	"Leaf nitrogen content per dry mass (Nmass)"^^<http://www.w3.org/2001/XMLSchema#string>	2.15	<http://qudt.org/vocab/unit/PERCENT>	"%"^^<http://www.w3.org/2001/XMLSchema#string>
<http://www.wikidata.org/entity/Q15394867>	"Miconia dispar"^^<http://www.w3.org/2001/XMLSchema#string>	"Leaf nitrogen content"	"Leaf nitrogen content per dry mass (Nmass)"^^<http://www.w3.org/2001/XMLSchema#string>	2.22	<http://qudt.org/vocab/unit/PERCENT>	"%"^^<http://www.w3.org/2001/XMLSchema#string>
<http://www.wikidata.org/entity/Q15394867>	"Miconia dispar"^^<http://www.w3.org/2001/XMLSchema#string>	"Leaf phosphorus content"	"Leaf phosphorus content per dry mass (Pmass)"^^<http://www.w3.org/2001/XMLSchema#string>	0.05	<http://qudt.org/vocab/unit/PERCENT>	"%"^^<http://www.w3.org/2001/XMLSchema#string>
<http://www.wikidata.org/entity/Q15394948>	"Jatropha gaumeri"^^<http://www.w3.org/2001/XMLSchema#string>	"Leaf nitrogen content"	"Leaf nitrogen content per dry mass (Nmass)"^^<http://www.w3.org/2001/XMLSchema#string>	3.225204	<http://qudt.org/vocab/unit/PERCENT>	"%"^^<http://www.w3.org/2001/XMLSchema#string>
<http://www.wikidata.org/entity/Q15395868>	"Amaioua guianensis"^^<http://www.w3.org/2001/XMLSchema#string>	"Leaf nitrogen content"	"Leaf nitrogen content per dry mass (Nmass)"^^<http://www.w3.org/2001/XMLSchema#string>	2.14	<http://qudt.org/vocab/unit/PERCENT>	"%"^^<http://www.w3.org/2001/XMLSchema#string>
<http://www.wikidata.org/entity/Q15396222>	"Eucalyptus incrassata"^^<http://www.w3.org/2001/XMLSchema#string>	"Specific leaf area"	"SLA: undefined if petiole in- or excluded"^^<http://www.w3.org/2001/XMLSchema#string>	450.0	<http://qudt.org/vocab/unit/GM-PER-M2>	"g/m2"^^<http://www.w3.org/2001/XMLSchema#string>
<http://www.wikidata.org/entity/Q15396363>	"Corymbia foelscheana"^^<http://www.w3.org/2001/XMLSchema#string>	"Leaf phosphorus content"	"Leaf phosphorus content per dry mass (Pmass)"^^<http://www.w3.org/2001/XMLSchema#string>	0.037	<http://qudt.org/vocab/unit/PERCENT>	"%"^^<http://www.w3.org/2001/XMLSchema#string>
<http://www.wikidata.org/entity/Q15396463>	"Chamguava schippii"^^<http://www.w3.org/2001/XMLSchema#string>	"Specific leaf area"	"SLA: petiole  excluded"^^<http://www.w3.org/2001/XMLSchema#string>	16.47778	<http://qudt.org/vocab/unit/M2-PER-KiloGM>	"m2 kg-1"^^<http://www.w3.org/2001/XMLSchema#string>
<http://www.wikidata.org/entity/Q15396512>	"Phlox maculata"^^<http://www.w3.org/2001/XMLSchema#string>	"Leaf nitrogen content"	"Leaf nitrogen content per dry mass (Nmass)"^^<http://www.w3.org/2001/XMLSchema#string>	22.37051	<http://qudt.org/vocab/unit/MilliGM-PER-GM>	"mg/g"^^<http://www.w3.org/2001/XMLSchema#string>
<http://www.wikidata.org/entity/Q15396512>	"Phlox maculata"^^<http://www.w3.org/2001/XMLSchema#string>	"Specific leaf area"	"SLA: petiole  excluded"^^<http://www.w3.org/2001/XMLSchema#string>	188.62	<http://qudt.org/vocab/unit/CentiM2-PER-GM>	"cm2/g"^^<http://www.w3.org/2001/XMLSchema#string>
<http://www.wikidata.org/entity/Q15396784>	"Corymbia bleeseri"^^<http://www.w3.org/2001/XMLSchema#string>	"Leaf nitrogen content"	"Leaf nitrogen content per dry mass (Nmass)"^^<http://www.w3.org/2001/XMLSchema#string>	0.901	<http://qudt.org/vocab/unit/PERCENT>	"%"^^<http://www.w3.org/2001/XMLSchema#string>
<http://www.wikidata.org/entity/Q15396944>	"Alibertia edulis"^^<http://www.w3.org/2001/XMLSchema#string>	"Leaf phosphorus content"	"Leaf phosphorus content per dry mass (Pmass)"^^<http://www.w3.org/2001/XMLSchema#string>	0.005666682	<http://qudt.org/vocab/unit/PERCENT>	"%"^^<http://www.w3.org/2001/XMLSchema#string>
<http://www.wikidata.org/entity/Q15397401>	"Miconia ruficalyx"^^<http://www.w3.org/2001/XMLSchema#string>	"Leaf nitrogen content"	"Leaf nitrogen content per dry mass (Nmass)"^^<http://www.w3.org/2001/XMLSchema#string>	2.54	<http://qudt.org/vocab/unit/PERCENT>	"%"^^<http://www.w3.org/2001/XMLSchema#string>
<http://www.wikidata.org/entity/Q15397803>	"Aspidosperma rigidum"^^<http://www.w3.org/2001/XMLSchema#string>	"Leaf nitrogen content"	"Leaf nitrogen content per dry mass (Nmass)"^^<http://www.w3.org/2001/XMLSchema#string>	2.3	<http://qudt.org/vocab/unit/PERCENT>	"%"^^<http://www.w3.org/2001/XMLSchema#string>
<http://www.wikidata.org/entity/Q15400189>	"Chimarrhis turbinata"^^<http://www.w3.org/2001/XMLSchema#string>	"Leaf nitrogen content"	"Leaf nitrogen content per dry mass (Nmass)"^^<http://www.w3.org/2001/XMLSchema#string>	2.49	<http://qudt.org/vocab/unit/PERCENT>	"%"^^<http://www.w3.org/2001/XMLSchema#string>
<http://www.wikidata.org/entity/Q15400189>	"Chimarrhis turbinata"^^<http://www.w3.org/2001/XMLSchema#string>	"Leaf nitrogen content"	"Leaf nitrogen content per dry mass (Nmass)"^^<http://www.w3.org/2001/XMLSchema#string>	2.28	<http://qudt.org/vocab/unit/PERCENT>	"%"^^<http://www.w3.org/2001/XMLSchema#string>
<http://www.wikidata.org/entity/Q15400189>	"Chimarrhis turbinata"^^<http://www.w3.org/2001/XMLSchema#string>	"Leaf nitrogen content"	"Leaf nitrogen content per dry mass (Nmass)"^^<http://www.w3.org/2001/XMLSchema#string>	2.23	<http://qudt.org/vocab/unit/PERCENT>	"%"^^<http://www.w3.org/2001/XMLSchema#string>
<http://www.wikidata.org/entity/Q15400189>	"Chimarrhis turbinata"^^<http://www.w3.org/2001/XMLSchema#string>	"Leaf nitrogen content"	"Leaf nitrogen content per dry mass (Nmass)"^^<http://www.w3.org/2001/XMLSchema#string>	2.46	<http://qudt.org/vocab/unit/PERCENT>	"%"^^<http://www.w3.org/2001/XMLSchema#string>
<http://www.wikidata.org/entity/Q15400189>	"Chimarrhis turbinata"^^<http://www.w3.org/2001/XMLSchema#string>	"Leaf nitrogen content"	"Leaf nitrogen content per dry mass (Nmass)"^^<http://www.w3.org/2001/XMLSchema#string>	2.19	<http://qudt.org/vocab/unit/PERCENT>	"%"^^<http://www.w3.org/2001/XMLSchema#string>
<http://www.wikidata.org/entity/Q15400189>	"Chimarrhis turbinata"^^<http://www.w3.org/2001/XMLSchema#string>	"Leaf nitrogen content"	"Leaf nitrogen content per dry mass (Nmass)"^^<http://www.w3.org/2001/XMLSchema#string>	2.12	<http://qudt.org/vocab/unit/PERCENT>	"%"^^<http://www.w3.org/2001/XMLSchema#string>
<http://www.wikidata.org/entity/Q15400189>	"Chimarrhis turbinata"^^<http://www.w3.org/2001/XMLSchema#string>	"Leaf nitrogen content"	"Leaf nitrogen content per dry mass (Nmass)"^^<http://www.w3.org/2001/XMLSchema#string>	2.4	<http://qudt.org/vocab/unit/PERCENT>	"%"^^<http://www.w3.org/2001/XMLSchema#string>
<http://www.wikidata.org/entity/Q15427721>	"Pseudolmedia laevis"^^<http://www.w3.org/2001/XMLSchema#string>	"Leaf nitrogen content"	"Leaf nitrogen content per dry mass (Nmass)"^^<http://www.w3.org/2001/XMLSchema#string>	0.0146	<http://qudt.org/vocab/unit/KiloGM-PER-KiloGM>	"kg/kg"^^<http://www.w3.org/2001/XMLSchema#string>
<http://www.wikidata.org/entity/Q15433746>	"Coussarea albescens"^^<http://www.w3.org/2001/XMLSchema#string>	"Leaf nitrogen content"	"Leaf nitrogen content per dry mass (Nmass)"^^<http://www.w3.org/2001/XMLSchema#string>	1.9	<http://qudt.org/vocab/unit/PERCENT>	"%"^^<http://www.w3.org/2001/XMLSchema#string>
<http://www.wikidata.org/entity/Q15433746>	"Coussarea albescens"^^<http://www.w3.org/2001/XMLSchema#string>	"Leaf nitrogen content"	"Leaf nitrogen content per dry mass (Nmass)"^^<http://www.w3.org/2001/XMLSchema#string>	1.58	<http://qudt.org/vocab/unit/PERCENT>	"%"^^<http://www.w3.org/2001/XMLSchema#string>
<http://www.wikidata.org/entity/Q15433746>	"Coussarea albescens"^^<http://www.w3.org/2001/XMLSchema#string>	"Leaf nitrogen content"	"Leaf nitrogen content per dry mass (Nmass)"^^<http://www.w3.org/2001/XMLSchema#string>	1.68	<http://qudt.org/vocab/unit/PERCENT>	"%"^^<http://www.w3.org/2001/XMLSchema#string>
<http://www.wikidata.org/entity/Q15433746>	"Coussarea albescens"^^<http://www.w3.org/2001/XMLSchema#string>	"Leaf nitrogen content"	"Leaf nitrogen content per dry mass (Nmass)"^^<http://www.w3.org/2001/XMLSchema#string>	1.77	<http://qudt.org/vocab/unit/PERCENT>	"%"^^<http://www.w3.org/2001/XMLSchema#string>
<http://www.wikidata.org/entity/Q15433746>	"Coussarea albescens"^^<http://www.w3.org/2001/XMLSchema#string>	"Leaf nitrogen content"	"Leaf nitrogen content per dry mass (Nmass)"^^<http://www.w3.org/2001/XMLSchema#string>	1.98	<http://qudt.org/vocab/unit/PERCENT>	"%"^^<http://www.w3.org/2001/XMLSchema#string>
<http://www.wikidata.org/entity/Q15434810>	"Medicago ruthenica"^^<http://www.w3.org/2001/XMLSchema#string>	"Leaf nitrogen content"	"Leaf nitrogen content per dry mass (Nmass)"^^<http://www.w3.org/2001/XMLSchema#string>	2.95	<http://qudt.org/vocab/unit/PERCENT>	"%"^^<http://www.w3.org/2001/XMLSchema#string>
<http://www.wikidata.org/entity/Q15434810>	"Medicago ruthenica"^^<http://www.w3.org/2001/XMLSchema#string>	"Leaf nitrogen content"	"Leaf nitrogen content per dry mass (Nmass)"^^<http://www.w3.org/2001/XMLSchema#string>	29.5	<http://qudt.org/vocab/unit/MilliGM-PER-GM>	"mg/g"^^<http://www.w3.org/2001/XMLSchema#string>
<http://www.wikidata.org/entity/Q15434810>	"Medicago ruthenica"^^<http://www.w3.org/2001/XMLSchema#string>	"Leaf phosphorus content"	"Leaf phosphorus content per dry mass (Pmass)"^^<http://www.w3.org/2001/XMLSchema#string>	2.64	<http://qudt.org/vocab/unit/MilliGM-PER-GM>	"mg/g"^^<http://www.w3.org/2001/XMLSchema#string>
<http://www.wikidata.org/entity/Q15436074>	"Randia armata"^^<http://www.w3.org/2001/XMLSchema#string>	"Specific leaf area"	"SLA: petiole  excluded"^^<http://www.w3.org/2001/XMLSchema#string>	25.13559	<http://qudt.org/vocab/unit/M2-PER-KiloGM>	"m2 kg-1"^^<http://www.w3.org/2001/XMLSchema#string>
<http://www.wikidata.org/entity/Q15436663>	"Randia obcordata"^^<http://www.w3.org/2001/XMLSchema#string>	"Leaf nitrogen content"	"Leaf nitrogen content per dry mass (Nmass)"^^<http://www.w3.org/2001/XMLSchema#string>	2.317018	<http://qudt.org/vocab/unit/PERCENT>	"%"^^<http://www.w3.org/2001/XMLSchema#string>
<http://www.wikidata.org/entity/Q1543735>	"Erica cinerea"^^<http://www.w3.org/2001/XMLSchema#string>	"Leaf phosphorus content"	"Leaf phosphorus content per dry mass (Pmass)"^^<http://www.w3.org/2001/XMLSchema#string>	0.09	<http://qudt.org/vocab/unit/PERCENT>	"%"^^<http://www.w3.org/2001/XMLSchema#string>
<http://www.wikidata.org/entity/Q15438308>	"Retiniphyllum truncatum"^^<http://www.w3.org/2001/XMLSchema#string>	"Leaf nitrogen content"	"Leaf nitrogen content per dry mass (Nmass)"^^<http://www.w3.org/2001/XMLSchema#string>	0.81	<http://qudt.org/vocab/unit/PERCENT>	"%"^^<http://www.w3.org/2001/XMLSchema#string>
<http://www.wikidata.org/entity/Q15438308>	"Retiniphyllum truncatum"^^<http://www.w3.org/2001/XMLSchema#string>	"Leaf nitrogen content"	"Leaf nitrogen content per dry mass (Nmass)"^^<http://www.w3.org/2001/XMLSchema#string>	0.73	<http://qudt.org/vocab/unit/PERCENT>	"%"^^<http://www.w3.org/2001/XMLSchema#string>
<http://www.wikidata.org/entity/Q15438308>	"Retiniphyllum truncatum"^^<http://www.w3.org/2001/XMLSchema#string>	"Leaf nitrogen content"	"Leaf nitrogen content per dry mass (Nmass)"^^<http://www.w3.org/2001/XMLSchema#string>	0.72	<http://qudt.org/vocab/unit/PERCENT>	"%"^^<http://www.w3.org/2001/XMLSchema#string>
<http://www.wikidata.org/entity/Q15438308>	"Retiniphyllum truncatum"^^<http://www.w3.org/2001/XMLSchema#string>	"Leaf nitrogen content"	"Leaf nitrogen content per dry mass (Nmass)"^^<http://www.w3.org/2001/XMLSchema#string>	0.63	<http://qudt.org/vocab/unit/PERCENT>	"%"^^<http://www.w3.org/2001/XMLSchema#string>
<http://www.wikidata.org/entity/Q15438308>	"Retiniphyllum truncatum"^^<http://www.w3.org/2001/XMLSchema#string>	"Leaf phosphorus content"	"Leaf phosphorus content per dry mass (Pmass)"^^<http://www.w3.org/2001/XMLSchema#string>	500.0	<http://qudt.org/vocab/unit/MicroGM-PER-GM>	"micro g(P)/g(DM)"^^<http://www.w3.org/2001/XMLSchema#string>
<http://www.wikidata.org/entity/Q15438308>	"Retiniphyllum truncatum"^^<http://www.w3.org/2001/XMLSchema#string>	"Leaf phosphorus content"	"Leaf phosphorus content per dry mass (Pmass)"^^<http://www.w3.org/2001/XMLSchema#string>	500.0	<http://qudt.org/vocab/unit/PPM>	"ppm"^^<http://www.w3.org/2001/XMLSchema#string>
<http://www.wikidata.org/entity/Q15443900>	"Faramea occidentalis"^^<http://www.w3.org/2001/XMLSchema#string>	"Leaf phosphorus content"	"Leaf phosphorus content per dry mass (Pmass)"^^<http://www.w3.org/2001/XMLSchema#string>	0.06	<http://qudt.org/vocab/unit/PERCENT>	"% mass/mass"^^<http://www.w3.org/2001/XMLSchema#string>
<http://www.wikidata.org/entity/Q15443900>	"Faramea occidentalis"^^<http://www.w3.org/2001/XMLSchema#string>	"Leaf phosphorus content"	"Leaf phosphorus content per dry mass (Pmass)"^^<http://www.w3.org/2001/XMLSchema#string>	0.05	<http://qudt.org/vocab/unit/PERCENT>	"% mass/mass"^^<http://www.w3.org/2001/XMLSchema#string>
<http://www.wikidata.org/entity/Q15444004>	"Faramea platyneura"^^<http://www.w3.org/2001/XMLSchema#string>	"Leaf nitrogen content"	"Leaf nitrogen content per dry mass (Nmass)"^^<http://www.w3.org/2001/XMLSchema#string>	2.26	<http://qudt.org/vocab/unit/PERCENT>	"%"^^<http://www.w3.org/2001/XMLSchema#string>
<http://www.wikidata.org/entity/Q15444004>	"Faramea platyneura"^^<http://www.w3.org/2001/XMLSchema#string>	"Leaf nitrogen content"	"Leaf nitrogen content per dry mass (Nmass)"^^<http://www.w3.org/2001/XMLSchema#string>	2.24	<http://qudt.org/vocab/unit/PERCENT>	"%"^^<http://www.w3.org/2001/XMLSchema#string>
<http://www.wikidata.org/entity/Q15454747>	"Tamilnadia uliginosa"^^<http://www.w3.org/2001/XMLSchema#string>	"Leaf nitrogen content"	"Leaf nitrogen content per dry mass (Nmass)"^^<http://www.w3.org/2001/XMLSchema#string>	1.56	<http://qudt.org/vocab/unit/PERCENT>	"%"^^<http://www.w3.org/2001/XMLSchema#string>
<http://www.wikidata.org/entity/Q15460499>	"Bauhinia cunninghamii"^^<http://www.w3.org/2001/XMLSchema#string>	"Leaf nitrogen content"	"Leaf nitrogen content per dry mass (Nmass)"^^<http://www.w3.org/2001/XMLSchema#string>	1.317	<http://qudt.org/vocab/unit/PERCENT>	"%"^^<http://www.w3.org/2001/XMLSchema#string>
<http://www.wikidata.org/entity/Q15460499>	"Bauhinia cunninghamii"^^<http://www.w3.org/2001/XMLSchema#string>	"Leaf nitrogen content"	"Leaf nitrogen content per dry mass (Nmass)"^^<http://www.w3.org/2001/XMLSchema#string>	1.533	<http://qudt.org/vocab/unit/PERCENT>	"%"^^<http://www.w3.org/2001/XMLSchema#string>
<http://www.wikidata.org/entity/Q15460499>	"Bauhinia cunninghamii"^^<http://www.w3.org/2001/XMLSchema#string>	"Leaf nitrogen content"	"Leaf nitrogen content per dry mass (Nmass)"^^<http://www.w3.org/2001/XMLSchema#string>	2.459	<http://qudt.org/vocab/unit/PERCENT>	"%"^^<http://www.w3.org/2001/XMLSchema#string>
<http://www.wikidata.org/entity/Q15462337>	"Bauhinia pulchella"^^<http://www.w3.org/2001/XMLSchema#string>	"Leaf nitrogen content"	"Leaf nitrogen content per dry mass (Nmass)"^^<http://www.w3.org/2001/XMLSchema#string>	1.7	<http://qudt.org/vocab/unit/PERCENT>	"%"^^<http://www.w3.org/2001/XMLSchema#string>
<http://www.wikidata.org/entity/Q15463464>	"Ixora alba"^^<http://www.w3.org/2001/XMLSchema#string>	"Leaf nitrogen content"	"Leaf nitrogen content per dry mass (Nmass)"^^<http://www.w3.org/2001/XMLSchema#string>	2.2	<http://qudt.org/vocab/unit/PERCENT>	"%"^^<http://www.w3.org/2001/XMLSchema#string>
<http://www.wikidata.org/entity/Q15466047>	"Chamaecrista absus"^^<http://www.w3.org/2001/XMLSchema#string>	"Leaf nitrogen content"	"Leaf nitrogen content per dry mass (Nmass)"^^<http://www.w3.org/2001/XMLSchema#string>	2.97	<http://qudt.org/vocab/unit/PERCENT>	"%"^^<http://www.w3.org/2001/XMLSchema#string>
<http://www.wikidata.org/entity/Q15468688>	"Allophylus psilospermus"^^<http://www.w3.org/2001/XMLSchema#string>	"Specific leaf area"	"SLA: petiole  excluded"^^<http://www.w3.org/2001/XMLSchema#string>	36.17073	<http://qudt.org/vocab/unit/M2-PER-KiloGM>	"m2 kg-1"^^<http://www.w3.org/2001/XMLSchema#string>
<http://www.wikidata.org/entity/Q15472433>	"Artemisia subdigitata"^^<http://www.w3.org/2001/XMLSchema#string>	"Leaf nitrogen content"	"Leaf nitrogen content per dry mass (Nmass)"^^<http://www.w3.org/2001/XMLSchema#string>	3.59	<http://qudt.org/vocab/unit/PERCENT>	"%"^^<http://www.w3.org/2001/XMLSchema#string>
<http://www.wikidata.org/entity/Q15472500>	"Ficus boliviana"^^<http://www.w3.org/2001/XMLSchema#string>	"Leaf nitrogen content"	"Leaf nitrogen content per dry mass (Nmass)"^^<http://www.w3.org/2001/XMLSchema#string>	2.2	<http://qudt.org/vocab/unit/PERCENT>	"%"^^<http://www.w3.org/2001/XMLSchema#string>
<http://www.wikidata.org/entity/Q15474845>	"Brosimum parinarioides"^^<http://www.w3.org/2001/XMLSchema#string>	"Leaf nitrogen content"	"Leaf nitrogen content per dry mass (Nmass)"^^<http://www.w3.org/2001/XMLSchema#string>	1.4	<http://qudt.org/vocab/unit/PERCENT>	"%"^^<http://www.w3.org/2001/XMLSchema#string>
<http://www.wikidata.org/entity/Q15475555>	"Cochlospermum fraseri"^^<http://www.w3.org/2001/XMLSchema#string>	"Leaf phosphorus content"	"Leaf phosphorus content per dry mass (Pmass)"^^<http://www.w3.org/2001/XMLSchema#string>	0.08	<http://qudt.org/vocab/unit/PERCENT>	"%"^^<http://www.w3.org/2001/XMLSchema#string>
<http://www.wikidata.org/entity/Q15475697>	"Batocarpus amazonicus"^^<http://www.w3.org/2001/XMLSchema#string>	"Leaf nitrogen content"	"Leaf nitrogen content per dry mass (Nmass)"^^<http://www.w3.org/2001/XMLSchema#string>	2.4	<http://qudt.org/vocab/unit/PERCENT>	"%"^^<http://www.w3.org/2001/XMLSchema#string>
<http://www.wikidata.org/entity/Q15476562>	"Lathyrus venetus"^^<http://www.w3.org/2001/XMLSchema#string>	"Leaf nitrogen content"	"Leaf nitrogen content per dry mass (Nmass)"^^<http://www.w3.org/2001/XMLSchema#string>	3.30277	<http://qudt.org/vocab/unit/PERCENT>	"%"^^<http://www.w3.org/2001/XMLSchema#string>
<http://www.wikidata.org/entity/Q15478036>	"Festuca pallescens"^^<http://www.w3.org/2001/XMLSchema#string>	"Leaf phosphorus content"	"Leaf phosphorus content per dry mass (Pmass)"^^<http://www.w3.org/2001/XMLSchema#string>	0.19	<http://qudt.org/vocab/unit/PERCENT>	"%"^^<http://www.w3.org/2001/XMLSchema#string>
<http://www.wikidata.org/entity/Q15479150>	"Ficus scobina"^^<http://www.w3.org/2001/XMLSchema#string>	"Leaf phosphorus content"	"Leaf phosphorus content per dry mass (Pmass)"^^<http://www.w3.org/2001/XMLSchema#string>	0.186	<http://qudt.org/vocab/unit/PERCENT>	"%"^^<http://www.w3.org/2001/XMLSchema#string>
<http://www.wikidata.org/entity/Q15479159>	"Perebea mollis"^^<http://www.w3.org/2001/XMLSchema#string>	"Leaf nitrogen content"	"Leaf nitrogen content per dry mass (Nmass)"^^<http://www.w3.org/2001/XMLSchema#string>	1.78	<http://qudt.org/vocab/unit/PERCENT>	"%"^^<http://www.w3.org/2001/XMLSchema#string>
<http://www.wikidata.org/entity/Q15483832>	"Calamagrostis lapponica"^^<http://www.w3.org/2001/XMLSchema#string>	"Leaf nitrogen content"	"Leaf nitrogen content per dry mass (Nmass)"^^<http://www.w3.org/2001/XMLSchema#string>	1.49	<http://qudt.org/vocab/unit/PERCENT>	"%"^^<http://www.w3.org/2001/XMLSchema#string>
<http://www.wikidata.org/entity/Q15483832>	"Calamagrostis lapponica"^^<http://www.w3.org/2001/XMLSchema#string>	"Leaf nitrogen content"	"Leaf nitrogen content per dry mass (Nmass)"^^<http://www.w3.org/2001/XMLSchema#string>	1.44	<http://qudt.org/vocab/unit/PERCENT>	"%"^^<http://www.w3.org/2001/XMLSchema#string>
<http://www.wikidata.org/entity/Q15484059>	"Swartzia ulei"^^<http://www.w3.org/2001/XMLSchema#string>	"Leaf nitrogen content"	"Leaf nitrogen content per dry mass (Nmass)"^^<http://www.w3.org/2001/XMLSchema#string>	2.39	<http://qudt.org/vocab/unit/PERCENT>	"%"^^<http://www.w3.org/2001/XMLSchema#string>
<http://www.wikidata.org/entity/Q15488584>	"Hymenaea stigonocarpa"^^<http://www.w3.org/2001/XMLSchema#string>	"Leaf phosphorus content"	"Leaf phosphorus content per dry mass (Pmass)"^^<http://www.w3.org/2001/XMLSchema#string>	0.07857143	<http://qudt.org/vocab/unit/PERCENT>	"%"^^<http://www.w3.org/2001/XMLSchema#string>
<http://www.wikidata.org/entity/Q15488584>	"Hymenaea stigonocarpa"^^<http://www.w3.org/2001/XMLSchema#string>	"Leaf phosphorus content"	"Leaf phosphorus content per dry mass (Pmass)"^^<http://www.w3.org/2001/XMLSchema#string>	0.069	<http://qudt.org/vocab/unit/PERCENT>	"%"^^<http://www.w3.org/2001/XMLSchema#string>
<http://www.wikidata.org/entity/Q15494219>	"Swartzia longistipitata"^^<http://www.w3.org/2001/XMLSchema#string>	"Leaf nitrogen content"	"Leaf nitrogen content per dry mass (Nmass)"^^<http://www.w3.org/2001/XMLSchema#string>	1.87	<http://qudt.org/vocab/unit/PERCENT>	"%"^^<http://www.w3.org/2001/XMLSchema#string>
<http://www.wikidata.org/entity/Q15499925>	"Psychotria marginata"^^<http://www.w3.org/2001/XMLSchema#string>	"Specific leaf area"	"SLA: undefined if petiole in- or excluded"^^<http://www.w3.org/2001/XMLSchema#string>	27.01972	<http://qudt.org/vocab/unit/M2-PER-KiloGM>	"m2/kg"^^<http://www.w3.org/2001/XMLSchema#string>
<http://www.wikidata.org/entity/Q15501714>	"Hyparrhenia confinis"^^<http://www.w3.org/2001/XMLSchema#string>	"Leaf nitrogen content"	"Leaf nitrogen content per dry mass (Nmass)"^^<http://www.w3.org/2001/XMLSchema#string>	1.1	<http://qudt.org/vocab/unit/PERCENT>	"%"^^<http://www.w3.org/2001/XMLSchema#string>
<http://www.wikidata.org/entity/Q15501714>	"Hyparrhenia confinis"^^<http://www.w3.org/2001/XMLSchema#string>	"Leaf nitrogen content"	"Leaf nitrogen content per dry mass (Nmass)"^^<http://www.w3.org/2001/XMLSchema#string>	0.86	<http://qudt.org/vocab/unit/PERCENT>	"%"^^<http://www.w3.org/2001/XMLSchema#string>
<http://www.wikidata.org/entity/Q15501980>	"Hyparrhenia tamba"^^<http://www.w3.org/2001/XMLSchema#string>	"Leaf nitrogen content"	"Leaf nitrogen content per dry mass (Nmass)"^^<http://www.w3.org/2001/XMLSchema#string>	0.85	<http://qudt.org/vocab/unit/PERCENT>	"%"^^<http://www.w3.org/2001/XMLSchema#string>
<http://www.wikidata.org/entity/Q15502553>	"Aeluropus littoralis"^^<http://www.w3.org/2001/XMLSchema#string>	"Leaf nitrogen content"	"Leaf nitrogen content per dry mass (Nmass)"^^<http://www.w3.org/2001/XMLSchema#string>	16.1	<http://qudt.org/vocab/unit/MilliGM-PER-GM>	"mg/g"^^<http://www.w3.org/2001/XMLSchema#string>
<http://www.wikidata.org/entity/Q15502553>	"Aeluropus littoralis"^^<http://www.w3.org/2001/XMLSchema#string>	"Leaf nitrogen content"	"Leaf nitrogen content per dry mass (Nmass)"^^<http://www.w3.org/2001/XMLSchema#string>	1.61	<http://qudt.org/vocab/unit/PERCENT>	"%"^^<http://www.w3.org/2001/XMLSchema#string>
<http://www.wikidata.org/entity/Q15502553>	"Aeluropus littoralis"^^<http://www.w3.org/2001/XMLSchema#string>	"Leaf nitrogen content"	"Leaf nitrogen content per dry mass (Nmass)"^^<http://www.w3.org/2001/XMLSchema#string>	1.63	<http://qudt.org/vocab/unit/PERCENT>	"%"^^<http://www.w3.org/2001/XMLSchema#string>
<http://www.wikidata.org/entity/Q15502553>	"Aeluropus littoralis"^^<http://www.w3.org/2001/XMLSchema#string>	"Leaf nitrogen content"	"Leaf nitrogen content per dry mass (Nmass)"^^<http://www.w3.org/2001/XMLSchema#string>	16.3	<http://qudt.org/vocab/unit/MilliGM-PER-GM>	"mg/g"^^<http://www.w3.org/2001/XMLSchema#string>
<http://www.wikidata.org/entity/Q15502553>	"Aeluropus littoralis"^^<http://www.w3.org/2001/XMLSchema#string>	"Leaf phosphorus content"	"Leaf phosphorus content per dry mass (Pmass)"^^<http://www.w3.org/2001/XMLSchema#string>	1.38	<http://qudt.org/vocab/unit/MilliGM-PER-GM>	"mg/g"^^<http://www.w3.org/2001/XMLSchema#string>
<http://www.wikidata.org/entity/Q15502553>	"Aeluropus littoralis"^^<http://www.w3.org/2001/XMLSchema#string>	"Leaf phosphorus content"	"Leaf phosphorus content per dry mass (Pmass)"^^<http://www.w3.org/2001/XMLSchema#string>	1.79	<http://qudt.org/vocab/unit/MilliGM-PER-GM>	"mg/g"^^<http://www.w3.org/2001/XMLSchema#string>
<http://www.wikidata.org/entity/Q15503707>	"Digitaria eriantha"^^<http://www.w3.org/2001/XMLSchema#string>	"Leaf nitrogen content"	"Leaf nitrogen content per dry mass (Nmass)"^^<http://www.w3.org/2001/XMLSchema#string>	1.81	<http://qudt.org/vocab/unit/PERCENT>	"%"^^<http://www.w3.org/2001/XMLSchema#string>
<http://www.wikidata.org/entity/Q15503707>	"Digitaria eriantha"^^<http://www.w3.org/2001/XMLSchema#string>	"Leaf nitrogen content"	"Leaf nitrogen content per dry mass (Nmass)"^^<http://www.w3.org/2001/XMLSchema#string>	2.67	<http://qudt.org/vocab/unit/PERCENT>	"%"^^<http://www.w3.org/2001/XMLSchema#string>
<http://www.wikidata.org/entity/Q15503728>	"Alopecurus utriculatus"^^<http://www.w3.org/2001/XMLSchema#string>	"Specific leaf area"	"SLA: undefined if petiole in- or excluded"^^<http://www.w3.org/2001/XMLSchema#string>	439.3322	<http://qudt.org/vocab/unit/CentiM2-PER-GM>	"SLA cm2/g"^^<http://www.w3.org/2001/XMLSchema#string>
<http://www.wikidata.org/entity/Q15505571>	"Arctagrostis latifolia"^^<http://www.w3.org/2001/XMLSchema#string>	"Leaf nitrogen content"	"Leaf nitrogen content per dry mass (Nmass)"^^<http://www.w3.org/2001/XMLSchema#string>	24.4	<http://qudt.org/vocab/unit/MilliGM-PER-GM>	"mg g-1"^^<http://www.w3.org/2001/XMLSchema#string>
<http://www.wikidata.org/entity/Q15505933>	"Aristida holathera"^^<http://www.w3.org/2001/XMLSchema#string>	"Leaf nitrogen content"	"Leaf nitrogen content per dry mass (Nmass)"^^<http://www.w3.org/2001/XMLSchema#string>	0.8	<http://qudt.org/vocab/unit/PERCENT>	"%"^^<http://www.w3.org/2001/XMLSchema#string>
<http://www.wikidata.org/entity/Q15506941>	"Dupontia fisheri"^^<http://www.w3.org/2001/XMLSchema#string>	"Leaf nitrogen content"	"Leaf nitrogen content per dry mass (Nmass)"^^<http://www.w3.org/2001/XMLSchema#string>	13.3	<http://qudt.org/vocab/unit/MilliGM-PER-GM>	"mg g-1"^^<http://www.w3.org/2001/XMLSchema#string>
<http://www.wikidata.org/entity/Q15506941>	"Dupontia fisheri"^^<http://www.w3.org/2001/XMLSchema#string>	"Specific leaf area"	"SLA: undefined if petiole in- or excluded"^^<http://www.w3.org/2001/XMLSchema#string>	0.008312346	<http://qudt.org/vocab/unit/M2-PER-GM>	"m2/g"^^<http://www.w3.org/2001/XMLSchema#string>
<http://www.wikidata.org/entity/Q15506941>	"Dupontia fisheri"^^<http://www.w3.org/2001/XMLSchema#string>	"Specific leaf area"	"SLA: undefined if petiole in- or excluded"^^<http://www.w3.org/2001/XMLSchema#string>	0.006207795	<http://qudt.org/vocab/unit/M2-PER-GM>	"m2/g"^^<http://www.w3.org/2001/XMLSchema#string>
<http://www.wikidata.org/entity/Q15506941>	"Dupontia fisheri"^^<http://www.w3.org/2001/XMLSchema#string>	"Specific leaf area"	"SLA: undefined if petiole in- or excluded"^^<http://www.w3.org/2001/XMLSchema#string>	0.008085603	<http://qudt.org/vocab/unit/M2-PER-GM>	"m2/g"^^<http://www.w3.org/2001/XMLSchema#string>
<http://www.wikidata.org/entity/Q15509516>	"Bambusa bambos"^^<http://www.w3.org/2001/XMLSchema#string>	"Leaf nitrogen content"	"Leaf nitrogen content per dry mass (Nmass)"^^<http://www.w3.org/2001/XMLSchema#string>	2.3	<http://qudt.org/vocab/unit/PERCENT>	"%"^^<http://www.w3.org/2001/XMLSchema#string>
<http://www.wikidata.org/entity/Q15509769>	"Elymus burchan-buddae"^^<http://www.w3.org/2001/XMLSchema#string>	"Specific leaf area"	"SLA: undefined if petiole in- or excluded"^^<http://www.w3.org/2001/XMLSchema#string>	107.3018	<http://qudt.org/vocab/unit/CentiM2-PER-GM>	"SLA cm2/g"^^<http://www.w3.org/2001/XMLSchema#string>
<http://www.wikidata.org/entity/Q15512853>	"Urochloa trichopus"^^<http://www.w3.org/2001/XMLSchema#string>	"Leaf nitrogen content"	"Leaf nitrogen content per dry mass (Nmass)"^^<http://www.w3.org/2001/XMLSchema#string>	1.24	<http://qudt.org/vocab/unit/PERCENT>	"%"^^<http://www.w3.org/2001/XMLSchema#string>
<http://www.wikidata.org/entity/Q15513143>	"Urochloa mosambicensis"^^<http://www.w3.org/2001/XMLSchema#string>	"Leaf nitrogen content"	"Leaf nitrogen content per dry mass (Nmass)"^^<http://www.w3.org/2001/XMLSchema#string>	1.59	<http://qudt.org/vocab/unit/PERCENT>	"%"^^<http://www.w3.org/2001/XMLSchema#string>
<http://www.wikidata.org/entity/Q15513143>	"Urochloa mosambicensis"^^<http://www.w3.org/2001/XMLSchema#string>	"Leaf nitrogen content"	"Leaf nitrogen content per dry mass (Nmass)"^^<http://www.w3.org/2001/XMLSchema#string>	2.13	<http://qudt.org/vocab/unit/PERCENT>	"%"^^<http://www.w3.org/2001/XMLSchema#string>
<http://www.wikidata.org/entity/Q15513143>	"Urochloa mosambicensis"^^<http://www.w3.org/2001/XMLSchema#string>	"Leaf nitrogen content"	"Leaf nitrogen content per dry mass (Nmass)"^^<http://www.w3.org/2001/XMLSchema#string>	2.11	<http://qudt.org/vocab/unit/PERCENT>	"%"^^<http://www.w3.org/2001/XMLSchema#string>
<http://www.wikidata.org/entity/Q15513143>	"Urochloa mosambicensis"^^<http://www.w3.org/2001/XMLSchema#string>	"Leaf nitrogen content"	"Leaf nitrogen content per dry mass (Nmass)"^^<http://www.w3.org/2001/XMLSchema#string>	2.07	<http://qudt.org/vocab/unit/PERCENT>	"%"^^<http://www.w3.org/2001/XMLSchema#string>
<http://www.wikidata.org/entity/Q15513143>	"Urochloa mosambicensis"^^<http://www.w3.org/2001/XMLSchema#string>	"Leaf nitrogen content"	"Leaf nitrogen content per dry mass (Nmass)"^^<http://www.w3.org/2001/XMLSchema#string>	1.31	<http://qudt.org/vocab/unit/PERCENT>	"%"^^<http://www.w3.org/2001/XMLSchema#string>
<http://www.wikidata.org/entity/Q15513143>	"Urochloa mosambicensis"^^<http://www.w3.org/2001/XMLSchema#string>	"Leaf nitrogen content"	"Leaf nitrogen content per dry mass (Nmass)"^^<http://www.w3.org/2001/XMLSchema#string>	2.17	<http://qudt.org/vocab/unit/PERCENT>	"%"^^<http://www.w3.org/2001/XMLSchema#string>
<http://www.wikidata.org/entity/Q15513143>	"Urochloa mosambicensis"^^<http://www.w3.org/2001/XMLSchema#string>	"Leaf nitrogen content"	"Leaf nitrogen content per dry mass (Nmass)"^^<http://www.w3.org/2001/XMLSchema#string>	1.41	<http://qudt.org/vocab/unit/PERCENT>	"%"^^<http://www.w3.org/2001/XMLSchema#string>
<http://www.wikidata.org/entity/Q15513143>	"Urochloa mosambicensis"^^<http://www.w3.org/2001/XMLSchema#string>	"Leaf nitrogen content"	"Leaf nitrogen content per dry mass (Nmass)"^^<http://www.w3.org/2001/XMLSchema#string>	1.52	<http://qudt.org/vocab/unit/PERCENT>	"%"^^<http://www.w3.org/2001/XMLSchema#string>
<http://www.wikidata.org/entity/Q15513143>	"Urochloa mosambicensis"^^<http://www.w3.org/2001/XMLSchema#string>	"Leaf nitrogen content"	"Leaf nitrogen content per dry mass (Nmass)"^^<http://www.w3.org/2001/XMLSchema#string>	1.53	<http://qudt.org/vocab/unit/PERCENT>	"%"^^<http://www.w3.org/2001/XMLSchema#string>
<http://www.wikidata.org/entity/Q15513143>	"Urochloa mosambicensis"^^<http://www.w3.org/2001/XMLSchema#string>	"Leaf nitrogen content"	"Leaf nitrogen content per dry mass (Nmass)"^^<http://www.w3.org/2001/XMLSchema#string>	1.55	<http://qudt.org/vocab/unit/PERCENT>	"%"^^<http://www.w3.org/2001/XMLSchema#string>
<http://www.wikidata.org/entity/Q15514005>	"Vriesea gladioliflora"^^<http://www.w3.org/2001/XMLSchema#string>	"Leaf nitrogen content"	"Leaf nitrogen content per dry mass (Nmass)"^^<http://www.w3.org/2001/XMLSchema#string>	0.96	<http://qudt.org/vocab/unit/PERCENT>	"%"^^<http://www.w3.org/2001/XMLSchema#string>
<http://www.wikidata.org/entity/Q15514005>	"Vriesea gladioliflora"^^<http://www.w3.org/2001/XMLSchema#string>	"Leaf nitrogen content"	"Leaf nitrogen content per dry mass (Nmass)"^^<http://www.w3.org/2001/XMLSchema#string>	0.8	<http://qudt.org/vocab/unit/PERCENT>	"%"^^<http://www.w3.org/2001/XMLSchema#string>
<http://www.wikidata.org/entity/Q15515404>	"Eragrostis superba"^^<http://www.w3.org/2001/XMLSchema#string>	"Leaf nitrogen content"	"Leaf nitrogen content per dry mass (Nmass)"^^<http://www.w3.org/2001/XMLSchema#string>	1.32	<http://qudt.org/vocab/unit/PERCENT>	"%"^^<http://www.w3.org/2001/XMLSchema#string>
<http://www.wikidata.org/entity/Q15518693>	"Helictotrichon crassifolium"^^<http://www.w3.org/2001/XMLSchema#string>	"Leaf nitrogen content"	"Leaf nitrogen content per dry mass (Nmass)"^^<http://www.w3.org/2001/XMLSchema#string>	2.22	<http://qudt.org/vocab/unit/PERCENT>	"%"^^<http://www.w3.org/2001/XMLSchema#string>
<http://www.wikidata.org/entity/Q15521070>	"Sesleria nitida"^^<http://www.w3.org/2001/XMLSchema#string>	"Leaf nitrogen content"	"Leaf nitrogen content per dry mass (Nmass)"^^<http://www.w3.org/2001/XMLSchema#string>	1.327	<http://qudt.org/vocab/unit/PERCENT>	"%"^^<http://www.w3.org/2001/XMLSchema#string>
<http://www.wikidata.org/entity/Q15521070>	"Sesleria nitida"^^<http://www.w3.org/2001/XMLSchema#string>	"Leaf nitrogen content"	"Leaf nitrogen content per dry mass (Nmass)"^^<http://www.w3.org/2001/XMLSchema#string>	1.655447	<http://qudt.org/vocab/unit/PERCENT>	"%"^^<http://www.w3.org/2001/XMLSchema#string>
<http://www.wikidata.org/entity/Q15521070>	"Sesleria nitida"^^<http://www.w3.org/2001/XMLSchema#string>	"Leaf nitrogen content"	"Leaf nitrogen content per dry mass (Nmass)"^^<http://www.w3.org/2001/XMLSchema#string>	1.761249	<http://qudt.org/vocab/unit/PERCENT>	"%"^^<http://www.w3.org/2001/XMLSchema#string>
<http://www.wikidata.org/entity/Q15521070>	"Sesleria nitida"^^<http://www.w3.org/2001/XMLSchema#string>	"Leaf nitrogen content"	"Leaf nitrogen content per dry mass (Nmass)"^^<http://www.w3.org/2001/XMLSchema#string>	1.762964	<http://qudt.org/vocab/unit/PERCENT>	"%"^^<http://www.w3.org/2001/XMLSchema#string>
<http://www.wikidata.org/entity/Q15522806>	"Sorghum plumosum"^^<http://www.w3.org/2001/XMLSchema#string>	"Leaf nitrogen content"	"Leaf nitrogen content per dry mass (Nmass)"^^<http://www.w3.org/2001/XMLSchema#string>	1.0	<http://qudt.org/vocab/unit/PERCENT>	"%"^^<http://www.w3.org/2001/XMLSchema#string>
<http://www.wikidata.org/entity/Q15522806>	"Sorghum plumosum"^^<http://www.w3.org/2001/XMLSchema#string>	"Leaf nitrogen content"	"Leaf nitrogen content per dry mass (Nmass)"^^<http://www.w3.org/2001/XMLSchema#string>	1.01	<http://qudt.org/vocab/unit/PERCENT>	"%"^^<http://www.w3.org/2001/XMLSchema#string>
<http://www.wikidata.org/entity/Q15524222>	"Andira parviflora"^^<http://www.w3.org/2001/XMLSchema#string>	"Leaf nitrogen content"	"Leaf nitrogen content per dry mass (Nmass)"^^<http://www.w3.org/2001/XMLSchema#string>	1.88	<http://qudt.org/vocab/unit/PERCENT>	"%"^^<http://www.w3.org/2001/XMLSchema#string>
<http://www.wikidata.org/entity/Q15525263>	"Vatairea macrocarpa"^^<http://www.w3.org/2001/XMLSchema#string>	"Leaf nitrogen content"	"Leaf nitrogen content per dry mass (Nmass)"^^<http://www.w3.org/2001/XMLSchema#string>	1.39	<http://qudt.org/vocab/unit/PERCENT>	"%"^^<http://www.w3.org/2001/XMLSchema#string>
<http://www.wikidata.org/entity/Q15525263>	"Vatairea macrocarpa"^^<http://www.w3.org/2001/XMLSchema#string>	"Leaf phosphorus content"	"Leaf phosphorus content per dry mass (Pmass)"^^<http://www.w3.org/2001/XMLSchema#string>	0.069	<http://qudt.org/vocab/unit/PERCENT>	"%"^^<http://www.w3.org/2001/XMLSchema#string>
<http://www.wikidata.org/entity/Q15525344>	"Soymida febrifuga"^^<http://www.w3.org/2001/XMLSchema#string>	"Leaf nitrogen content"	"Leaf nitrogen content per dry mass (Nmass)"^^<http://www.w3.org/2001/XMLSchema#string>	1.41	<http://qudt.org/vocab/unit/PERCENT>	"%"^^<http://www.w3.org/2001/XMLSchema#string>
<http://www.wikidata.org/entity/Q15525483>	"Inga rubiginosa"^^<http://www.w3.org/2001/XMLSchema#string>	"Leaf nitrogen content"	"Leaf nitrogen content per dry mass (Nmass)"^^<http://www.w3.org/2001/XMLSchema#string>	2.88	<http://qudt.org/vocab/unit/PERCENT>	"%"^^<http://www.w3.org/2001/XMLSchema#string>
<http://www.wikidata.org/entity/Q15525483>	"Inga rubiginosa"^^<http://www.w3.org/2001/XMLSchema#string>	"Leaf nitrogen content"	"Leaf nitrogen content per dry mass (Nmass)"^^<http://www.w3.org/2001/XMLSchema#string>	2.77	<http://qudt.org/vocab/unit/PERCENT>	"%"^^<http://www.w3.org/2001/XMLSchema#string>
<http://www.wikidata.org/entity/Q15528838>	"Spiraea pubescens"^^<http://www.w3.org/2001/XMLSchema#string>	"Leaf nitrogen content"	"Leaf nitrogen content per dry mass (Nmass)"^^<http://www.w3.org/2001/XMLSchema#string>	2.16	<http://qudt.org/vocab/unit/PERCENT>	"%"^^<http://www.w3.org/2001/XMLSchema#string>
<http://www.wikidata.org/entity/Q15529973>	"Copaifera multijuga"^^<http://www.w3.org/2001/XMLSchema#string>	"Leaf nitrogen content"	"Leaf nitrogen content per dry mass (Nmass)"^^<http://www.w3.org/2001/XMLSchema#string>	2.75	<http://qudt.org/vocab/unit/PERCENT>	"%"^^<http://www.w3.org/2001/XMLSchema#string>
<http://www.wikidata.org/entity/Q15529973>	"Copaifera multijuga"^^<http://www.w3.org/2001/XMLSchema#string>	"Leaf nitrogen content"	"Leaf nitrogen content per dry mass (Nmass)"^^<http://www.w3.org/2001/XMLSchema#string>	2.64	<http://qudt.org/vocab/unit/PERCENT>	"%"^^<http://www.w3.org/2001/XMLSchema#string>
<http://www.wikidata.org/entity/Q15529973>	"Copaifera multijuga"^^<http://www.w3.org/2001/XMLSchema#string>	"Leaf nitrogen content"	"Leaf nitrogen content per dry mass (Nmass)"^^<http://www.w3.org/2001/XMLSchema#string>	2.61	<http://qudt.org/vocab/unit/PERCENT>	"%"^^<http://www.w3.org/2001/XMLSchema#string>
<http://www.wikidata.org/entity/Q15534790>	"Elizabetha speciosa"^^<http://www.w3.org/2001/XMLSchema#string>	"Leaf nitrogen content"	"Leaf nitrogen content per dry mass (Nmass)"^^<http://www.w3.org/2001/XMLSchema#string>	1.39	<http://qudt.org/vocab/unit/PERCENT>	"%"^^<http://www.w3.org/2001/XMLSchema#string>
<http://www.wikidata.org/entity/Q15534829>	"Eperua leucantha"^^<http://www.w3.org/2001/XMLSchema#string>	"Leaf nitrogen content"	"Leaf nitrogen content per dry mass (Nmass)"^^<http://www.w3.org/2001/XMLSchema#string>	1.21	<http://qudt.org/vocab/unit/PERCENT>	"%"^^<http://www.w3.org/2001/XMLSchema#string>
<http://www.wikidata.org/entity/Q15534829>	"Eperua leucantha"^^<http://www.w3.org/2001/XMLSchema#string>	"Leaf nitrogen content"	"Leaf nitrogen content per dry mass (Nmass)"^^<http://www.w3.org/2001/XMLSchema#string>	1.62	<http://qudt.org/vocab/unit/PERCENT>	"%"^^<http://www.w3.org/2001/XMLSchema#string>
<http://www.wikidata.org/entity/Q15534829>	"Eperua leucantha"^^<http://www.w3.org/2001/XMLSchema#string>	"Leaf nitrogen content"	"Leaf nitrogen content per dry mass (Nmass)"^^<http://www.w3.org/2001/XMLSchema#string>	1.49	<http://qudt.org/vocab/unit/PERCENT>	"%"^^<http://www.w3.org/2001/XMLSchema#string>
<http://www.wikidata.org/entity/Q15534829>	"Eperua leucantha"^^<http://www.w3.org/2001/XMLSchema#string>	"Leaf nitrogen content"	"Leaf nitrogen content per dry mass (Nmass)"^^<http://www.w3.org/2001/XMLSchema#string>	1.46	<http://qudt.org/vocab/unit/PERCENT>	"%"^^<http://www.w3.org/2001/XMLSchema#string>
<http://www.wikidata.org/entity/Q15534829>	"Eperua leucantha"^^<http://www.w3.org/2001/XMLSchema#string>	"Leaf nitrogen content"	"Leaf nitrogen content per dry mass (Nmass)"^^<http://www.w3.org/2001/XMLSchema#string>	1.34	<http://qudt.org/vocab/unit/PERCENT>	"%"^^<http://www.w3.org/2001/XMLSchema#string>
<http://www.wikidata.org/entity/Q15534829>	"Eperua leucantha"^^<http://www.w3.org/2001/XMLSchema#string>	"Leaf nitrogen content"	"Leaf nitrogen content per dry mass (Nmass)"^^<http://www.w3.org/2001/XMLSchema#string>	1.31	<http://qudt.org/vocab/unit/PERCENT>	"%"^^<http://www.w3.org/2001/XMLSchema#string>
<http://www.wikidata.org/entity/Q15534829>	"Eperua leucantha"^^<http://www.w3.org/2001/XMLSchema#string>	"Leaf nitrogen content"	"Leaf nitrogen content per dry mass (Nmass)"^^<http://www.w3.org/2001/XMLSchema#string>	1.3	<http://qudt.org/vocab/unit/PERCENT>	"%"^^<http://www.w3.org/2001/XMLSchema#string>
<http://www.wikidata.org/entity/Q15534829>	"Eperua leucantha"^^<http://www.w3.org/2001/XMLSchema#string>	"Leaf nitrogen content"	"Leaf nitrogen content per dry mass (Nmass)"^^<http://www.w3.org/2001/XMLSchema#string>	1.28	<http://qudt.org/vocab/unit/PERCENT>	"%"^^<http://www.w3.org/2001/XMLSchema#string>
<http://www.wikidata.org/entity/Q15534829>	"Eperua leucantha"^^<http://www.w3.org/2001/XMLSchema#string>	"Leaf nitrogen content"	"Leaf nitrogen content per dry mass (Nmass)"^^<http://www.w3.org/2001/XMLSchema#string>	1.12	<http://qudt.org/vocab/unit/PERCENT>	"%"^^<http://www.w3.org/2001/XMLSchema#string>
<http://www.wikidata.org/entity/Q15534829>	"Eperua leucantha"^^<http://www.w3.org/2001/XMLSchema#string>	"Leaf phosphorus content"	"Leaf phosphorus content per dry mass (Pmass)"^^<http://www.w3.org/2001/XMLSchema#string>	0.09	<http://qudt.org/vocab/unit/PERCENT>	"%"^^<http://www.w3.org/2001/XMLSchema#string>
<http://www.wikidata.org/entity/Q15535131>	"Eperua purpurea"^^<http://www.w3.org/2001/XMLSchema#string>	"Leaf nitrogen content"	"Leaf nitrogen content per dry mass (Nmass)"^^<http://www.w3.org/2001/XMLSchema#string>	1.76	<http://qudt.org/vocab/unit/PERCENT>	"%"^^<http://www.w3.org/2001/XMLSchema#string>
<http://www.wikidata.org/entity/Q15535131>	"Eperua purpurea"^^<http://www.w3.org/2001/XMLSchema#string>	"Leaf nitrogen content"	"Leaf nitrogen content per dry mass (Nmass)"^^<http://www.w3.org/2001/XMLSchema#string>	1.81	<http://qudt.org/vocab/unit/PERCENT>	"%"^^<http://www.w3.org/2001/XMLSchema#string>
<http://www.wikidata.org/entity/Q15535131>	"Eperua purpurea"^^<http://www.w3.org/2001/XMLSchema#string>	"Leaf nitrogen content"	"Leaf nitrogen content per dry mass (Nmass)"^^<http://www.w3.org/2001/XMLSchema#string>	1.82	<http://qudt.org/vocab/unit/PERCENT>	"%"^^<http://www.w3.org/2001/XMLSchema#string>
<http://www.wikidata.org/entity/Q15535131>	"Eperua purpurea"^^<http://www.w3.org/2001/XMLSchema#string>	"Leaf nitrogen content"	"Leaf nitrogen content per dry mass (Nmass)"^^<http://www.w3.org/2001/XMLSchema#string>	1.41	<http://qudt.org/vocab/unit/PERCENT>	"%"^^<http://www.w3.org/2001/XMLSchema#string>
<http://www.wikidata.org/entity/Q15535131>	"Eperua purpurea"^^<http://www.w3.org/2001/XMLSchema#string>	"Leaf nitrogen content"	"Leaf nitrogen content per dry mass (Nmass)"^^<http://www.w3.org/2001/XMLSchema#string>	1.42	<http://qudt.org/vocab/unit/PERCENT>	"%"^^<http://www.w3.org/2001/XMLSchema#string>
<http://www.wikidata.org/entity/Q15535131>	"Eperua purpurea"^^<http://www.w3.org/2001/XMLSchema#string>	"Leaf nitrogen content"	"Leaf nitrogen content per dry mass (Nmass)"^^<http://www.w3.org/2001/XMLSchema#string>	1.55	<http://qudt.org/vocab/unit/PERCENT>	"%"^^<http://www.w3.org/2001/XMLSchema#string>
<http://www.wikidata.org/entity/Q15535131>	"Eperua purpurea"^^<http://www.w3.org/2001/XMLSchema#string>	"Leaf nitrogen content"	"Leaf nitrogen content per dry mass (Nmass)"^^<http://www.w3.org/2001/XMLSchema#string>	1.61	<http://qudt.org/vocab/unit/PERCENT>	"%"^^<http://www.w3.org/2001/XMLSchema#string>
<http://www.wikidata.org/entity/Q15535131>	"Eperua purpurea"^^<http://www.w3.org/2001/XMLSchema#string>	"Leaf nitrogen content"	"Leaf nitrogen content per dry mass (Nmass)"^^<http://www.w3.org/2001/XMLSchema#string>	1.68	<http://qudt.org/vocab/unit/PERCENT>	"%"^^<http://www.w3.org/2001/XMLSchema#string>
<http://www.wikidata.org/entity/Q15535131>	"Eperua purpurea"^^<http://www.w3.org/2001/XMLSchema#string>	"Leaf phosphorus content"	"Leaf phosphorus content per dry mass (Pmass)"^^<http://www.w3.org/2001/XMLSchema#string>	0.06	<http://qudt.org/vocab/unit/PERCENT>	"%"^^<http://www.w3.org/2001/XMLSchema#string>
<http://www.wikidata.org/entity/Q15538028>	"Inga macrophylla"^^<http://www.w3.org/2001/XMLSchema#string>	"Leaf nitrogen content"	"Leaf nitrogen content per dry mass (Nmass)"^^<http://www.w3.org/2001/XMLSchema#string>	2.97	<http://qudt.org/vocab/unit/PERCENT>	"%"^^<http://www.w3.org/2001/XMLSchema#string>
<http://www.wikidata.org/entity/Q15538546>	"Liatris squarrosa"^^<http://www.w3.org/2001/XMLSchema#string>	"Leaf nitrogen content"	"Leaf nitrogen content per dry mass (Nmass)"^^<http://www.w3.org/2001/XMLSchema#string>	22.06384	<http://qudt.org/vocab/unit/MilliGM-PER-GM>	"mg/g"^^<http://www.w3.org/2001/XMLSchema#string>
<http://www.wikidata.org/entity/Q15538546>	"Liatris squarrosa"^^<http://www.w3.org/2001/XMLSchema#string>	"Specific leaf area"	"SLA: petiole  excluded"^^<http://www.w3.org/2001/XMLSchema#string>	216.06	<http://qudt.org/vocab/unit/CentiM2-PER-GM>	"cm2/g"^^<http://www.w3.org/2001/XMLSchema#string>
<http://www.wikidata.org/entity/Q15539496>	"Buchanania cochinchinensis"^^<http://www.w3.org/2001/XMLSchema#string>	"Leaf nitrogen content"	"Leaf nitrogen content per dry mass (Nmass)"^^<http://www.w3.org/2001/XMLSchema#string>	1.99	<http://qudt.org/vocab/unit/PERCENT>	"%"^^<http://www.w3.org/2001/XMLSchema#string>
<http://www.wikidata.org/entity/Q15542306>	"Tachigali myrmecophila"^^<http://www.w3.org/2001/XMLSchema#string>	"Leaf nitrogen content"	"Leaf nitrogen content per dry mass (Nmass)"^^<http://www.w3.org/2001/XMLSchema#string>	3.52	<http://qudt.org/vocab/unit/PERCENT>	"%"^^<http://www.w3.org/2001/XMLSchema#string>
<http://www.wikidata.org/entity/Q15542419>	"Tachigali paraensis"^^<http://www.w3.org/2001/XMLSchema#string>	"Leaf nitrogen content"	"Leaf nitrogen content per dry mass (Nmass)"^^<http://www.w3.org/2001/XMLSchema#string>	2.18	<http://qudt.org/vocab/unit/PERCENT>	"%"^^<http://www.w3.org/2001/XMLSchema#string>
<http://www.wikidata.org/entity/Q15543132>	"Sweetia fruticosa"^^<http://www.w3.org/2001/XMLSchema#string>	"Leaf nitrogen content"	"Leaf nitrogen content per dry mass (Nmass)"^^<http://www.w3.org/2001/XMLSchema#string>	2.3	<http://qudt.org/vocab/unit/PERCENT>	"%"^^<http://www.w3.org/2001/XMLSchema#string>
<http://www.wikidata.org/entity/Q15543167>	"Tachigali vasquezii"^^<http://www.w3.org/2001/XMLSchema#string>	"Specific leaf area"	"SLA: undefined if petiole in- or excluded"^^<http://www.w3.org/2001/XMLSchema#string>	23.25581	<http://qudt.org/vocab/unit/M2-PER-KiloGM>	"m2/kg"^^<http://www.w3.org/2001/XMLSchema#string>
<http://www.wikidata.org/entity/Q15543246>	"Tachigali venusta"^^<http://www.w3.org/2001/XMLSchema#string>	"Leaf phosphorus content"	"Leaf phosphorus content per dry mass (Pmass)"^^<http://www.w3.org/2001/XMLSchema#string>	0.065	<http://qudt.org/vocab/unit/PERCENT>	"%"^^<http://www.w3.org/2001/XMLSchema#string>
<http://www.wikidata.org/entity/Q15543448>	"Tachigali vulgaris"^^<http://www.w3.org/2001/XMLSchema#string>	"Leaf phosphorus content"	"Leaf phosphorus content per dry mass (Pmass)"^^<http://www.w3.org/2001/XMLSchema#string>	0.05714286	<http://qudt.org/vocab/unit/PERCENT>	"%"^^<http://www.w3.org/2001/XMLSchema#string>
<http://www.wikidata.org/entity/Q15544335>	"Tachigali micropetala"^^<http://www.w3.org/2001/XMLSchema#string>	"Leaf nitrogen content"	"Leaf nitrogen content per dry mass (Nmass)"^^<http://www.w3.org/2001/XMLSchema#string>	2.2	<http://qudt.org/vocab/unit/PERCENT>	"%"^^<http://www.w3.org/2001/XMLSchema#string>
<http://www.wikidata.org/entity/Q15544899>	"Vachellia erioloba"^^<http://www.w3.org/2001/XMLSchema#string>	"Leaf nitrogen content"	"Leaf nitrogen content per dry mass (Nmass)"^^<http://www.w3.org/2001/XMLSchema#string>	2.86	<http://qudt.org/vocab/unit/PERCENT>	"%"^^<http://www.w3.org/2001/XMLSchema#string>
<http://www.wikidata.org/entity/Q15545011>	"Trifolium pilulare"^^<http://www.w3.org/2001/XMLSchema#string>	"Specific leaf area"	"SLA: undefined if petiole in- or excluded"^^<http://www.w3.org/2001/XMLSchema#string>	345.5612	<http://qudt.org/vocab/unit/CentiM2-PER-GM>	"SLA cm2/g"^^<http://www.w3.org/2001/XMLSchema#string>
<http://www.wikidata.org/entity/Q15545060>	"Protium apiculatum"^^<http://www.w3.org/2001/XMLSchema#string>	"Leaf nitrogen content"	"Leaf nitrogen content per dry mass (Nmass)"^^<http://www.w3.org/2001/XMLSchema#string>	1.63	<http://qudt.org/vocab/unit/PERCENT>	"%"^^<http://www.w3.org/2001/XMLSchema#string>
<http://www.wikidata.org/entity/Q15545060>	"Protium apiculatum"^^<http://www.w3.org/2001/XMLSchema#string>	"Leaf nitrogen content"	"Leaf nitrogen content per dry mass (Nmass)"^^<http://www.w3.org/2001/XMLSchema#string>	2.14	<http://qudt.org/vocab/unit/PERCENT>	"%"^^<http://www.w3.org/2001/XMLSchema#string>
<http://www.wikidata.org/entity/Q15545060>	"Protium apiculatum"^^<http://www.w3.org/2001/XMLSchema#string>	"Leaf nitrogen content"	"Leaf nitrogen content per dry mass (Nmass)"^^<http://www.w3.org/2001/XMLSchema#string>	2.61	<http://qudt.org/vocab/unit/PERCENT>	"%"^^<http://www.w3.org/2001/XMLSchema#string>
<http://www.wikidata.org/entity/Q15545223>	"Tibetia himalaica"^^<http://www.w3.org/2001/XMLSchema#string>	"Leaf nitrogen content"	"Leaf nitrogen content per dry mass (Nmass)"^^<http://www.w3.org/2001/XMLSchema#string>	2.68	<http://qudt.org/vocab/unit/PERCENT>	"%"^^<http://www.w3.org/2001/XMLSchema#string>
<http://www.wikidata.org/entity/Q15545223>	"Tibetia himalaica"^^<http://www.w3.org/2001/XMLSchema#string>	"Leaf phosphorus content"	"Leaf phosphorus content per dry mass (Pmass)"^^<http://www.w3.org/2001/XMLSchema#string>	0.06326811	<http://qudt.org/vocab/unit/PERCENT>	"%"^^<http://www.w3.org/2001/XMLSchema#string>
<http://www.wikidata.org/entity/Q15545765>	"Protium robustum"^^<http://www.w3.org/2001/XMLSchema#string>	"Leaf nitrogen content"	"Leaf nitrogen content per dry mass (Nmass)"^^<http://www.w3.org/2001/XMLSchema#string>	1.52	<http://qudt.org/vocab/unit/PERCENT>	"%"^^<http://www.w3.org/2001/XMLSchema#string>
<http://www.wikidata.org/entity/Q15545765>	"Protium robustum"^^<http://www.w3.org/2001/XMLSchema#string>	"Leaf nitrogen content"	"Leaf nitrogen content per dry mass (Nmass)"^^<http://www.w3.org/2001/XMLSchema#string>	1.51	<http://qudt.org/vocab/unit/PERCENT>	"%"^^<http://www.w3.org/2001/XMLSchema#string>
<http://www.wikidata.org/entity/Q15545834>	"Dendropanax arboreus"^^<http://www.w3.org/2001/XMLSchema#string>	"Leaf nitrogen content"	"Leaf nitrogen content per dry mass (Nmass)"^^<http://www.w3.org/2001/XMLSchema#string>	2.0	<http://qudt.org/vocab/unit/PERCENT>	"%"^^<http://www.w3.org/2001/XMLSchema#string>
<http://www.wikidata.org/entity/Q15545976>	"Protium spruceanum"^^<http://www.w3.org/2001/XMLSchema#string>	"Leaf nitrogen content"	"Leaf nitrogen content per dry mass (Nmass)"^^<http://www.w3.org/2001/XMLSchema#string>	2.39	<http://qudt.org/vocab/unit/PERCENT>	"%"^^<http://www.w3.org/2001/XMLSchema#string>
<http://www.wikidata.org/entity/Q15546763>	"Chengiopanax sciadophylloides"^^<http://www.w3.org/2001/XMLSchema#string>	"Leaf nitrogen content"	"Leaf nitrogen content per dry mass (Nmass)"^^<http://www.w3.org/2001/XMLSchema#string>	2.35	<http://qudt.org/vocab/unit/PERCENT>	"%"^^<http://www.w3.org/2001/XMLSchema#string>
<http://www.wikidata.org/entity/Q15546763>	"Chengiopanax sciadophylloides"^^<http://www.w3.org/2001/XMLSchema#string>	"Specific leaf area"	"SLA: undefined if petiole in- or excluded"^^<http://www.w3.org/2001/XMLSchema#string>	374.5318	<http://qudt.org/vocab/unit/CentiM2-PER-GM>	"SLA cm2/g"^^<http://www.w3.org/2001/XMLSchema#string>
<http://www.wikidata.org/entity/Q15547475>	"Cupania cinerea"^^<http://www.w3.org/2001/XMLSchema#string>	"Leaf nitrogen content"	"Leaf nitrogen content per dry mass (Nmass)"^^<http://www.w3.org/2001/XMLSchema#string>	2.3	<http://qudt.org/vocab/unit/PERCENT>	"%"^^<http://www.w3.org/2001/XMLSchema#string>
<http://www.wikidata.org/entity/Q15547865>	"Ochthodium aegyptiacum"^^<http://www.w3.org/2001/XMLSchema#string>	"Specific leaf area"	"SLA: undefined if petiole in- or excluded"^^<http://www.w3.org/2001/XMLSchema#string>	346.6658	<http://qudt.org/vocab/unit/CentiM2-PER-GM>	"SLA cm2/g"^^<http://www.w3.org/2001/XMLSchema#string>
<http://www.wikidata.org/entity/Q15548072>	"Glehnia littoralis"^^<http://www.w3.org/2001/XMLSchema#string>	"Leaf nitrogen content"	"Leaf nitrogen content per dry mass (Nmass)"^^<http://www.w3.org/2001/XMLSchema#string>	1.59	<http://qudt.org/vocab/unit/PERCENT>	"%"^^<http://www.w3.org/2001/XMLSchema#string>
<http://www.wikidata.org/entity/Q15548072>	"Glehnia littoralis"^^<http://www.w3.org/2001/XMLSchema#string>	"Leaf nitrogen content"	"Leaf nitrogen content per dry mass (Nmass)"^^<http://www.w3.org/2001/XMLSchema#string>	15.9	<http://qudt.org/vocab/unit/MilliGM-PER-GM>	"mg/g"^^<http://www.w3.org/2001/XMLSchema#string>
<http://www.wikidata.org/entity/Q15548072>	"Glehnia littoralis"^^<http://www.w3.org/2001/XMLSchema#string>	"Leaf phosphorus content"	"Leaf phosphorus content per dry mass (Pmass)"^^<http://www.w3.org/2001/XMLSchema#string>	3.42	<http://qudt.org/vocab/unit/MilliGM-PER-GM>	"mg/g"^^<http://www.w3.org/2001/XMLSchema#string>
<http://www.wikidata.org/entity/Q15549635>	"Fridericia prancei"^^<http://www.w3.org/2001/XMLSchema#string>	"Leaf nitrogen content"	"Leaf nitrogen content per dry mass (Nmass)"^^<http://www.w3.org/2001/XMLSchema#string>	2.55	<http://qudt.org/vocab/unit/PERCENT>	"%"^^<http://www.w3.org/2001/XMLSchema#string>
<http://www.wikidata.org/entity/Q15551941>	"Dendropanax ravenii"^^<http://www.w3.org/2001/XMLSchema#string>	"Leaf phosphorus content"	"Leaf phosphorus content per dry mass (Pmass)"^^<http://www.w3.org/2001/XMLSchema#string>	0.07	<http://qudt.org/vocab/unit/PERCENT>	"% mass/mass"^^<http://www.w3.org/2001/XMLSchema#string>
<http://www.wikidata.org/entity/Q15553086>	"Tabebuia roseoalba"^^<http://www.w3.org/2001/XMLSchema#string>	"Leaf phosphorus content"	"Leaf phosphorus content per dry mass (Pmass)"^^<http://www.w3.org/2001/XMLSchema#string>	0.09285714	<http://qudt.org/vocab/unit/PERCENT>	"%"^^<http://www.w3.org/2001/XMLSchema#string>
<http://www.wikidata.org/entity/Q15554002>	"Urera caracasana"^^<http://www.w3.org/2001/XMLSchema#string>	"Leaf nitrogen content"	"Leaf nitrogen content per dry mass (Nmass)"^^<http://www.w3.org/2001/XMLSchema#string>	2.5	<http://qudt.org/vocab/unit/PERCENT>	"%"^^<http://www.w3.org/2001/XMLSchema#string>
<http://www.wikidata.org/entity/Q15559031>	"Schefflera macrocarpa"^^<http://www.w3.org/2001/XMLSchema#string>	"Leaf nitrogen content"	"Leaf nitrogen content per dry mass (Nmass)"^^<http://www.w3.org/2001/XMLSchema#string>	0.84	<http://qudt.org/vocab/unit/PERCENT>	"%"^^<http://www.w3.org/2001/XMLSchema#string>
<http://www.wikidata.org/entity/Q15559031>	"Schefflera macrocarpa"^^<http://www.w3.org/2001/XMLSchema#string>	"Leaf nitrogen content"	"Leaf nitrogen content per dry mass (Nmass)"^^<http://www.w3.org/2001/XMLSchema#string>	1.28	<http://qudt.org/vocab/unit/PERCENT>	"%"^^<http://www.w3.org/2001/XMLSchema#string>
<http://www.wikidata.org/entity/Q15559031>	"Schefflera macrocarpa"^^<http://www.w3.org/2001/XMLSchema#string>	"Leaf phosphorus content"	"Leaf phosphorus content per dry mass (Pmass)"^^<http://www.w3.org/2001/XMLSchema#string>	0.06428571	<http://qudt.org/vocab/unit/PERCENT>	"%"^^<http://www.w3.org/2001/XMLSchema#string>
<http://www.wikidata.org/entity/Q15559217>	"Carthamus glaucus"^^<http://www.w3.org/2001/XMLSchema#string>	"Specific leaf area"	"SLA: undefined if petiole in- or excluded"^^<http://www.w3.org/2001/XMLSchema#string>	258.2956	<http://qudt.org/vocab/unit/CentiM2-PER-GM>	"SLA cm2/g"^^<http://www.w3.org/2001/XMLSchema#string>
<http://www.wikidata.org/entity/Q15559963>	"Cassinia laevis"^^<http://www.w3.org/2001/XMLSchema#string>	"Leaf phosphorus content"	"Leaf phosphorus content per dry mass (Pmass)"^^<http://www.w3.org/2001/XMLSchema#string>	0.104	<http://qudt.org/vocab/unit/PERCENT>	"%"^^<http://www.w3.org/2001/XMLSchema#string>
<http://www.wikidata.org/entity/Q15565314>	"Verbesina turbacensis"^^<http://www.w3.org/2001/XMLSchema#string>	"Leaf nitrogen content"	"Leaf nitrogen content per dry mass (Nmass)"^^<http://www.w3.org/2001/XMLSchema#string>	23.8	<http://qudt.org/vocab/unit/MilliGM-PER-GM>	"mg g-1"^^<http://www.w3.org/2001/XMLSchema#string>
<http://www.wikidata.org/entity/Q15565314>	"Verbesina turbacensis"^^<http://www.w3.org/2001/XMLSchema#string>	"Leaf nitrogen content"	"Leaf nitrogen content per dry mass (Nmass)"^^<http://www.w3.org/2001/XMLSchema#string>	2.38	<http://qudt.org/vocab/unit/PERCENT>	"%"^^<http://www.w3.org/2001/XMLSchema#string>
<http://www.wikidata.org/entity/Q15568528>	"Solidago rigida"^^<http://www.w3.org/2001/XMLSchema#string>	"Leaf nitrogen content"	"Leaf nitrogen content per dry mass (Nmass)"^^<http://www.w3.org/2001/XMLSchema#string>	1.491695	<http://qudt.org/vocab/unit/PERCENT>	"%"^^<http://www.w3.org/2001/XMLSchema#string>
<http://www.wikidata.org/entity/Q15568528>	"Solidago rigida"^^<http://www.w3.org/2001/XMLSchema#string>	"Leaf nitrogen content"	"Leaf nitrogen content per dry mass (Nmass)"^^<http://www.w3.org/2001/XMLSchema#string>	1.27	<http://qudt.org/vocab/unit/PERCENT>	"%"^^<http://www.w3.org/2001/XMLSchema#string>
<http://www.wikidata.org/entity/Q15568829>	"Crepis triasii"^^<http://www.w3.org/2001/XMLSchema#string>	"Leaf nitrogen content"	"Leaf nitrogen content per dry mass (Nmass)"^^<http://www.w3.org/2001/XMLSchema#string>	3.31	<http://qudt.org/vocab/unit/PERCENT>	"%"^^<http://www.w3.org/2001/XMLSchema#string>
<http://www.wikidata.org/entity/Q15569506>	"Nothocalais cuspidata"^^<http://www.w3.org/2001/XMLSchema#string>	"Leaf nitrogen content"	"Leaf nitrogen content per dry mass (Nmass)"^^<http://www.w3.org/2001/XMLSchema#string>	22.67218	<http://qudt.org/vocab/unit/MilliGM-PER-GM>	"mg/g"^^<http://www.w3.org/2001/XMLSchema#string>
<http://www.wikidata.org/entity/Q15569506>	"Nothocalais cuspidata"^^<http://www.w3.org/2001/XMLSchema#string>	"Specific leaf area"	"SLA: petiole  excluded"^^<http://www.w3.org/2001/XMLSchema#string>	170.0	<http://qudt.org/vocab/unit/CentiM2-PER-GM>	"cm2/g"^^<http://www.w3.org/2001/XMLSchema#string>
<http://www.wikidata.org/entity/Q15573721>	"Ageratina liebmannii"^^<http://www.w3.org/2001/XMLSchema#string>	"Leaf nitrogen content"	"Leaf nitrogen content per dry mass (Nmass)"^^<http://www.w3.org/2001/XMLSchema#string>	3.92	<http://qudt.org/vocab/unit/PERCENT>	"%"^^<http://www.w3.org/2001/XMLSchema#string>
<http://www.wikidata.org/entity/Q15575690>	"Carex kauaiensis"^^<http://www.w3.org/2001/XMLSchema#string>	"Leaf nitrogen content"	"Leaf nitrogen content per dry mass (Nmass)"^^<http://www.w3.org/2001/XMLSchema#string>	0.97	<http://qudt.org/vocab/unit/PERCENT>	"%"^^<http://www.w3.org/2001/XMLSchema#string>
<http://www.wikidata.org/entity/Q15576400>	"Silene mollissima"^^<http://www.w3.org/2001/XMLSchema#string>	"Leaf nitrogen content"	"Leaf nitrogen content per dry mass (Nmass)"^^<http://www.w3.org/2001/XMLSchema#string>	3.66	<http://qudt.org/vocab/unit/PERCENT>	"%"^^<http://www.w3.org/2001/XMLSchema#string>
<http://www.wikidata.org/entity/Q15577479>	"Adenocalymma impressum"^^<http://www.w3.org/2001/XMLSchema#string>	"Leaf nitrogen content"	"Leaf nitrogen content per dry mass (Nmass)"^^<http://www.w3.org/2001/XMLSchema#string>	0.0257	<http://qudt.org/vocab/unit/KiloGM-PER-KiloGM>	"kg/kg"^^<http://www.w3.org/2001/XMLSchema#string>
<http://www.wikidata.org/entity/Q15578257>	"Adenocalymma tanaeciicarpum"^^<http://www.w3.org/2001/XMLSchema#string>	"Leaf nitrogen content"	"Leaf nitrogen content per dry mass (Nmass)"^^<http://www.w3.org/2001/XMLSchema#string>	3.26	<http://qudt.org/vocab/unit/PERCENT>	"%"^^<http://www.w3.org/2001/XMLSchema#string>
<http://www.wikidata.org/entity/Q15578992>	"Carex macrolepis"^^<http://www.w3.org/2001/XMLSchema#string>	"Leaf nitrogen content"	"Leaf nitrogen content per dry mass (Nmass)"^^<http://www.w3.org/2001/XMLSchema#string>	1.142298	<http://qudt.org/vocab/unit/PERCENT>	"%"^^<http://www.w3.org/2001/XMLSchema#string>
<http://www.wikidata.org/entity/Q15578992>	"Carex macrolepis"^^<http://www.w3.org/2001/XMLSchema#string>	"Leaf nitrogen content"	"Leaf nitrogen content per dry mass (Nmass)"^^<http://www.w3.org/2001/XMLSchema#string>	1.620093	<http://qudt.org/vocab/unit/PERCENT>	"%"^^<http://www.w3.org/2001/XMLSchema#string>
<http://www.wikidata.org/entity/Q15579206>	"Cordia liesneri"^^<http://www.w3.org/2001/XMLSchema#string>	"Leaf phosphorus content"	"Leaf phosphorus content per dry mass (Pmass)"^^<http://www.w3.org/2001/XMLSchema#string>	0.06	<http://qudt.org/vocab/unit/PERCENT>	"% mass/mass"^^<http://www.w3.org/2001/XMLSchema#string>
<http://www.wikidata.org/entity/Q15580850>	"Adenocalymma neoflavidum"^^<http://www.w3.org/2001/XMLSchema#string>	"Leaf nitrogen content"	"Leaf nitrogen content per dry mass (Nmass)"^^<http://www.w3.org/2001/XMLSchema#string>	4.49	<http://qudt.org/vocab/unit/PERCENT>	"%"^^<http://www.w3.org/2001/XMLSchema#string>
<http://www.wikidata.org/entity/Q15581338>	"Grevillea pyramidalis"^^<http://www.w3.org/2001/XMLSchema#string>	"Leaf nitrogen content"	"Leaf nitrogen content per dry mass (Nmass)"^^<http://www.w3.org/2001/XMLSchema#string>	0.558	<http://qudt.org/vocab/unit/PERCENT>	"%"^^<http://www.w3.org/2001/XMLSchema#string>
<http://www.wikidata.org/entity/Q15584260>	"Leucadendron salignum"^^<http://www.w3.org/2001/XMLSchema#string>	"Leaf nitrogen content"	"Leaf nitrogen content per dry mass (Nmass)"^^<http://www.w3.org/2001/XMLSchema#string>	0.27	<http://qudt.org/vocab/unit/PERCENT>	"%"^^<http://www.w3.org/2001/XMLSchema#string>
<http://www.wikidata.org/entity/Q15584785>	"Connarus suberosus"^^<http://www.w3.org/2001/XMLSchema#string>	"Leaf nitrogen content"	"Leaf nitrogen content per dry mass (Nmass)"^^<http://www.w3.org/2001/XMLSchema#string>	1.02	<http://qudt.org/vocab/unit/PERCENT>	"%"^^<http://www.w3.org/2001/XMLSchema#string>
<http://www.wikidata.org/entity/Q15584785>	"Connarus suberosus"^^<http://www.w3.org/2001/XMLSchema#string>	"Leaf phosphorus content"	"Leaf phosphorus content per dry mass (Pmass)"^^<http://www.w3.org/2001/XMLSchema#string>	0.042	<http://qudt.org/vocab/unit/PERCENT>	"%"^^<http://www.w3.org/2001/XMLSchema#string>
<http://www.wikidata.org/entity/Q15586820>	"Atriplex stipitata"^^<http://www.w3.org/2001/XMLSchema#string>	"Leaf phosphorus content"	"Leaf phosphorus content per dry mass (Pmass)"^^<http://www.w3.org/2001/XMLSchema#string>	0.132	<http://qudt.org/vocab/unit/PERCENT>	"%"^^<http://www.w3.org/2001/XMLSchema#string>
<http://www.wikidata.org/entity/Q15587729>	"Olearia decurrens"^^<http://www.w3.org/2001/XMLSchema#string>	"Leaf phosphorus content"	"Leaf phosphorus content per dry mass (Pmass)"^^<http://www.w3.org/2001/XMLSchema#string>	0.085	<http://qudt.org/vocab/unit/PERCENT>	"%"^^<http://www.w3.org/2001/XMLSchema#string>
<http://www.wikidata.org/entity/Q15588024>	"Argyrotegium poliochlorum"^^<http://www.w3.org/2001/XMLSchema#string>	"Specific leaf area"	"SLA: undefined if petiole in- or excluded"^^<http://www.w3.org/2001/XMLSchema#string>	263.3	<http://qudt.org/vocab/unit/CentiM2-PER-GM>	"SLA cm2/g"^^<http://www.w3.org/2001/XMLSchema#string>
<http://www.wikidata.org/entity/Q155909>	"Urtica dioica"^^<http://www.w3.org/2001/XMLSchema#string>	"Leaf nitrogen content"	"Leaf nitrogen content per dry mass (Nmass)"^^<http://www.w3.org/2001/XMLSchema#string>	3.4	<http://qudt.org/vocab/unit/PERCENT>	"%"^^<http://www.w3.org/2001/XMLSchema#string>
<http://www.wikidata.org/entity/Q155909>	"Urtica dioica"^^<http://www.w3.org/2001/XMLSchema#string>	"Specific leaf area"	"SLA: undefined if petiole in- or excluded"^^<http://www.w3.org/2001/XMLSchema#string>	247.5	<http://qudt.org/vocab/unit/CentiM2-PER-GM>	"SLA cm2/g"^^<http://www.w3.org/2001/XMLSchema#string>
<http://www.wikidata.org/entity/Q15593797>	"Pilosella officinarum"^^<http://www.w3.org/2001/XMLSchema#string>	"Leaf nitrogen content"	"Leaf nitrogen content per dry mass (Nmass)"^^<http://www.w3.org/2001/XMLSchema#string>	1.392981	<http://qudt.org/vocab/unit/PERCENT>	"%"^^<http://www.w3.org/2001/XMLSchema#string>
<http://www.wikidata.org/entity/Q15593797>	"Pilosella officinarum"^^<http://www.w3.org/2001/XMLSchema#string>	"Leaf nitrogen content"	"Leaf nitrogen content per dry mass (Nmass)"^^<http://www.w3.org/2001/XMLSchema#string>	16.8	<http://qudt.org/vocab/unit/MilliGM-PER-GM>	"(mg g-1)"^^<http://www.w3.org/2001/XMLSchema#string>
<http://www.wikidata.org/entity/Q15593797>	"Pilosella officinarum"^^<http://www.w3.org/2001/XMLSchema#string>	"Leaf phosphorus content"	"Leaf phosphorus content per dry mass (Pmass)"^^<http://www.w3.org/2001/XMLSchema#string>	0.15	<http://qudt.org/vocab/unit/PERCENT>	"%"^^<http://www.w3.org/2001/XMLSchema#string>
<http://www.wikidata.org/entity/Q15593797>	"Pilosella officinarum"^^<http://www.w3.org/2001/XMLSchema#string>	"Specific leaf area"	"SLA: undefined if petiole in- or excluded"^^<http://www.w3.org/2001/XMLSchema#string>	182.0	<http://qudt.org/vocab/unit/CentiM2-PER-GM>	"SLA cm2/g"^^<http://www.w3.org/2001/XMLSchema#string>
<http://www.wikidata.org/entity/Q15595552>	"Neomillspaughia emarginata"^^<http://www.w3.org/2001/XMLSchema#string>	"Leaf nitrogen content"	"Leaf nitrogen content per dry mass (Nmass)"^^<http://www.w3.org/2001/XMLSchema#string>	2.30083	<http://qudt.org/vocab/unit/PERCENT>	"%"^^<http://www.w3.org/2001/XMLSchema#string>
<http://www.wikidata.org/entity/Q15596414>	"Iryanthera sagotiana"^^<http://www.w3.org/2001/XMLSchema#string>	"Leaf nitrogen content"	"Leaf nitrogen content per dry mass (Nmass)"^^<http://www.w3.org/2001/XMLSchema#string>	1.73	<http://qudt.org/vocab/unit/PERCENT>	"%"^^<http://www.w3.org/2001/XMLSchema#string>
<http://www.wikidata.org/entity/Q15597600>	"Campanula micrantha"^^<http://www.w3.org/2001/XMLSchema#string>	"Leaf nitrogen content"	"Leaf nitrogen content per dry mass (Nmass)"^^<http://www.w3.org/2001/XMLSchema#string>	3.075755	<http://qudt.org/vocab/unit/PERCENT>	"%"^^<http://www.w3.org/2001/XMLSchema#string>
<http://www.wikidata.org/entity/Q15598148>	"Siparuna pauciflora"^^<http://www.w3.org/2001/XMLSchema#string>	"Specific leaf area"	"SLA: petiole  excluded"^^<http://www.w3.org/2001/XMLSchema#string>	22.81538	<http://qudt.org/vocab/unit/M2-PER-KiloGM>	"m2 kg-1"^^<http://www.w3.org/2001/XMLSchema#string>
<http://www.wikidata.org/entity/Q15601814>	"Ptilostemon strictus"^^<http://www.w3.org/2001/XMLSchema#string>	"Leaf nitrogen content"	"Leaf nitrogen content per dry mass (Nmass)"^^<http://www.w3.org/2001/XMLSchema#string>	1.241184	<http://qudt.org/vocab/unit/PERCENT>	"%"^^<http://www.w3.org/2001/XMLSchema#string>
<http://www.wikidata.org/entity/Q15602503>	"Triplaris cumingiana"^^<http://www.w3.org/2001/XMLSchema#string>	"Specific leaf area"	"SLA: petiole  excluded"^^<http://www.w3.org/2001/XMLSchema#string>	22.81538	<http://qudt.org/vocab/unit/M2-PER-KiloGM>	"m2 kg-1"^^<http://www.w3.org/2001/XMLSchema#string>
<http://www.wikidata.org/entity/Q15603352>	"Athyrium alpestre"^^<http://www.w3.org/2001/XMLSchema#string>	"Specific leaf area"	"SLA: undefined if petiole in- or excluded"^^<http://www.w3.org/2001/XMLSchema#string>	270.9	<http://qudt.org/vocab/unit/CentiM2-PER-GM>	"SLA cm2/g"^^<http://www.w3.org/2001/XMLSchema#string>
<http://www.wikidata.org/entity/Q15606365>	"Clermontia montis-loa"^^<http://www.w3.org/2001/XMLSchema#string>	"Leaf phosphorus content"	"Leaf phosphorus content per dry mass (Pmass)"^^<http://www.w3.org/2001/XMLSchema#string>	0.13	<http://qudt.org/vocab/unit/PERCENT>	"%"^^<http://www.w3.org/2001/XMLSchema#string>
<http://www.wikidata.org/entity/Q15608855>	"Ocotea guianensis"^^<http://www.w3.org/2001/XMLSchema#string>	"Leaf nitrogen content"	"Leaf nitrogen content per dry mass (Nmass)"^^<http://www.w3.org/2001/XMLSchema#string>	1.8	<http://qudt.org/vocab/unit/PERCENT>	"%"^^<http://www.w3.org/2001/XMLSchema#string>
<http://www.wikidata.org/entity/Q15611709>	"Licaria brasiliensis"^^<http://www.w3.org/2001/XMLSchema#string>	"Leaf nitrogen content"	"Leaf nitrogen content per dry mass (Nmass)"^^<http://www.w3.org/2001/XMLSchema#string>	2.4	<http://qudt.org/vocab/unit/PERCENT>	"%"^^<http://www.w3.org/2001/XMLSchema#string>
<http://www.wikidata.org/entity/Q15611709>	"Licaria brasiliensis"^^<http://www.w3.org/2001/XMLSchema#string>	"Leaf nitrogen content"	"Leaf nitrogen content per dry mass (Nmass)"^^<http://www.w3.org/2001/XMLSchema#string>	2.35	<http://qudt.org/vocab/unit/PERCENT>	"%"^^<http://www.w3.org/2001/XMLSchema#string>
<http://www.wikidata.org/entity/Q15611709>	"Licaria brasiliensis"^^<http://www.w3.org/2001/XMLSchema#string>	"Leaf nitrogen content"	"Leaf nitrogen content per dry mass (Nmass)"^^<http://www.w3.org/2001/XMLSchema#string>	2.37	<http://qudt.org/vocab/unit/PERCENT>	"%"^^<http://www.w3.org/2001/XMLSchema#string>
<http://www.wikidata.org/entity/Q15612638>	"Licaria triandra"^^<http://www.w3.org/2001/XMLSchema#string>	"Leaf nitrogen content"	"Leaf nitrogen content per dry mass (Nmass)"^^<http://www.w3.org/2001/XMLSchema#string>	1.8	<http://qudt.org/vocab/unit/PERCENT>	"%"^^<http://www.w3.org/2001/XMLSchema#string>
<http://www.wikidata.org/entity/Q15612960>	"Cecropia ficifolia"^^<http://www.w3.org/2001/XMLSchema#string>	"Leaf nitrogen content"	"Leaf nitrogen content per dry mass (Nmass)"^^<http://www.w3.org/2001/XMLSchema#string>	2.66	<http://qudt.org/vocab/unit/PERCENT>	"%"^^<http://www.w3.org/2001/XMLSchema#string>
<http://www.wikidata.org/entity/Q15612960>	"Cecropia ficifolia"^^<http://www.w3.org/2001/XMLSchema#string>	"Leaf nitrogen content"	"Leaf nitrogen content per dry mass (Nmass)"^^<http://www.w3.org/2001/XMLSchema#string>	2.47	<http://qudt.org/vocab/unit/PERCENT>	"%"^^<http://www.w3.org/2001/XMLSchema#string>
<http://www.wikidata.org/entity/Q15612960>	"Cecropia ficifolia"^^<http://www.w3.org/2001/XMLSchema#string>	"Leaf nitrogen content"	"Leaf nitrogen content per dry mass (Nmass)"^^<http://www.w3.org/2001/XMLSchema#string>	1.62	<http://qudt.org/vocab/unit/PERCENT>	"%"^^<http://www.w3.org/2001/XMLSchema#string>
<http://www.wikidata.org/entity/Q15612960>	"Cecropia ficifolia"^^<http://www.w3.org/2001/XMLSchema#string>	"Leaf nitrogen content"	"Leaf nitrogen content per dry mass (Nmass)"^^<http://www.w3.org/2001/XMLSchema#string>	1.74	<http://qudt.org/vocab/unit/PERCENT>	"%"^^<http://www.w3.org/2001/XMLSchema#string>
<http://www.wikidata.org/entity/Q15612960>	"Cecropia ficifolia"^^<http://www.w3.org/2001/XMLSchema#string>	"Leaf nitrogen content"	"Leaf nitrogen content per dry mass (Nmass)"^^<http://www.w3.org/2001/XMLSchema#string>	1.9	<http://qudt.org/vocab/unit/PERCENT>	"%"^^<http://www.w3.org/2001/XMLSchema#string>
<http://www.wikidata.org/entity/Q15612960>	"Cecropia ficifolia"^^<http://www.w3.org/2001/XMLSchema#string>	"Leaf phosphorus content"	"Leaf phosphorus content per dry mass (Pmass)"^^<http://www.w3.org/2001/XMLSchema#string>	0.12	<http://qudt.org/vocab/unit/PERCENT>	"%"^^<http://www.w3.org/2001/XMLSchema#string>
<http://www.wikidata.org/entity/Q15612960>	"Cecropia ficifolia"^^<http://www.w3.org/2001/XMLSchema#string>	"Specific leaf area"	"SLA: undefined if petiole in- or excluded"^^<http://www.w3.org/2001/XMLSchema#string>	32.25806	<http://qudt.org/vocab/unit/M2-PER-KiloGM>	"m2/kg"^^<http://www.w3.org/2001/XMLSchema#string>
<http://www.wikidata.org/entity/Q15612960>	"Cecropia ficifolia"^^<http://www.w3.org/2001/XMLSchema#string>	"Specific leaf area"	"SLA: undefined if petiole in- or excluded"^^<http://www.w3.org/2001/XMLSchema#string>	38.46154	<http://qudt.org/vocab/unit/M2-PER-KiloGM>	"m2/kg"^^<http://www.w3.org/2001/XMLSchema#string>
<http://www.wikidata.org/entity/Q15612960>	"Cecropia ficifolia"^^<http://www.w3.org/2001/XMLSchema#string>	"Specific leaf area"	"SLA: undefined if petiole in- or excluded"^^<http://www.w3.org/2001/XMLSchema#string>	45.45455	<http://qudt.org/vocab/unit/M2-PER-KiloGM>	"m2/kg"^^<http://www.w3.org/2001/XMLSchema#string>
<http://www.wikidata.org/entity/Q15612960>	"Cecropia ficifolia"^^<http://www.w3.org/2001/XMLSchema#string>	"Specific leaf area"	"SLA: undefined if petiole in- or excluded"^^<http://www.w3.org/2001/XMLSchema#string>	16.66667	<http://qudt.org/vocab/unit/M2-PER-KiloGM>	"m2/kg"^^<http://www.w3.org/2001/XMLSchema#string>
<http://www.wikidata.org/entity/Q15613598>	"Anemone hepatica"^^<http://www.w3.org/2001/XMLSchema#string>	"Leaf nitrogen content"	"Leaf nitrogen content per dry mass (Nmass)"^^<http://www.w3.org/2001/XMLSchema#string>	2.210725	<http://qudt.org/vocab/unit/PERCENT>	"%"^^<http://www.w3.org/2001/XMLSchema#string>
<http://www.wikidata.org/entity/Q15613598>	"Anemone hepatica"^^<http://www.w3.org/2001/XMLSchema#string>	"Leaf nitrogen content"	"Leaf nitrogen content per dry mass (Nmass)"^^<http://www.w3.org/2001/XMLSchema#string>	1.38733	<http://qudt.org/vocab/unit/PERCENT>	"%"^^<http://www.w3.org/2001/XMLSchema#string>
<http://www.wikidata.org/entity/Q15613598>	"Anemone hepatica"^^<http://www.w3.org/2001/XMLSchema#string>	"Leaf nitrogen content"	"Leaf nitrogen content per dry mass (Nmass)"^^<http://www.w3.org/2001/XMLSchema#string>	1.446189	<http://qudt.org/vocab/unit/PERCENT>	"%"^^<http://www.w3.org/2001/XMLSchema#string>
<http://www.wikidata.org/entity/Q15613598>	"Anemone hepatica"^^<http://www.w3.org/2001/XMLSchema#string>	"Leaf nitrogen content"	"Leaf nitrogen content per dry mass (Nmass)"^^<http://www.w3.org/2001/XMLSchema#string>	1.521407	<http://qudt.org/vocab/unit/PERCENT>	"%"^^<http://www.w3.org/2001/XMLSchema#string>
<http://www.wikidata.org/entity/Q15613598>	"Anemone hepatica"^^<http://www.w3.org/2001/XMLSchema#string>	"Leaf nitrogen content"	"Leaf nitrogen content per dry mass (Nmass)"^^<http://www.w3.org/2001/XMLSchema#string>	1.55202	<http://qudt.org/vocab/unit/PERCENT>	"%"^^<http://www.w3.org/2001/XMLSchema#string>
<http://www.wikidata.org/entity/Q15613598>	"Anemone hepatica"^^<http://www.w3.org/2001/XMLSchema#string>	"Leaf nitrogen content"	"Leaf nitrogen content per dry mass (Nmass)"^^<http://www.w3.org/2001/XMLSchema#string>	1.574856	<http://qudt.org/vocab/unit/PERCENT>	"%"^^<http://www.w3.org/2001/XMLSchema#string>
<http://www.wikidata.org/entity/Q15613598>	"Anemone hepatica"^^<http://www.w3.org/2001/XMLSchema#string>	"Leaf nitrogen content"	"Leaf nitrogen content per dry mass (Nmass)"^^<http://www.w3.org/2001/XMLSchema#string>	1.770381	<http://qudt.org/vocab/unit/PERCENT>	"%"^^<http://www.w3.org/2001/XMLSchema#string>
<http://www.wikidata.org/entity/Q15613598>	"Anemone hepatica"^^<http://www.w3.org/2001/XMLSchema#string>	"Leaf nitrogen content"	"Leaf nitrogen content per dry mass (Nmass)"^^<http://www.w3.org/2001/XMLSchema#string>	2.164118	<http://qudt.org/vocab/unit/PERCENT>	"%"^^<http://www.w3.org/2001/XMLSchema#string>
<http://www.wikidata.org/entity/Q15613598>	"Anemone hepatica"^^<http://www.w3.org/2001/XMLSchema#string>	"Leaf nitrogen content"	"Leaf nitrogen content per dry mass (Nmass)"^^<http://www.w3.org/2001/XMLSchema#string>	2.254718	<http://qudt.org/vocab/unit/PERCENT>	"%"^^<http://www.w3.org/2001/XMLSchema#string>
<http://www.wikidata.org/entity/Q156137>	"Quercus suber"^^<http://www.w3.org/2001/XMLSchema#string>	"Leaf nitrogen content"	"Leaf nitrogen content per dry mass (Nmass)"^^<http://www.w3.org/2001/XMLSchema#string>	1.53	<http://qudt.org/vocab/unit/PERCENT>	"%"^^<http://www.w3.org/2001/XMLSchema#string>
<http://www.wikidata.org/entity/Q15623036>	"Fallugia paradoxa"^^<http://www.w3.org/2001/XMLSchema#string>	"Leaf nitrogen content"	"Leaf nitrogen content per dry mass (Nmass)"^^<http://www.w3.org/2001/XMLSchema#string>	1.7	<http://qudt.org/vocab/unit/PERCENT>	"%"^^<http://www.w3.org/2001/XMLSchema#string>
<http://www.wikidata.org/entity/Q156251>	"Capparis spinosa"^^<http://www.w3.org/2001/XMLSchema#string>	"Leaf nitrogen content"	"Leaf nitrogen content per dry mass (Nmass)"^^<http://www.w3.org/2001/XMLSchema#string>	4.72	<http://qudt.org/vocab/unit/PERCENT>	"%"^^<http://www.w3.org/2001/XMLSchema#string>
<http://www.wikidata.org/entity/Q15629257>	"Lactuca muralis"^^<http://www.w3.org/2001/XMLSchema#string>	"Leaf nitrogen content"	"Leaf nitrogen content per dry mass (Nmass)"^^<http://www.w3.org/2001/XMLSchema#string>	1.914	<http://qudt.org/vocab/unit/PERCENT>	"%"^^<http://www.w3.org/2001/XMLSchema#string>
<http://www.wikidata.org/entity/Q15629257>	"Lactuca muralis"^^<http://www.w3.org/2001/XMLSchema#string>	"Leaf nitrogen content"	"Leaf nitrogen content per dry mass (Nmass)"^^<http://www.w3.org/2001/XMLSchema#string>	3.366048	<http://qudt.org/vocab/unit/PERCENT>	"%"^^<http://www.w3.org/2001/XMLSchema#string>
<http://www.wikidata.org/entity/Q156402>	"Veronica officinalis"^^<http://www.w3.org/2001/XMLSchema#string>	"Leaf nitrogen content"	"Leaf nitrogen content per dry mass (Nmass)"^^<http://www.w3.org/2001/XMLSchema#string>	13.8	<http://qudt.org/vocab/unit/MilliGM-PER-GM>	"(mg g-1)"^^<http://www.w3.org/2001/XMLSchema#string>
<http://www.wikidata.org/entity/Q156402>	"Veronica officinalis"^^<http://www.w3.org/2001/XMLSchema#string>	"Leaf nitrogen content"	"Leaf nitrogen content per dry mass (Nmass)"^^<http://www.w3.org/2001/XMLSchema#string>	1.38	<http://qudt.org/vocab/unit/PERCENT>	"%"^^<http://www.w3.org/2001/XMLSchema#string>
<http://www.wikidata.org/entity/Q156402>	"Veronica officinalis"^^<http://www.w3.org/2001/XMLSchema#string>	"Specific leaf area"	"SLA: undefined if petiole in- or excluded"^^<http://www.w3.org/2001/XMLSchema#string>	214.0	<http://qudt.org/vocab/unit/CentiM2-PER-GM>	"SLA cm2/g"^^<http://www.w3.org/2001/XMLSchema#string>
<http://www.wikidata.org/entity/Q156635>	"Trifolium pratense"^^<http://www.w3.org/2001/XMLSchema#string>	"Leaf nitrogen content"	"Leaf nitrogen content per dry mass (Nmass)"^^<http://www.w3.org/2001/XMLSchema#string>	3.462539	<http://qudt.org/vocab/unit/PERCENT>	"%"^^<http://www.w3.org/2001/XMLSchema#string>
<http://www.wikidata.org/entity/Q156635>	"Trifolium pratense"^^<http://www.w3.org/2001/XMLSchema#string>	"Leaf nitrogen content"	"Leaf nitrogen content per dry mass (Nmass)"^^<http://www.w3.org/2001/XMLSchema#string>	3.229926	<http://qudt.org/vocab/unit/PERCENT>	"%"^^<http://www.w3.org/2001/XMLSchema#string>
<http://www.wikidata.org/entity/Q156635>	"Trifolium pratense"^^<http://www.w3.org/2001/XMLSchema#string>	"Specific leaf area"	"SLA: undefined if petiole in- or excluded"^^<http://www.w3.org/2001/XMLSchema#string>	391.6595	<http://qudt.org/vocab/unit/CentiM2-PER-GM>	"SLA cm2/g"^^<http://www.w3.org/2001/XMLSchema#string>
<http://www.wikidata.org/entity/Q156687>	"Pseudotsuga menziesii"^^<http://www.w3.org/2001/XMLSchema#string>	"Leaf nitrogen content"	"Leaf nitrogen content per dry mass (Nmass)"^^<http://www.w3.org/2001/XMLSchema#string>	1.31	<http://qudt.org/vocab/unit/PERCENT>	"%"^^<http://www.w3.org/2001/XMLSchema#string>
<http://www.wikidata.org/entity/Q156687>	"Pseudotsuga menziesii"^^<http://www.w3.org/2001/XMLSchema#string>	"Leaf nitrogen content"	"Leaf nitrogen content per dry mass (Nmass)"^^<http://www.w3.org/2001/XMLSchema#string>	1.34	<http://qudt.org/vocab/unit/PERCENT>	"%"^^<http://www.w3.org/2001/XMLSchema#string>
<http://www.wikidata.org/entity/Q156687>	"Pseudotsuga menziesii"^^<http://www.w3.org/2001/XMLSchema#string>	"Leaf phosphorus content"	"Leaf phosphorus content per dry mass (Pmass)"^^<http://www.w3.org/2001/XMLSchema#string>	1100.0	<http://qudt.org/vocab/unit/PPM>	"ppm"^^<http://www.w3.org/2001/XMLSchema#string>
<http://www.wikidata.org/entity/Q156687>	"Pseudotsuga menziesii"^^<http://www.w3.org/2001/XMLSchema#string>	"Leaf phosphorus content"	"Leaf phosphorus content per dry mass (Pmass)"^^<http://www.w3.org/2001/XMLSchema#string>	2500.0	<http://qudt.org/vocab/unit/PPM>	"ppm"^^<http://www.w3.org/2001/XMLSchema#string>
<http://www.wikidata.org/entity/Q156854>	"Galium verum"^^<http://www.w3.org/2001/XMLSchema#string>	"Leaf nitrogen content"	"Leaf nitrogen content per dry mass (Nmass)"^^<http://www.w3.org/2001/XMLSchema#string>	21.9	<http://qudt.org/vocab/unit/MilliGM-PER-GM>	"(mg g-1)"^^<http://www.w3.org/2001/XMLSchema#string>
<http://www.wikidata.org/entity/Q156854>	"Galium verum"^^<http://www.w3.org/2001/XMLSchema#string>	"Leaf nitrogen content"	"Leaf nitrogen content per dry mass (Nmass)"^^<http://www.w3.org/2001/XMLSchema#string>	1.725	<http://qudt.org/vocab/unit/PERCENT>	"%"^^<http://www.w3.org/2001/XMLSchema#string>
<http://www.wikidata.org/entity/Q156854>	"Galium verum"^^<http://www.w3.org/2001/XMLSchema#string>	"Leaf phosphorus content"	"Leaf phosphorus content per dry mass (Pmass)"^^<http://www.w3.org/2001/XMLSchema#string>	0.0963	<http://qudt.org/vocab/unit/PERCENT>	"%"^^<http://www.w3.org/2001/XMLSchema#string>
<http://www.wikidata.org/entity/Q156854>	"Galium verum"^^<http://www.w3.org/2001/XMLSchema#string>	"Specific leaf area"	"SLA: undefined if petiole in- or excluded"^^<http://www.w3.org/2001/XMLSchema#string>	205.0	<http://qudt.org/vocab/unit/CentiM2-PER-GM>	"SLA cm2/g"^^<http://www.w3.org/2001/XMLSchema#string>
<http://www.wikidata.org/entity/Q156854>	"Galium verum"^^<http://www.w3.org/2001/XMLSchema#string>	"Specific leaf area"	"SLA: undefined if petiole in- or excluded"^^<http://www.w3.org/2001/XMLSchema#string>	69.01639	<http://qudt.org/vocab/unit/CentiM2-PER-GM>	"SLA cm2/g"^^<http://www.w3.org/2001/XMLSchema#string>
<http://www.wikidata.org/entity/Q156895>	"Betula pendula"^^<http://www.w3.org/2001/XMLSchema#string>	"Leaf nitrogen content"	"Leaf nitrogen content per dry mass (Nmass)"^^<http://www.w3.org/2001/XMLSchema#string>	0.0162	<http://qudt.org/vocab/unit/KiloGM-PER-KiloGM>	"kg/kg"^^<http://www.w3.org/2001/XMLSchema#string>
<http://www.wikidata.org/entity/Q156895>	"Betula pendula"^^<http://www.w3.org/2001/XMLSchema#string>	"Leaf nitrogen content"	"Leaf nitrogen content per dry mass (Nmass)"^^<http://www.w3.org/2001/XMLSchema#string>	2.45	<http://qudt.org/vocab/unit/PERCENT>	"%"^^<http://www.w3.org/2001/XMLSchema#string>
<http://www.wikidata.org/entity/Q156895>	"Betula pendula"^^<http://www.w3.org/2001/XMLSchema#string>	"Leaf nitrogen content"	"Leaf nitrogen content per dry mass (Nmass)"^^<http://www.w3.org/2001/XMLSchema#string>	3.45	<http://qudt.org/vocab/unit/PERCENT>	"%"^^<http://www.w3.org/2001/XMLSchema#string>
<http://www.wikidata.org/entity/Q156895>	"Betula pendula"^^<http://www.w3.org/2001/XMLSchema#string>	"Leaf nitrogen content"	"Leaf nitrogen content per dry mass (Nmass)"^^<http://www.w3.org/2001/XMLSchema#string>	2.49	<http://qudt.org/vocab/unit/PERCENT>	"%"^^<http://www.w3.org/2001/XMLSchema#string>
<http://www.wikidata.org/entity/Q156895>	"Betula pendula"^^<http://www.w3.org/2001/XMLSchema#string>	"Leaf nitrogen content"	"Leaf nitrogen content per dry mass (Nmass)"^^<http://www.w3.org/2001/XMLSchema#string>	2.84	<http://qudt.org/vocab/unit/PERCENT>	"%"^^<http://www.w3.org/2001/XMLSchema#string>
<http://www.wikidata.org/entity/Q156895>	"Betula pendula"^^<http://www.w3.org/2001/XMLSchema#string>	"Leaf nitrogen content"	"Leaf nitrogen content per dry mass (Nmass)"^^<http://www.w3.org/2001/XMLSchema#string>	2.9	<http://qudt.org/vocab/unit/PERCENT>	"%"^^<http://www.w3.org/2001/XMLSchema#string>
<http://www.wikidata.org/entity/Q156895>	"Betula pendula"^^<http://www.w3.org/2001/XMLSchema#string>	"Leaf nitrogen content"	"Leaf nitrogen content per dry mass (Nmass)"^^<http://www.w3.org/2001/XMLSchema#string>	3.1	<http://qudt.org/vocab/unit/PERCENT>	"%"^^<http://www.w3.org/2001/XMLSchema#string>
<http://www.wikidata.org/entity/Q156895>	"Betula pendula"^^<http://www.w3.org/2001/XMLSchema#string>	"Leaf nitrogen content"	"Leaf nitrogen content per dry mass (Nmass)"^^<http://www.w3.org/2001/XMLSchema#string>	3.34	<http://qudt.org/vocab/unit/PERCENT>	"%"^^<http://www.w3.org/2001/XMLSchema#string>
<http://www.wikidata.org/entity/Q156895>	"Betula pendula"^^<http://www.w3.org/2001/XMLSchema#string>	"Leaf nitrogen content"	"Leaf nitrogen content per dry mass (Nmass)"^^<http://www.w3.org/2001/XMLSchema#string>	3.15	<http://qudt.org/vocab/unit/PERCENT>	"%"^^<http://www.w3.org/2001/XMLSchema#string>
<http://www.wikidata.org/entity/Q156895>	"Betula pendula"^^<http://www.w3.org/2001/XMLSchema#string>	"Leaf nitrogen content"	"Leaf nitrogen content per dry mass (Nmass)"^^<http://www.w3.org/2001/XMLSchema#string>	3.14	<http://qudt.org/vocab/unit/PERCENT>	"%"^^<http://www.w3.org/2001/XMLSchema#string>
<http://www.wikidata.org/entity/Q156895>	"Betula pendula"^^<http://www.w3.org/2001/XMLSchema#string>	"Leaf nitrogen content"	"Leaf nitrogen content per dry mass (Nmass)"^^<http://www.w3.org/2001/XMLSchema#string>	3.13	<http://qudt.org/vocab/unit/PERCENT>	"%"^^<http://www.w3.org/2001/XMLSchema#string>
<http://www.wikidata.org/entity/Q156895>	"Betula pendula"^^<http://www.w3.org/2001/XMLSchema#string>	"Leaf nitrogen content"	"Leaf nitrogen content per dry mass (Nmass)"^^<http://www.w3.org/2001/XMLSchema#string>	3.21	<http://qudt.org/vocab/unit/PERCENT>	"%"^^<http://www.w3.org/2001/XMLSchema#string>
<http://www.wikidata.org/entity/Q156895>	"Betula pendula"^^<http://www.w3.org/2001/XMLSchema#string>	"Leaf nitrogen content"	"Leaf nitrogen content per dry mass (Nmass)"^^<http://www.w3.org/2001/XMLSchema#string>	3.07	<http://qudt.org/vocab/unit/PERCENT>	"%"^^<http://www.w3.org/2001/XMLSchema#string>
<http://www.wikidata.org/entity/Q156895>	"Betula pendula"^^<http://www.w3.org/2001/XMLSchema#string>	"Leaf nitrogen content"	"Leaf nitrogen content per dry mass (Nmass)"^^<http://www.w3.org/2001/XMLSchema#string>	3.05	<http://qudt.org/vocab/unit/PERCENT>	"%"^^<http://www.w3.org/2001/XMLSchema#string>
<http://www.wikidata.org/entity/Q156895>	"Betula pendula"^^<http://www.w3.org/2001/XMLSchema#string>	"Leaf nitrogen content"	"Leaf nitrogen content per dry mass (Nmass)"^^<http://www.w3.org/2001/XMLSchema#string>	3.22	<http://qudt.org/vocab/unit/PERCENT>	"%"^^<http://www.w3.org/2001/XMLSchema#string>
<http://www.wikidata.org/entity/Q156895>	"Betula pendula"^^<http://www.w3.org/2001/XMLSchema#string>	"Leaf nitrogen content"	"Leaf nitrogen content per dry mass (Nmass)"^^<http://www.w3.org/2001/XMLSchema#string>	3.33	<http://qudt.org/vocab/unit/PERCENT>	"%"^^<http://www.w3.org/2001/XMLSchema#string>
<http://www.wikidata.org/entity/Q156895>	"Betula pendula"^^<http://www.w3.org/2001/XMLSchema#string>	"Leaf phosphorus content"	"Leaf phosphorus content per dry mass (Pmass)"^^<http://www.w3.org/2001/XMLSchema#string>	0.2135	<http://qudt.org/vocab/unit/PERCENT>	"%"^^<http://www.w3.org/2001/XMLSchema#string>
<http://www.wikidata.org/entity/Q156895>	"Betula pendula"^^<http://www.w3.org/2001/XMLSchema#string>	"Specific leaf area"	"SLA: undefined if petiole in- or excluded"^^<http://www.w3.org/2001/XMLSchema#string>	12.5	<http://qudt.org/vocab/unit/M2-PER-KiloGM>	"m2 kg-1"^^<http://www.w3.org/2001/XMLSchema#string>
<http://www.wikidata.org/entity/Q156895>	"Betula pendula"^^<http://www.w3.org/2001/XMLSchema#string>	"Specific leaf area"	"SLA: undefined if petiole in- or excluded"^^<http://www.w3.org/2001/XMLSchema#string>	155.0	<http://qudt.org/vocab/unit/CentiM2-PER-GM>	"SLA cm2/g"^^<http://www.w3.org/2001/XMLSchema#string>
<http://www.wikidata.org/entity/Q156895>	"Betula pendula"^^<http://www.w3.org/2001/XMLSchema#string>	"Specific leaf area"	"SLA: undefined if petiole in- or excluded"^^<http://www.w3.org/2001/XMLSchema#string>	136.6	<http://qudt.org/vocab/unit/CentiM2-PER-GM>	"SLA cm2/g"^^<http://www.w3.org/2001/XMLSchema#string>
<http://www.wikidata.org/entity/Q156895>	"Betula pendula"^^<http://www.w3.org/2001/XMLSchema#string>	"Specific leaf area"	"SLA: undefined if petiole in- or excluded"^^<http://www.w3.org/2001/XMLSchema#string>	16.67	<http://qudt.org/vocab/unit/M2-PER-KiloGM>	"m2 kg-1"^^<http://www.w3.org/2001/XMLSchema#string>
<http://www.wikidata.org/entity/Q156895>	"Betula pendula"^^<http://www.w3.org/2001/XMLSchema#string>	"Specific leaf area"	"SLA: undefined if petiole in- or excluded"^^<http://www.w3.org/2001/XMLSchema#string>	125.0	<http://qudt.org/vocab/unit/CentiM2-PER-GM>	"SLA cm2/g"^^<http://www.w3.org/2001/XMLSchema#string>
<http://www.wikidata.org/entity/Q156904>	"Alnus glutinosa"^^<http://www.w3.org/2001/XMLSchema#string>	"Specific leaf area"	"SLA: undefined if petiole in- or excluded"^^<http://www.w3.org/2001/XMLSchema#string>	145.9	<http://qudt.org/vocab/unit/CentiM2-PER-GM>	"SLA cm2/g"^^<http://www.w3.org/2001/XMLSchema#string>
<http://www.wikidata.org/entity/Q156938>	"Tectona grandis"^^<http://www.w3.org/2001/XMLSchema#string>	"Leaf nitrogen content"	"Leaf nitrogen content per dry mass (Nmass)"^^<http://www.w3.org/2001/XMLSchema#string>	1.5	<http://qudt.org/vocab/unit/PERCENT>	"%"^^<http://www.w3.org/2001/XMLSchema#string>
<http://www.wikidata.org/entity/Q156944>	"Acer pseudoplatanus"^^<http://www.w3.org/2001/XMLSchema#string>	"Specific leaf area"	"SLA: undefined if petiole in- or excluded"^^<http://www.w3.org/2001/XMLSchema#string>	133.1	<http://qudt.org/vocab/unit/CentiM2-PER-GM>	"SLA cm2/g"^^<http://www.w3.org/2001/XMLSchema#string>
<http://www.wikidata.org/entity/Q1569852>	"Centaurea scabiosa"^^<http://www.w3.org/2001/XMLSchema#string>	"Specific leaf area"	"SLA: undefined if petiole in- or excluded"^^<http://www.w3.org/2001/XMLSchema#string>	134.9	<http://qudt.org/vocab/unit/CentiM2-PER-GM>	"SLA cm2/g"^^<http://www.w3.org/2001/XMLSchema#string>
<http://www.wikidata.org/entity/Q1572090>	"Podophyllum peltatum"^^<http://www.w3.org/2001/XMLSchema#string>	"Leaf nitrogen content"	"Leaf nitrogen content per dry mass (Nmass)"^^<http://www.w3.org/2001/XMLSchema#string>	4.15	<http://qudt.org/vocab/unit/PERCENT>	"%"^^<http://www.w3.org/2001/XMLSchema#string>
<http://www.wikidata.org/entity/Q157230>	"Pinus strobus"^^<http://www.w3.org/2001/XMLSchema#string>	"Leaf nitrogen content"	"Leaf nitrogen content per dry mass (Nmass)"^^<http://www.w3.org/2001/XMLSchema#string>	2.66	<http://qudt.org/vocab/unit/PERCENT>	"%"^^<http://www.w3.org/2001/XMLSchema#string>
<http://www.wikidata.org/entity/Q157230>	"Pinus strobus"^^<http://www.w3.org/2001/XMLSchema#string>	"Leaf nitrogen content"	"Leaf nitrogen content per dry mass (Nmass)"^^<http://www.w3.org/2001/XMLSchema#string>	1.43	<http://qudt.org/vocab/unit/PERCENT>	"%"^^<http://www.w3.org/2001/XMLSchema#string>
<http://www.wikidata.org/entity/Q157230>	"Pinus strobus"^^<http://www.w3.org/2001/XMLSchema#string>	"Leaf nitrogen content"	"Leaf nitrogen content per dry mass (Nmass)"^^<http://www.w3.org/2001/XMLSchema#string>	1.8	<http://qudt.org/vocab/unit/PERCENT>	"%"^^<http://www.w3.org/2001/XMLSchema#string>
<http://www.wikidata.org/entity/Q157230>	"Pinus strobus"^^<http://www.w3.org/2001/XMLSchema#string>	"Leaf nitrogen content"	"Leaf nitrogen content per dry mass (Nmass)"^^<http://www.w3.org/2001/XMLSchema#string>	2.0	<http://qudt.org/vocab/unit/PERCENT>	"%"^^<http://www.w3.org/2001/XMLSchema#string>
<http://www.wikidata.org/entity/Q157230>	"Pinus strobus"^^<http://www.w3.org/2001/XMLSchema#string>	"Leaf nitrogen content"	"Leaf nitrogen content per dry mass (Nmass)"^^<http://www.w3.org/2001/XMLSchema#string>	2.45	<http://qudt.org/vocab/unit/PERCENT>	"%"^^<http://www.w3.org/2001/XMLSchema#string>
<http://www.wikidata.org/entity/Q157230>	"Pinus strobus"^^<http://www.w3.org/2001/XMLSchema#string>	"Leaf nitrogen content"	"Leaf nitrogen content per dry mass (Nmass)"^^<http://www.w3.org/2001/XMLSchema#string>	2.65	<http://qudt.org/vocab/unit/PERCENT>	"%"^^<http://www.w3.org/2001/XMLSchema#string>
<http://www.wikidata.org/entity/Q157230>	"Pinus strobus"^^<http://www.w3.org/2001/XMLSchema#string>	"Leaf nitrogen content"	"Leaf nitrogen content per dry mass (Nmass)"^^<http://www.w3.org/2001/XMLSchema#string>	26.6	<http://qudt.org/vocab/unit/MilliGM-PER-GM>	"mg/g"^^<http://www.w3.org/2001/XMLSchema#string>
<http://www.wikidata.org/entity/Q157230>	"Pinus strobus"^^<http://www.w3.org/2001/XMLSchema#string>	"Leaf nitrogen content"	"Leaf nitrogen content per dry mass (Nmass)"^^<http://www.w3.org/2001/XMLSchema#string>	18.0	<http://qudt.org/vocab/unit/MilliGM-PER-GM>	"mg/g"^^<http://www.w3.org/2001/XMLSchema#string>
<http://www.wikidata.org/entity/Q157230>	"Pinus strobus"^^<http://www.w3.org/2001/XMLSchema#string>	"Leaf nitrogen content"	"Leaf nitrogen content per dry mass (Nmass)"^^<http://www.w3.org/2001/XMLSchema#string>	20.0	<http://qudt.org/vocab/unit/MilliGM-PER-GM>	"mg/g"^^<http://www.w3.org/2001/XMLSchema#string>
<http://www.wikidata.org/entity/Q157230>	"Pinus strobus"^^<http://www.w3.org/2001/XMLSchema#string>	"Leaf nitrogen content"	"Leaf nitrogen content per dry mass (Nmass)"^^<http://www.w3.org/2001/XMLSchema#string>	24.5	<http://qudt.org/vocab/unit/MilliGM-PER-GM>	"mg/g"^^<http://www.w3.org/2001/XMLSchema#string>
<http://www.wikidata.org/entity/Q157230>	"Pinus strobus"^^<http://www.w3.org/2001/XMLSchema#string>	"Leaf nitrogen content"	"Leaf nitrogen content per dry mass (Nmass)"^^<http://www.w3.org/2001/XMLSchema#string>	26.5	<http://qudt.org/vocab/unit/MilliGM-PER-GM>	"mg/g"^^<http://www.w3.org/2001/XMLSchema#string>
<http://www.wikidata.org/entity/Q157249>	"Ajuga reptans"^^<http://www.w3.org/2001/XMLSchema#string>	"Leaf nitrogen content"	"Leaf nitrogen content per dry mass (Nmass)"^^<http://www.w3.org/2001/XMLSchema#string>	2.203089	<http://qudt.org/vocab/unit/PERCENT>	"%"^^<http://www.w3.org/2001/XMLSchema#string>
<http://www.wikidata.org/entity/Q157249>	"Ajuga reptans"^^<http://www.w3.org/2001/XMLSchema#string>	"Leaf nitrogen content"	"Leaf nitrogen content per dry mass (Nmass)"^^<http://www.w3.org/2001/XMLSchema#string>	1.737361	<http://qudt.org/vocab/unit/PERCENT>	"%"^^<http://www.w3.org/2001/XMLSchema#string>
<http://www.wikidata.org/entity/Q157297>	"Stachys officinalis"^^<http://www.w3.org/2001/XMLSchema#string>	"Leaf nitrogen content"	"Leaf nitrogen content per dry mass (Nmass)"^^<http://www.w3.org/2001/XMLSchema#string>	2.580055	<http://qudt.org/vocab/unit/PERCENT>	"%"^^<http://www.w3.org/2001/XMLSchema#string>
<http://www.wikidata.org/entity/Q157307>	"Morus alba"^^<http://www.w3.org/2001/XMLSchema#string>	"Leaf nitrogen content"	"Leaf nitrogen content per dry mass (Nmass)"^^<http://www.w3.org/2001/XMLSchema#string>	2.03	<http://qudt.org/vocab/unit/PERCENT>	"%"^^<http://www.w3.org/2001/XMLSchema#string>
<http://www.wikidata.org/entity/Q157343>	"Veronica chamaedrys"^^<http://www.w3.org/2001/XMLSchema#string>	"Leaf nitrogen content"	"Leaf nitrogen content per dry mass (Nmass)"^^<http://www.w3.org/2001/XMLSchema#string>	1.93	<http://qudt.org/vocab/unit/PERCENT>	"%"^^<http://www.w3.org/2001/XMLSchema#string>
<http://www.wikidata.org/entity/Q157405>	"Actaea spicata"^^<http://www.w3.org/2001/XMLSchema#string>	"Leaf nitrogen content"	"Leaf nitrogen content per dry mass (Nmass)"^^<http://www.w3.org/2001/XMLSchema#string>	2.300283	<http://qudt.org/vocab/unit/PERCENT>	"%"^^<http://www.w3.org/2001/XMLSchema#string>
<http://www.wikidata.org/entity/Q157408>	"Plantago lanceolata"^^<http://www.w3.org/2001/XMLSchema#string>	"Leaf nitrogen content"	"Leaf nitrogen content per dry mass (Nmass)"^^<http://www.w3.org/2001/XMLSchema#string>	18.3	<http://qudt.org/vocab/unit/MilliGM-PER-GM>	"(mg g-1)"^^<http://www.w3.org/2001/XMLSchema#string>
<http://www.wikidata.org/entity/Q157408>	"Plantago lanceolata"^^<http://www.w3.org/2001/XMLSchema#string>	"Specific leaf area"	"SLA: undefined if petiole in- or excluded"^^<http://www.w3.org/2001/XMLSchema#string>	222.4	<http://qudt.org/vocab/unit/CentiM2-PER-GM>	"SLA cm2/g"^^<http://www.w3.org/2001/XMLSchema#string>
<http://www.wikidata.org/entity/Q157408>	"Plantago lanceolata"^^<http://www.w3.org/2001/XMLSchema#string>	"Specific leaf area"	"SLA: undefined if petiole in- or excluded"^^<http://www.w3.org/2001/XMLSchema#string>	254.8	<http://qudt.org/vocab/unit/CentiM2-PER-GM>	"SLA cm2/g"^^<http://www.w3.org/2001/XMLSchema#string>
<http://www.wikidata.org/entity/Q157408>	"Plantago lanceolata"^^<http://www.w3.org/2001/XMLSchema#string>	"Specific leaf area"	"SLA: undefined if petiole in- or excluded"^^<http://www.w3.org/2001/XMLSchema#string>	239.0	<http://qudt.org/vocab/unit/CentiM2-PER-GM>	"SLA cm2/g"^^<http://www.w3.org/2001/XMLSchema#string>
<http://www.wikidata.org/entity/Q157417>	"Robinia pseudoacacia"^^<http://www.w3.org/2001/XMLSchema#string>	"Leaf nitrogen content"	"Leaf nitrogen content per dry mass (Nmass)"^^<http://www.w3.org/2001/XMLSchema#string>	2.97	<http://qudt.org/vocab/unit/PERCENT>	"%"^^<http://www.w3.org/2001/XMLSchema#string>
<http://www.wikidata.org/entity/Q157417>	"Robinia pseudoacacia"^^<http://www.w3.org/2001/XMLSchema#string>	"Leaf nitrogen content"	"Leaf nitrogen content per dry mass (Nmass)"^^<http://www.w3.org/2001/XMLSchema#string>	4.33	<http://qudt.org/vocab/unit/PERCENT>	"%"^^<http://www.w3.org/2001/XMLSchema#string>
<http://www.wikidata.org/entity/Q157426>	"Epipactis helleborine"^^<http://www.w3.org/2001/XMLSchema#string>	"Leaf nitrogen content"	"Leaf nitrogen content per dry mass (Nmass)"^^<http://www.w3.org/2001/XMLSchema#string>	3.974205	<http://qudt.org/vocab/unit/PERCENT>	"%"^^<http://www.w3.org/2001/XMLSchema#string>
<http://www.wikidata.org/entity/Q157426>	"Epipactis helleborine"^^<http://www.w3.org/2001/XMLSchema#string>	"Leaf nitrogen content"	"Leaf nitrogen content per dry mass (Nmass)"^^<http://www.w3.org/2001/XMLSchema#string>	3.67363	<http://qudt.org/vocab/unit/PERCENT>	"%"^^<http://www.w3.org/2001/XMLSchema#string>
<http://www.wikidata.org/entity/Q157426>	"Epipactis helleborine"^^<http://www.w3.org/2001/XMLSchema#string>	"Leaf nitrogen content"	"Leaf nitrogen content per dry mass (Nmass)"^^<http://www.w3.org/2001/XMLSchema#string>	3.644472	<http://qudt.org/vocab/unit/PERCENT>	"%"^^<http://www.w3.org/2001/XMLSchema#string>
<http://www.wikidata.org/entity/Q157426>	"Epipactis helleborine"^^<http://www.w3.org/2001/XMLSchema#string>	"Leaf nitrogen content"	"Leaf nitrogen content per dry mass (Nmass)"^^<http://www.w3.org/2001/XMLSchema#string>	3.301259	<http://qudt.org/vocab/unit/PERCENT>	"%"^^<http://www.w3.org/2001/XMLSchema#string>
<http://www.wikidata.org/entity/Q157426>	"Epipactis helleborine"^^<http://www.w3.org/2001/XMLSchema#string>	"Leaf nitrogen content"	"Leaf nitrogen content per dry mass (Nmass)"^^<http://www.w3.org/2001/XMLSchema#string>	2.714	<http://qudt.org/vocab/unit/PERCENT>	"%"^^<http://www.w3.org/2001/XMLSchema#string>
<http://www.wikidata.org/entity/Q157427>	"Cephalanthera longifolia"^^<http://www.w3.org/2001/XMLSchema#string>	"Leaf nitrogen content"	"Leaf nitrogen content per dry mass (Nmass)"^^<http://www.w3.org/2001/XMLSchema#string>	2.986402	<http://qudt.org/vocab/unit/PERCENT>	"%"^^<http://www.w3.org/2001/XMLSchema#string>
<http://www.wikidata.org/entity/Q157427>	"Cephalanthera longifolia"^^<http://www.w3.org/2001/XMLSchema#string>	"Leaf nitrogen content"	"Leaf nitrogen content per dry mass (Nmass)"^^<http://www.w3.org/2001/XMLSchema#string>	2.721536	<http://qudt.org/vocab/unit/PERCENT>	"%"^^<http://www.w3.org/2001/XMLSchema#string>
<http://www.wikidata.org/entity/Q157490>	"Lathyrus vernus"^^<http://www.w3.org/2001/XMLSchema#string>	"Leaf nitrogen content"	"Leaf nitrogen content per dry mass (Nmass)"^^<http://www.w3.org/2001/XMLSchema#string>	3.06156	<http://qudt.org/vocab/unit/PERCENT>	"%"^^<http://www.w3.org/2001/XMLSchema#string>
<http://www.wikidata.org/entity/Q157490>	"Lathyrus vernus"^^<http://www.w3.org/2001/XMLSchema#string>	"Leaf nitrogen content"	"Leaf nitrogen content per dry mass (Nmass)"^^<http://www.w3.org/2001/XMLSchema#string>	3.165659	<http://qudt.org/vocab/unit/PERCENT>	"%"^^<http://www.w3.org/2001/XMLSchema#string>
<http://www.wikidata.org/entity/Q157490>	"Lathyrus vernus"^^<http://www.w3.org/2001/XMLSchema#string>	"Leaf nitrogen content"	"Leaf nitrogen content per dry mass (Nmass)"^^<http://www.w3.org/2001/XMLSchema#string>	3.534111	<http://qudt.org/vocab/unit/PERCENT>	"%"^^<http://www.w3.org/2001/XMLSchema#string>
<http://www.wikidata.org/entity/Q157490>	"Lathyrus vernus"^^<http://www.w3.org/2001/XMLSchema#string>	"Leaf nitrogen content"	"Leaf nitrogen content per dry mass (Nmass)"^^<http://www.w3.org/2001/XMLSchema#string>	3.190279	<http://qudt.org/vocab/unit/PERCENT>	"%"^^<http://www.w3.org/2001/XMLSchema#string>
<http://www.wikidata.org/entity/Q157490>	"Lathyrus vernus"^^<http://www.w3.org/2001/XMLSchema#string>	"Leaf nitrogen content"	"Leaf nitrogen content per dry mass (Nmass)"^^<http://www.w3.org/2001/XMLSchema#string>	3.391197	<http://qudt.org/vocab/unit/PERCENT>	"%"^^<http://www.w3.org/2001/XMLSchema#string>
<http://www.wikidata.org/entity/Q157490>	"Lathyrus vernus"^^<http://www.w3.org/2001/XMLSchema#string>	"Leaf nitrogen content"	"Leaf nitrogen content per dry mass (Nmass)"^^<http://www.w3.org/2001/XMLSchema#string>	3.409277	<http://qudt.org/vocab/unit/PERCENT>	"%"^^<http://www.w3.org/2001/XMLSchema#string>
<http://www.wikidata.org/entity/Q157552>	"Primula veris"^^<http://www.w3.org/2001/XMLSchema#string>	"Leaf nitrogen content"	"Leaf nitrogen content per dry mass (Nmass)"^^<http://www.w3.org/2001/XMLSchema#string>	1.64	<http://qudt.org/vocab/unit/PERCENT>	"%"^^<http://www.w3.org/2001/XMLSchema#string>
<http://www.wikidata.org/entity/Q157552>	"Primula veris"^^<http://www.w3.org/2001/XMLSchema#string>	"Leaf nitrogen content"	"Leaf nitrogen content per dry mass (Nmass)"^^<http://www.w3.org/2001/XMLSchema#string>	16.4	<http://qudt.org/vocab/unit/MilliGM-PER-GM>	"(mg g-1)"^^<http://www.w3.org/2001/XMLSchema#string>
<http://www.wikidata.org/entity/Q157552>	"Primula veris"^^<http://www.w3.org/2001/XMLSchema#string>	"Specific leaf area"	"SLA: undefined if petiole in- or excluded"^^<http://www.w3.org/2001/XMLSchema#string>	231.0	<http://qudt.org/vocab/unit/CentiM2-PER-GM>	"SLA cm2/g"^^<http://www.w3.org/2001/XMLSchema#string>
<http://www.wikidata.org/entity/Q157555>	"Digitalis purpurea"^^<http://www.w3.org/2001/XMLSchema#string>	"Specific leaf area"	"SLA: undefined if petiole in- or excluded"^^<http://www.w3.org/2001/XMLSchema#string>	292.0	<http://qudt.org/vocab/unit/CentiM2-PER-GM>	"SLA cm2/g"^^<http://www.w3.org/2001/XMLSchema#string>
<http://www.wikidata.org/entity/Q157563>	"Ranunculus acris"^^<http://www.w3.org/2001/XMLSchema#string>	"Leaf nitrogen content"	"Leaf nitrogen content per dry mass (Nmass)"^^<http://www.w3.org/2001/XMLSchema#string>	23.6	<http://qudt.org/vocab/unit/MilliGM-PER-GM>	"(mg g-1)"^^<http://www.w3.org/2001/XMLSchema#string>
<http://www.wikidata.org/entity/Q157563>	"Ranunculus acris"^^<http://www.w3.org/2001/XMLSchema#string>	"Leaf nitrogen content"	"Leaf nitrogen content per dry mass (Nmass)"^^<http://www.w3.org/2001/XMLSchema#string>	2.36	<http://qudt.org/vocab/unit/PERCENT>	"%"^^<http://www.w3.org/2001/XMLSchema#string>
<http://www.wikidata.org/entity/Q157563>	"Ranunculus acris"^^<http://www.w3.org/2001/XMLSchema#string>	"Specific leaf area"	"SLA: undefined if petiole in- or excluded"^^<http://www.w3.org/2001/XMLSchema#string>	239.0	<http://qudt.org/vocab/unit/CentiM2-PER-GM>	"SLA cm2/g"^^<http://www.w3.org/2001/XMLSchema#string>
<http://www.wikidata.org/entity/Q157563>	"Ranunculus acris"^^<http://www.w3.org/2001/XMLSchema#string>	"Specific leaf area"	"SLA: undefined if petiole in- or excluded"^^<http://www.w3.org/2001/XMLSchema#string>	231.0	<http://qudt.org/vocab/unit/CentiM2-PER-GM>	"SLA cm2/g"^^<http://www.w3.org/2001/XMLSchema#string>
<http://www.wikidata.org/entity/Q157571>	"Poa annua"^^<http://www.w3.org/2001/XMLSchema#string>	"Leaf phosphorus content"	"Leaf phosphorus content per dry mass (Pmass)"^^<http://www.w3.org/2001/XMLSchema#string>	0.45	<http://qudt.org/vocab/unit/PERCENT>	"%"^^<http://www.w3.org/2001/XMLSchema#string>
<http://www.wikidata.org/entity/Q157571>	"Poa annua"^^<http://www.w3.org/2001/XMLSchema#string>	"Specific leaf area"	"SLA: undefined if petiole in- or excluded"^^<http://www.w3.org/2001/XMLSchema#string>	447.5	<http://qudt.org/vocab/unit/CentiM2-PER-GM>	"SLA cm2/g"^^<http://www.w3.org/2001/XMLSchema#string>
<http://www.wikidata.org/entity/Q157581>	"Trientalis europaea"^^<http://www.w3.org/2001/XMLSchema#string>	"Specific leaf area"	"SLA: undefined if petiole in- or excluded"^^<http://www.w3.org/2001/XMLSchema#string>	250.2	<http://qudt.org/vocab/unit/CentiM2-PER-GM>	"SLA cm2/g"^^<http://www.w3.org/2001/XMLSchema#string>
<http://www.wikidata.org/entity/Q157624>	"Betula pubescens"^^<http://www.w3.org/2001/XMLSchema#string>	"Leaf nitrogen content"	"Leaf nitrogen content per dry mass (Nmass)"^^<http://www.w3.org/2001/XMLSchema#string>	1.74	<http://qudt.org/vocab/unit/PERCENT>	"%"^^<http://www.w3.org/2001/XMLSchema#string>
<http://www.wikidata.org/entity/Q157624>	"Betula pubescens"^^<http://www.w3.org/2001/XMLSchema#string>	"Leaf nitrogen content"	"Leaf nitrogen content per dry mass (Nmass)"^^<http://www.w3.org/2001/XMLSchema#string>	2.48	<http://qudt.org/vocab/unit/PERCENT>	"%"^^<http://www.w3.org/2001/XMLSchema#string>
<http://www.wikidata.org/entity/Q157624>	"Betula pubescens"^^<http://www.w3.org/2001/XMLSchema#string>	"Leaf nitrogen content"	"Leaf nitrogen content per dry mass (Nmass)"^^<http://www.w3.org/2001/XMLSchema#string>	2.72	<http://qudt.org/vocab/unit/PERCENT>	"%"^^<http://www.w3.org/2001/XMLSchema#string>
<http://www.wikidata.org/entity/Q157624>	"Betula pubescens"^^<http://www.w3.org/2001/XMLSchema#string>	"Leaf phosphorus content"	"Leaf phosphorus content per dry mass (Pmass)"^^<http://www.w3.org/2001/XMLSchema#string>	0.18	<http://qudt.org/vocab/unit/PERCENT>	"%"^^<http://www.w3.org/2001/XMLSchema#string>
<http://www.wikidata.org/entity/Q157628>	"Betula nana"^^<http://www.w3.org/2001/XMLSchema#string>	"Leaf nitrogen content"	"Leaf nitrogen content per dry mass (Nmass)"^^<http://www.w3.org/2001/XMLSchema#string>	3.08	<http://qudt.org/vocab/unit/PERCENT>	"%"^^<http://www.w3.org/2001/XMLSchema#string>
<http://www.wikidata.org/entity/Q157628>	"Betula nana"^^<http://www.w3.org/2001/XMLSchema#string>	"Leaf nitrogen content"	"Leaf nitrogen content per dry mass (Nmass)"^^<http://www.w3.org/2001/XMLSchema#string>	1.7	<http://qudt.org/vocab/unit/PERCENT>	"%"^^<http://www.w3.org/2001/XMLSchema#string>
<http://www.wikidata.org/entity/Q157628>	"Betula nana"^^<http://www.w3.org/2001/XMLSchema#string>	"Leaf nitrogen content"	"Leaf nitrogen content per dry mass (Nmass)"^^<http://www.w3.org/2001/XMLSchema#string>	2.99	<http://qudt.org/vocab/unit/PERCENT>	"%"^^<http://www.w3.org/2001/XMLSchema#string>
<http://www.wikidata.org/entity/Q157628>	"Betula nana"^^<http://www.w3.org/2001/XMLSchema#string>	"Leaf nitrogen content"	"Leaf nitrogen content per dry mass (Nmass)"^^<http://www.w3.org/2001/XMLSchema#string>	2.14	<http://qudt.org/vocab/unit/PERCENT>	"%"^^<http://www.w3.org/2001/XMLSchema#string>
<http://www.wikidata.org/entity/Q157628>	"Betula nana"^^<http://www.w3.org/2001/XMLSchema#string>	"Leaf nitrogen content"	"Leaf nitrogen content per dry mass (Nmass)"^^<http://www.w3.org/2001/XMLSchema#string>	2.1	<http://qudt.org/vocab/unit/PERCENT>	"%"^^<http://www.w3.org/2001/XMLSchema#string>
<http://www.wikidata.org/entity/Q157628>	"Betula nana"^^<http://www.w3.org/2001/XMLSchema#string>	"Leaf nitrogen content"	"Leaf nitrogen content per dry mass (Nmass)"^^<http://www.w3.org/2001/XMLSchema#string>	2.08	<http://qudt.org/vocab/unit/PERCENT>	"%"^^<http://www.w3.org/2001/XMLSchema#string>
<http://www.wikidata.org/entity/Q157628>	"Betula nana"^^<http://www.w3.org/2001/XMLSchema#string>	"Leaf nitrogen content"	"Leaf nitrogen content per dry mass (Nmass)"^^<http://www.w3.org/2001/XMLSchema#string>	2.03	<http://qudt.org/vocab/unit/PERCENT>	"%"^^<http://www.w3.org/2001/XMLSchema#string>
<http://www.wikidata.org/entity/Q157628>	"Betula nana"^^<http://www.w3.org/2001/XMLSchema#string>	"Leaf nitrogen content"	"Leaf nitrogen content per dry mass (Nmass)"^^<http://www.w3.org/2001/XMLSchema#string>	1.96	<http://qudt.org/vocab/unit/PERCENT>	"%"^^<http://www.w3.org/2001/XMLSchema#string>
<http://www.wikidata.org/entity/Q157628>	"Betula nana"^^<http://www.w3.org/2001/XMLSchema#string>	"Leaf phosphorus content"	"Leaf phosphorus content per dry mass (Pmass)"^^<http://www.w3.org/2001/XMLSchema#string>	2.3	<http://qudt.org/vocab/unit/MilliGM-PER-GM>	"(mg g-1)"^^<http://www.w3.org/2001/XMLSchema#string>
<http://www.wikidata.org/entity/Q157628>	"Betula nana"^^<http://www.w3.org/2001/XMLSchema#string>	"Leaf phosphorus content"	"Leaf phosphorus content per dry mass (Pmass)"^^<http://www.w3.org/2001/XMLSchema#string>	0.127	<http://qudt.org/vocab/unit/PERCENT>	"%"^^<http://www.w3.org/2001/XMLSchema#string>
<http://www.wikidata.org/entity/Q157628>	"Betula nana"^^<http://www.w3.org/2001/XMLSchema#string>	"Leaf phosphorus content"	"Leaf phosphorus content per dry mass (Pmass)"^^<http://www.w3.org/2001/XMLSchema#string>	0.119	<http://qudt.org/vocab/unit/PERCENT>	"%"^^<http://www.w3.org/2001/XMLSchema#string>
<http://www.wikidata.org/entity/Q157628>	"Betula nana"^^<http://www.w3.org/2001/XMLSchema#string>	"Specific leaf area"	"SLA: undefined if petiole in- or excluded"^^<http://www.w3.org/2001/XMLSchema#string>	143.4013	<http://qudt.org/vocab/unit/CentiM2-PER-GM>	"SLA cm2/g"^^<http://www.w3.org/2001/XMLSchema#string>
<http://www.wikidata.org/entity/Q157628>	"Betula nana"^^<http://www.w3.org/2001/XMLSchema#string>	"Specific leaf area"	"SLA: undefined if petiole in- or excluded"^^<http://www.w3.org/2001/XMLSchema#string>	115.8	<http://qudt.org/vocab/unit/CentiM2-PER-GM>	"SLA cm2/g"^^<http://www.w3.org/2001/XMLSchema#string>
<http://www.wikidata.org/entity/Q157641>	"Alnus incana"^^<http://www.w3.org/2001/XMLSchema#string>	"Specific leaf area"	"SLA: undefined if petiole in- or excluded"^^<http://www.w3.org/2001/XMLSchema#string>	138.6747	<http://qudt.org/vocab/unit/CentiM2-PER-GM>	"SLA cm2/g"^^<http://www.w3.org/2001/XMLSchema#string>
<http://www.wikidata.org/entity/Q157663>	"Amaranthus retroflexus"^^<http://www.w3.org/2001/XMLSchema#string>	"Leaf nitrogen content"	"Leaf nitrogen content per dry mass (Nmass)"^^<http://www.w3.org/2001/XMLSchema#string>	2.55	<http://qudt.org/vocab/unit/PERCENT>	"%"^^<http://www.w3.org/2001/XMLSchema#string>
<http://www.wikidata.org/entity/Q157671>	"Stellaria graminea"^^<http://www.w3.org/2001/XMLSchema#string>	"Leaf nitrogen content"	"Leaf nitrogen content per dry mass (Nmass)"^^<http://www.w3.org/2001/XMLSchema#string>	23.7	<http://qudt.org/vocab/unit/MilliGM-PER-GM>	"(mg g-1)"^^<http://www.w3.org/2001/XMLSchema#string>
<http://www.wikidata.org/entity/Q157671>	"Stellaria graminea"^^<http://www.w3.org/2001/XMLSchema#string>	"Leaf nitrogen content"	"Leaf nitrogen content per dry mass (Nmass)"^^<http://www.w3.org/2001/XMLSchema#string>	2.37	<http://qudt.org/vocab/unit/PERCENT>	"%"^^<http://www.w3.org/2001/XMLSchema#string>
<http://www.wikidata.org/entity/Q157671>	"Stellaria graminea"^^<http://www.w3.org/2001/XMLSchema#string>	"Specific leaf area"	"SLA: undefined if petiole in- or excluded"^^<http://www.w3.org/2001/XMLSchema#string>	225.0	<http://qudt.org/vocab/unit/CentiM2-PER-GM>	"SLA cm2/g"^^<http://www.w3.org/2001/XMLSchema#string>
<http://www.wikidata.org/entity/Q157684>	"Galeopsis tetrahit"^^<http://www.w3.org/2001/XMLSchema#string>	"Specific leaf area"	"SLA: undefined if petiole in- or excluded"^^<http://www.w3.org/2001/XMLSchema#string>	0.0009	<http://qudt.org/vocab/unit/GM-PER-CentiM2>	"g/cm2"^^<http://www.w3.org/2001/XMLSchema#string>
<http://www.wikidata.org/entity/Q157739>	"Platanus occidentalis"^^<http://www.w3.org/2001/XMLSchema#string>	"Leaf nitrogen content"	"Leaf nitrogen content per dry mass (Nmass)"^^<http://www.w3.org/2001/XMLSchema#string>	2.07	<http://qudt.org/vocab/unit/PERCENT>	"%"^^<http://www.w3.org/2001/XMLSchema#string>
<http://www.wikidata.org/entity/Q157751>	"Anthoxanthum odoratum"^^<http://www.w3.org/2001/XMLSchema#string>	"Leaf nitrogen content"	"Leaf nitrogen content per dry mass (Nmass)"^^<http://www.w3.org/2001/XMLSchema#string>	20.9	<http://qudt.org/vocab/unit/MilliGM-PER-GM>	"(mg g-1)"^^<http://www.w3.org/2001/XMLSchema#string>
<http://www.wikidata.org/entity/Q157751>	"Anthoxanthum odoratum"^^<http://www.w3.org/2001/XMLSchema#string>	"Leaf phosphorus content"	"Leaf phosphorus content per dry mass (Pmass)"^^<http://www.w3.org/2001/XMLSchema#string>	0.15	<http://qudt.org/vocab/unit/PERCENT>	"%"^^<http://www.w3.org/2001/XMLSchema#string>
<http://www.wikidata.org/entity/Q157751>	"Anthoxanthum odoratum"^^<http://www.w3.org/2001/XMLSchema#string>	"Leaf phosphorus content"	"Leaf phosphorus content per dry mass (Pmass)"^^<http://www.w3.org/2001/XMLSchema#string>	"<1"^^<http://www.w3.org/2001/XMLSchema#string>	<http://qudt.org/vocab/unit/MilliGM-PER-GM>	"mg/g"^^<http://www.w3.org/2001/XMLSchema#string>
<http://www.wikidata.org/entity/Q157751>	"Anthoxanthum odoratum"^^<http://www.w3.org/2001/XMLSchema#string>	"Specific leaf area"	"SLA: undefined if petiole in- or excluded"^^<http://www.w3.org/2001/XMLSchema#string>	194.2	<http://qudt.org/vocab/unit/CentiM2-PER-GM>	"SLA cm2/g"^^<http://www.w3.org/2001/XMLSchema#string>
<http://www.wikidata.org/entity/Q157751>	"Anthoxanthum odoratum"^^<http://www.w3.org/2001/XMLSchema#string>	"Specific leaf area"	"SLA: undefined if petiole in- or excluded"^^<http://www.w3.org/2001/XMLSchema#string>	296.0	<http://qudt.org/vocab/unit/CentiM2-PER-GM>	"SLA cm2/g"^^<http://www.w3.org/2001/XMLSchema#string>
<http://www.wikidata.org/entity/Q157772>	"Molinia caerulea"^^<http://www.w3.org/2001/XMLSchema#string>	"Leaf phosphorus content"	"Leaf phosphorus content per dry mass (Pmass)"^^<http://www.w3.org/2001/XMLSchema#string>	1200.0	<http://qudt.org/vocab/unit/PPM>	"ppm"^^<http://www.w3.org/2001/XMLSchema#string>
<http://www.wikidata.org/entity/Q157846>	"Sanicula europaea"^^<http://www.w3.org/2001/XMLSchema#string>	"Leaf nitrogen content"	"Leaf nitrogen content per dry mass (Nmass)"^^<http://www.w3.org/2001/XMLSchema#string>	1.956215	<http://qudt.org/vocab/unit/PERCENT>	"%"^^<http://www.w3.org/2001/XMLSchema#string>
<http://www.wikidata.org/entity/Q157846>	"Sanicula europaea"^^<http://www.w3.org/2001/XMLSchema#string>	"Leaf nitrogen content"	"Leaf nitrogen content per dry mass (Nmass)"^^<http://www.w3.org/2001/XMLSchema#string>	2.234902	<http://qudt.org/vocab/unit/PERCENT>	"%"^^<http://www.w3.org/2001/XMLSchema#string>
<http://www.wikidata.org/entity/Q157846>	"Sanicula europaea"^^<http://www.w3.org/2001/XMLSchema#string>	"Leaf nitrogen content"	"Leaf nitrogen content per dry mass (Nmass)"^^<http://www.w3.org/2001/XMLSchema#string>	2.242748	<http://qudt.org/vocab/unit/PERCENT>	"%"^^<http://www.w3.org/2001/XMLSchema#string>
<http://www.wikidata.org/entity/Q157846>	"Sanicula europaea"^^<http://www.w3.org/2001/XMLSchema#string>	"Leaf nitrogen content"	"Leaf nitrogen content per dry mass (Nmass)"^^<http://www.w3.org/2001/XMLSchema#string>	2.287594	<http://qudt.org/vocab/unit/PERCENT>	"%"^^<http://www.w3.org/2001/XMLSchema#string>
<http://www.wikidata.org/entity/Q157846>	"Sanicula europaea"^^<http://www.w3.org/2001/XMLSchema#string>	"Leaf nitrogen content"	"Leaf nitrogen content per dry mass (Nmass)"^^<http://www.w3.org/2001/XMLSchema#string>	2.33267	<http://qudt.org/vocab/unit/PERCENT>	"%"^^<http://www.w3.org/2001/XMLSchema#string>
<http://www.wikidata.org/entity/Q157846>	"Sanicula europaea"^^<http://www.w3.org/2001/XMLSchema#string>	"Leaf nitrogen content"	"Leaf nitrogen content per dry mass (Nmass)"^^<http://www.w3.org/2001/XMLSchema#string>	2.554699	<http://qudt.org/vocab/unit/PERCENT>	"%"^^<http://www.w3.org/2001/XMLSchema#string>
<http://www.wikidata.org/entity/Q157846>	"Sanicula europaea"^^<http://www.w3.org/2001/XMLSchema#string>	"Leaf nitrogen content"	"Leaf nitrogen content per dry mass (Nmass)"^^<http://www.w3.org/2001/XMLSchema#string>	1.811377	<http://qudt.org/vocab/unit/PERCENT>	"%"^^<http://www.w3.org/2001/XMLSchema#string>
<http://www.wikidata.org/entity/Q157851>	"Glaux maritima"^^<http://www.w3.org/2001/XMLSchema#string>	"Leaf nitrogen content"	"Leaf nitrogen content per dry mass (Nmass)"^^<http://www.w3.org/2001/XMLSchema#string>	15.3	<http://qudt.org/vocab/unit/MilliGM-PER-GM>	"mg/g"^^<http://www.w3.org/2001/XMLSchema#string>
<http://www.wikidata.org/entity/Q157851>	"Glaux maritima"^^<http://www.w3.org/2001/XMLSchema#string>	"Leaf phosphorus content"	"Leaf phosphorus content per dry mass (Pmass)"^^<http://www.w3.org/2001/XMLSchema#string>	0.82	<http://qudt.org/vocab/unit/MilliGM-PER-GM>	"mg/g"^^<http://www.w3.org/2001/XMLSchema#string>
<http://www.wikidata.org/entity/Q157885>	"Festuca ovina"^^<http://www.w3.org/2001/XMLSchema#string>	"Leaf nitrogen content"	"Leaf nitrogen content per dry mass (Nmass)"^^<http://www.w3.org/2001/XMLSchema#string>	13.4	<http://qudt.org/vocab/unit/MilliGM-PER-GM>	"(mg g-1)"^^<http://www.w3.org/2001/XMLSchema#string>
<http://www.wikidata.org/entity/Q157885>	"Festuca ovina"^^<http://www.w3.org/2001/XMLSchema#string>	"Leaf phosphorus content"	"Leaf phosphorus content per dry mass (Pmass)"^^<http://www.w3.org/2001/XMLSchema#string>	0.09	<http://qudt.org/vocab/unit/PERCENT>	"%"^^<http://www.w3.org/2001/XMLSchema#string>
<http://www.wikidata.org/entity/Q157885>	"Festuca ovina"^^<http://www.w3.org/2001/XMLSchema#string>	"Leaf phosphorus content"	"Leaf phosphorus content per dry mass (Pmass)"^^<http://www.w3.org/2001/XMLSchema#string>	1700.0	<http://qudt.org/vocab/unit/PPM>	"ppm"^^<http://www.w3.org/2001/XMLSchema#string>
<http://www.wikidata.org/entity/Q157885>	"Festuca ovina"^^<http://www.w3.org/2001/XMLSchema#string>	"Specific leaf area"	"SLA: undefined if petiole in- or excluded"^^<http://www.w3.org/2001/XMLSchema#string>	231.0	<http://qudt.org/vocab/unit/CentiM2-PER-GM>	"SLA cm2/g"^^<http://www.w3.org/2001/XMLSchema#string>
<http://www.wikidata.org/entity/Q157914>	"Digitalis lutea"^^<http://www.w3.org/2001/XMLSchema#string>	"Leaf nitrogen content"	"Leaf nitrogen content per dry mass (Nmass)"^^<http://www.w3.org/2001/XMLSchema#string>	1.25	<http://qudt.org/vocab/unit/PERCENT>	"%"^^<http://www.w3.org/2001/XMLSchema#string>
<http://www.wikidata.org/entity/Q157914>	"Digitalis lutea"^^<http://www.w3.org/2001/XMLSchema#string>	"Leaf nitrogen content"	"Leaf nitrogen content per dry mass (Nmass)"^^<http://www.w3.org/2001/XMLSchema#string>	1.771923	<http://qudt.org/vocab/unit/PERCENT>	"%"^^<http://www.w3.org/2001/XMLSchema#string>
<http://www.wikidata.org/entity/Q157914>	"Digitalis lutea"^^<http://www.w3.org/2001/XMLSchema#string>	"Leaf nitrogen content"	"Leaf nitrogen content per dry mass (Nmass)"^^<http://www.w3.org/2001/XMLSchema#string>	2.614137	<http://qudt.org/vocab/unit/PERCENT>	"%"^^<http://www.w3.org/2001/XMLSchema#string>
<http://www.wikidata.org/entity/Q157929>	"Carex caryophyllea"^^<http://www.w3.org/2001/XMLSchema#string>	"Leaf phosphorus content"	"Leaf phosphorus content per dry mass (Pmass)"^^<http://www.w3.org/2001/XMLSchema#string>	"<1"^^<http://www.w3.org/2001/XMLSchema#string>	<http://qudt.org/vocab/unit/MilliGM-PER-GM>	"mg/g"^^<http://www.w3.org/2001/XMLSchema#string>
<http://www.wikidata.org/entity/Q157969>	"Elaeagnus angustifolia"^^<http://www.w3.org/2001/XMLSchema#string>	"Leaf nitrogen content"	"Leaf nitrogen content per dry mass (Nmass)"^^<http://www.w3.org/2001/XMLSchema#string>	3.98	<http://qudt.org/vocab/unit/PERCENT>	"%"^^<http://www.w3.org/2001/XMLSchema#string>
<http://www.wikidata.org/entity/Q157983>	"Amorpha fruticosa"^^<http://www.w3.org/2001/XMLSchema#string>	"Leaf nitrogen content"	"Leaf nitrogen content per dry mass (Nmass)"^^<http://www.w3.org/2001/XMLSchema#string>	3.35	<http://qudt.org/vocab/unit/PERCENT>	"%"^^<http://www.w3.org/2001/XMLSchema#string>
<http://www.wikidata.org/entity/Q158110>	"Holcus lanatus"^^<http://www.w3.org/2001/XMLSchema#string>	"Specific leaf area"	"SLA: undefined if petiole in- or excluded"^^<http://www.w3.org/2001/XMLSchema#string>	415.9	<http://qudt.org/vocab/unit/CentiM2-PER-GM>	"SLA cm2/g"^^<http://www.w3.org/2001/XMLSchema#string>
<http://www.wikidata.org/entity/Q158132>	"Mercurialis perennis"^^<http://www.w3.org/2001/XMLSchema#string>	"Leaf nitrogen content"	"Leaf nitrogen content per dry mass (Nmass)"^^<http://www.w3.org/2001/XMLSchema#string>	2.499887	<http://qudt.org/vocab/unit/PERCENT>	"%"^^<http://www.w3.org/2001/XMLSchema#string>
<http://www.wikidata.org/entity/Q158132>	"Mercurialis perennis"^^<http://www.w3.org/2001/XMLSchema#string>	"Leaf nitrogen content"	"Leaf nitrogen content per dry mass (Nmass)"^^<http://www.w3.org/2001/XMLSchema#string>	1.718	<http://qudt.org/vocab/unit/PERCENT>	"%"^^<http://www.w3.org/2001/XMLSchema#string>
<http://www.wikidata.org/entity/Q158132>	"Mercurialis perennis"^^<http://www.w3.org/2001/XMLSchema#string>	"Leaf nitrogen content"	"Leaf nitrogen content per dry mass (Nmass)"^^<http://www.w3.org/2001/XMLSchema#string>	2.236	<http://qudt.org/vocab/unit/PERCENT>	"%"^^<http://www.w3.org/2001/XMLSchema#string>
<http://www.wikidata.org/entity/Q158132>	"Mercurialis perennis"^^<http://www.w3.org/2001/XMLSchema#string>	"Leaf nitrogen content"	"Leaf nitrogen content per dry mass (Nmass)"^^<http://www.w3.org/2001/XMLSchema#string>	2.268379	<http://qudt.org/vocab/unit/PERCENT>	"%"^^<http://www.w3.org/2001/XMLSchema#string>
<http://www.wikidata.org/entity/Q158168>	"Carex sylvatica"^^<http://www.w3.org/2001/XMLSchema#string>	"Leaf nitrogen content"	"Leaf nitrogen content per dry mass (Nmass)"^^<http://www.w3.org/2001/XMLSchema#string>	1.505	<http://qudt.org/vocab/unit/PERCENT>	"%"^^<http://www.w3.org/2001/XMLSchema#string>
<http://www.wikidata.org/entity/Q158168>	"Carex sylvatica"^^<http://www.w3.org/2001/XMLSchema#string>	"Leaf nitrogen content"	"Leaf nitrogen content per dry mass (Nmass)"^^<http://www.w3.org/2001/XMLSchema#string>	1.548798	<http://qudt.org/vocab/unit/PERCENT>	"%"^^<http://www.w3.org/2001/XMLSchema#string>
<http://www.wikidata.org/entity/Q158178>	"Quercus coccifera"^^<http://www.w3.org/2001/XMLSchema#string>	"Leaf nitrogen content"	"Leaf nitrogen content per dry mass (Nmass)"^^<http://www.w3.org/2001/XMLSchema#string>	1.2	<http://qudt.org/vocab/unit/PERCENT>	"%"^^<http://www.w3.org/2001/XMLSchema#string>
<http://www.wikidata.org/entity/Q158178>	"Quercus coccifera"^^<http://www.w3.org/2001/XMLSchema#string>	"Leaf phosphorus content"	"Leaf phosphorus content per dry mass (Pmass)"^^<http://www.w3.org/2001/XMLSchema#string>	700.0	<http://qudt.org/vocab/unit/PPM>	"ppm"^^<http://www.w3.org/2001/XMLSchema#string>
<http://www.wikidata.org/entity/Q158190>	"Carex nigra"^^<http://www.w3.org/2001/XMLSchema#string>	"Leaf nitrogen content"	"Leaf nitrogen content per dry mass (Nmass)"^^<http://www.w3.org/2001/XMLSchema#string>	2.27	<http://qudt.org/vocab/unit/PERCENT>	"%"^^<http://www.w3.org/2001/XMLSchema#string>
<http://www.wikidata.org/entity/Q158190>	"Carex nigra"^^<http://www.w3.org/2001/XMLSchema#string>	"Leaf nitrogen content"	"Leaf nitrogen content per dry mass (Nmass)"^^<http://www.w3.org/2001/XMLSchema#string>	22.7	<http://qudt.org/vocab/unit/MilliGM-PER-GM>	"(mg g-1)"^^<http://www.w3.org/2001/XMLSchema#string>
<http://www.wikidata.org/entity/Q158190>	"Carex nigra"^^<http://www.w3.org/2001/XMLSchema#string>	"Specific leaf area"	"SLA: undefined if petiole in- or excluded"^^<http://www.w3.org/2001/XMLSchema#string>	238.0	<http://qudt.org/vocab/unit/CentiM2-PER-GM>	"SLA cm2/g"^^<http://www.w3.org/2001/XMLSchema#string>
<http://www.wikidata.org/entity/Q158289>	"Hypericum perforatum"^^<http://www.w3.org/2001/XMLSchema#string>	"Leaf nitrogen content"	"Leaf nitrogen content per dry mass (Nmass)"^^<http://www.w3.org/2001/XMLSchema#string>	2.03	<http://qudt.org/vocab/unit/PERCENT>	"%"^^<http://www.w3.org/2001/XMLSchema#string>
<http://www.wikidata.org/entity/Q158289>	"Hypericum perforatum"^^<http://www.w3.org/2001/XMLSchema#string>	"Leaf nitrogen content"	"Leaf nitrogen content per dry mass (Nmass)"^^<http://www.w3.org/2001/XMLSchema#string>	2.216596	<http://qudt.org/vocab/unit/PERCENT>	"%"^^<http://www.w3.org/2001/XMLSchema#string>
<http://www.wikidata.org/entity/Q158289>	"Hypericum perforatum"^^<http://www.w3.org/2001/XMLSchema#string>	"Leaf nitrogen content"	"Leaf nitrogen content per dry mass (Nmass)"^^<http://www.w3.org/2001/XMLSchema#string>	2.23	<http://qudt.org/vocab/unit/PERCENT>	"%"^^<http://www.w3.org/2001/XMLSchema#string>
<http://www.wikidata.org/entity/Q158289>	"Hypericum perforatum"^^<http://www.w3.org/2001/XMLSchema#string>	"Leaf nitrogen content"	"Leaf nitrogen content per dry mass (Nmass)"^^<http://www.w3.org/2001/XMLSchema#string>	22.3	<http://qudt.org/vocab/unit/MilliGM-PER-GM>	"(mg g-1)"^^<http://www.w3.org/2001/XMLSchema#string>
<http://www.wikidata.org/entity/Q158289>	"Hypericum perforatum"^^<http://www.w3.org/2001/XMLSchema#string>	"Specific leaf area"	"SLA: undefined if petiole in- or excluded"^^<http://www.w3.org/2001/XMLSchema#string>	183.0	<http://qudt.org/vocab/unit/CentiM2-PER-GM>	"SLA cm2/g"^^<http://www.w3.org/2001/XMLSchema#string>
<http://www.wikidata.org/entity/Q158295>	"Asclepias syriaca"^^<http://www.w3.org/2001/XMLSchema#string>	"Leaf nitrogen content"	"Leaf nitrogen content per dry mass (Nmass)"^^<http://www.w3.org/2001/XMLSchema#string>	46.35927	<http://qudt.org/vocab/unit/MilliGM-PER-GM>	"mg/g"^^<http://www.w3.org/2001/XMLSchema#string>
<http://www.wikidata.org/entity/Q158295>	"Asclepias syriaca"^^<http://www.w3.org/2001/XMLSchema#string>	"Specific leaf area"	"SLA: petiole  excluded"^^<http://www.w3.org/2001/XMLSchema#string>	389.41	<http://qudt.org/vocab/unit/CentiM2-PER-GM>	"cm2/g"^^<http://www.w3.org/2001/XMLSchema#string>
<http://www.wikidata.org/entity/Q158397>	"Berberis thunbergii"^^<http://www.w3.org/2001/XMLSchema#string>	"Specific leaf area"	"SLA: petiole  excluded"^^<http://www.w3.org/2001/XMLSchema#string>	392.6991	<http://qudt.org/vocab/unit/CentiM2-PER-GM>	"cm2 g-1"^^<http://www.w3.org/2001/XMLSchema#string>
<http://www.wikidata.org/entity/Q158397>	"Berberis thunbergii"^^<http://www.w3.org/2001/XMLSchema#string>	"Specific leaf area"	"SLA: petiole  excluded"^^<http://www.w3.org/2001/XMLSchema#string>	224.3995	<http://qudt.org/vocab/unit/CentiM2-PER-GM>	"cm2 g-1"^^<http://www.w3.org/2001/XMLSchema#string>
<http://www.wikidata.org/entity/Q158413>	"Geranium dissectum"^^<http://www.w3.org/2001/XMLSchema#string>	"Leaf nitrogen content"	"Leaf nitrogen content per dry mass (Nmass)"^^<http://www.w3.org/2001/XMLSchema#string>	1.9	<http://qudt.org/vocab/unit/PERCENT>	"%"^^<http://www.w3.org/2001/XMLSchema#string>
<http://www.wikidata.org/entity/Q158443>	"Hydrangea paniculata"^^<http://www.w3.org/2001/XMLSchema#string>	"Leaf nitrogen content"	"Leaf nitrogen content per dry mass (Nmass)"^^<http://www.w3.org/2001/XMLSchema#string>	2.18	<http://qudt.org/vocab/unit/PERCENT>	"%"^^<http://www.w3.org/2001/XMLSchema#string>
<http://www.wikidata.org/entity/Q158443>	"Hydrangea paniculata"^^<http://www.w3.org/2001/XMLSchema#string>	"Specific leaf area"	"SLA: undefined if petiole in- or excluded"^^<http://www.w3.org/2001/XMLSchema#string>	303.3981	<http://qudt.org/vocab/unit/CentiM2-PER-GM>	"SLA cm2/g"^^<http://www.w3.org/2001/XMLSchema#string>
<http://www.wikidata.org/entity/Q158524>	"Carex flacca"^^<http://www.w3.org/2001/XMLSchema#string>	"Leaf phosphorus content"	"Leaf phosphorus content per dry mass (Pmass)"^^<http://www.w3.org/2001/XMLSchema#string>	0.11	<http://qudt.org/vocab/unit/PERCENT>	"%"^^<http://www.w3.org/2001/XMLSchema#string>
<http://www.wikidata.org/entity/Q158524>	"Carex flacca"^^<http://www.w3.org/2001/XMLSchema#string>	"Specific leaf area"	"SLA: undefined if petiole in- or excluded"^^<http://www.w3.org/2001/XMLSchema#string>	155.5	<http://qudt.org/vocab/unit/CentiM2-PER-GM>	"SLA cm2/g"^^<http://www.w3.org/2001/XMLSchema#string>
<http://www.wikidata.org/entity/Q158563>	"Berberis vulgaris"^^<http://www.w3.org/2001/XMLSchema#string>	"Specific leaf area"	"SLA: undefined if petiole in- or excluded"^^<http://www.w3.org/2001/XMLSchema#string>	131.2	<http://qudt.org/vocab/unit/CentiM2-PER-GM>	"SLA cm2/g"^^<http://www.w3.org/2001/XMLSchema#string>
<http://www.wikidata.org/entity/Q158569>	"Rubus saxatilis"^^<http://www.w3.org/2001/XMLSchema#string>	"Specific leaf area"	"SLA: undefined if petiole in- or excluded"^^<http://www.w3.org/2001/XMLSchema#string>	329.2255	<http://qudt.org/vocab/unit/CentiM2-PER-GM>	"SLA cm2/g"^^<http://www.w3.org/2001/XMLSchema#string>
<http://www.wikidata.org/entity/Q158592>	"Lathyrus aphaca"^^<http://www.w3.org/2001/XMLSchema#string>	"Specific leaf area"	"SLA: undefined if petiole in- or excluded"^^<http://www.w3.org/2001/XMLSchema#string>	414.8936	<http://qudt.org/vocab/unit/CentiM2-PER-GM>	"SLA cm2/g"^^<http://www.w3.org/2001/XMLSchema#string>
<http://www.wikidata.org/entity/Q158608>	"Quercus petraea"^^<http://www.w3.org/2001/XMLSchema#string>	"Leaf nitrogen content"	"Leaf nitrogen content per dry mass (Nmass)"^^<http://www.w3.org/2001/XMLSchema#string>	0.025	<http://qudt.org/vocab/unit/GM-PER-GM>	"g N g-1 DW"^^<http://www.w3.org/2001/XMLSchema#string>
<http://www.wikidata.org/entity/Q158608>	"Quercus petraea"^^<http://www.w3.org/2001/XMLSchema#string>	"Leaf nitrogen content"	"Leaf nitrogen content per dry mass (Nmass)"^^<http://www.w3.org/2001/XMLSchema#string>	2.005	<http://qudt.org/vocab/unit/PERCENT>	"%"^^<http://www.w3.org/2001/XMLSchema#string>
<http://www.wikidata.org/entity/Q158608>	"Quercus petraea"^^<http://www.w3.org/2001/XMLSchema#string>	"Leaf nitrogen content"	"Leaf nitrogen content per dry mass (Nmass)"^^<http://www.w3.org/2001/XMLSchema#string>	0.024	<http://qudt.org/vocab/unit/GM-PER-GM>	"g N g-1 DW"^^<http://www.w3.org/2001/XMLSchema#string>
<http://www.wikidata.org/entity/Q158608>	"Quercus petraea"^^<http://www.w3.org/2001/XMLSchema#string>	"Leaf nitrogen content"	"Leaf nitrogen content per dry mass (Nmass)"^^<http://www.w3.org/2001/XMLSchema#string>	2.657	<http://qudt.org/vocab/unit/PERCENT>	"%"^^<http://www.w3.org/2001/XMLSchema#string>
<http://www.wikidata.org/entity/Q158608>	"Quercus petraea"^^<http://www.w3.org/2001/XMLSchema#string>	"Leaf nitrogen content"	"Leaf nitrogen content per dry mass (Nmass)"^^<http://www.w3.org/2001/XMLSchema#string>	2.683	<http://qudt.org/vocab/unit/PERCENT>	"%"^^<http://www.w3.org/2001/XMLSchema#string>
<http://www.wikidata.org/entity/Q158608>	"Quercus petraea"^^<http://www.w3.org/2001/XMLSchema#string>	"Leaf nitrogen content"	"Leaf nitrogen content per dry mass (Nmass)"^^<http://www.w3.org/2001/XMLSchema#string>	2.738	<http://qudt.org/vocab/unit/PERCENT>	"%"^^<http://www.w3.org/2001/XMLSchema#string>
<http://www.wikidata.org/entity/Q158608>	"Quercus petraea"^^<http://www.w3.org/2001/XMLSchema#string>	"Leaf nitrogen content"	"Leaf nitrogen content per dry mass (Nmass)"^^<http://www.w3.org/2001/XMLSchema#string>	18.3384	<http://qudt.org/vocab/unit/MilliGM-PER-GM>	"mgN gDM-1"^^<http://www.w3.org/2001/XMLSchema#string>
<http://www.wikidata.org/entity/Q158608>	"Quercus petraea"^^<http://www.w3.org/2001/XMLSchema#string>	"Leaf nitrogen content"	"Leaf nitrogen content per dry mass (Nmass)"^^<http://www.w3.org/2001/XMLSchema#string>	24.1	<http://qudt.org/vocab/unit/MilliGM-PER-GM>	"mgN gDM-1"^^<http://www.w3.org/2001/XMLSchema#string>
<http://www.wikidata.org/entity/Q158608>	"Quercus petraea"^^<http://www.w3.org/2001/XMLSchema#string>	"Leaf nitrogen content"	"Leaf nitrogen content per dry mass (Nmass)"^^<http://www.w3.org/2001/XMLSchema#string>	26.0	<http://qudt.org/vocab/unit/MilliGM-PER-GM>	"mg g-1"^^<http://www.w3.org/2001/XMLSchema#string>
<http://www.wikidata.org/entity/Q158608>	"Quercus petraea"^^<http://www.w3.org/2001/XMLSchema#string>	"Leaf nitrogen content"	"Leaf nitrogen content per dry mass (Nmass)"^^<http://www.w3.org/2001/XMLSchema#string>	2.0	<http://qudt.org/vocab/unit/PERCENT>	"%"^^<http://www.w3.org/2001/XMLSchema#string>
<http://www.wikidata.org/entity/Q158608>	"Quercus petraea"^^<http://www.w3.org/2001/XMLSchema#string>	"Leaf nitrogen content"	"Leaf nitrogen content per dry mass (Nmass)"^^<http://www.w3.org/2001/XMLSchema#string>	1.96	<http://qudt.org/vocab/unit/PERCENT>	"%"^^<http://www.w3.org/2001/XMLSchema#string>
<http://www.wikidata.org/entity/Q158608>	"Quercus petraea"^^<http://www.w3.org/2001/XMLSchema#string>	"Leaf nitrogen content"	"Leaf nitrogen content per dry mass (Nmass)"^^<http://www.w3.org/2001/XMLSchema#string>	2.061	<http://qudt.org/vocab/unit/PERCENT>	"%"^^<http://www.w3.org/2001/XMLSchema#string>
<http://www.wikidata.org/entity/Q158608>	"Quercus petraea"^^<http://www.w3.org/2001/XMLSchema#string>	"Leaf nitrogen content"	"Leaf nitrogen content per dry mass (Nmass)"^^<http://www.w3.org/2001/XMLSchema#string>	2.572	<http://qudt.org/vocab/unit/PERCENT>	"%"^^<http://www.w3.org/2001/XMLSchema#string>
<http://www.wikidata.org/entity/Q158608>	"Quercus petraea"^^<http://www.w3.org/2001/XMLSchema#string>	"Leaf nitrogen content"	"Leaf nitrogen content per dry mass (Nmass)"^^<http://www.w3.org/2001/XMLSchema#string>	2.47	<http://qudt.org/vocab/unit/PERCENT>	"%"^^<http://www.w3.org/2001/XMLSchema#string>
<http://www.wikidata.org/entity/Q158608>	"Quercus petraea"^^<http://www.w3.org/2001/XMLSchema#string>	"Leaf nitrogen content"	"Leaf nitrogen content per dry mass (Nmass)"^^<http://www.w3.org/2001/XMLSchema#string>	1.7	<http://qudt.org/vocab/unit/PERCENT>	"%"^^<http://www.w3.org/2001/XMLSchema#string>
<http://www.wikidata.org/entity/Q158608>	"Quercus petraea"^^<http://www.w3.org/2001/XMLSchema#string>	"Leaf nitrogen content"	"Leaf nitrogen content per dry mass (Nmass)"^^<http://www.w3.org/2001/XMLSchema#string>	1.88	<http://qudt.org/vocab/unit/PERCENT>	"%"^^<http://www.w3.org/2001/XMLSchema#string>
<http://www.wikidata.org/entity/Q158608>	"Quercus petraea"^^<http://www.w3.org/2001/XMLSchema#string>	"Leaf nitrogen content"	"Leaf nitrogen content per dry mass (Nmass)"^^<http://www.w3.org/2001/XMLSchema#string>	2.204	<http://qudt.org/vocab/unit/PERCENT>	"%"^^<http://www.w3.org/2001/XMLSchema#string>
<http://www.wikidata.org/entity/Q158608>	"Quercus petraea"^^<http://www.w3.org/2001/XMLSchema#string>	"Leaf nitrogen content"	"Leaf nitrogen content per dry mass (Nmass)"^^<http://www.w3.org/2001/XMLSchema#string>	2.188	<http://qudt.org/vocab/unit/PERCENT>	"%"^^<http://www.w3.org/2001/XMLSchema#string>
<http://www.wikidata.org/entity/Q158608>	"Quercus petraea"^^<http://www.w3.org/2001/XMLSchema#string>	"Leaf nitrogen content"	"Leaf nitrogen content per dry mass (Nmass)"^^<http://www.w3.org/2001/XMLSchema#string>	1.93	<http://qudt.org/vocab/unit/PERCENT>	"%"^^<http://www.w3.org/2001/XMLSchema#string>
<http://www.wikidata.org/entity/Q158608>	"Quercus petraea"^^<http://www.w3.org/2001/XMLSchema#string>	"Leaf nitrogen content"	"Leaf nitrogen content per dry mass (Nmass)"^^<http://www.w3.org/2001/XMLSchema#string>	2.077	<http://qudt.org/vocab/unit/PERCENT>	"%"^^<http://www.w3.org/2001/XMLSchema#string>
<http://www.wikidata.org/entity/Q158608>	"Quercus petraea"^^<http://www.w3.org/2001/XMLSchema#string>	"Specific leaf area"	"SLA: undefined if petiole in- or excluded"^^<http://www.w3.org/2001/XMLSchema#string>	135.2	<http://qudt.org/vocab/unit/CentiM2-PER-GM>	"SLA cm2/g"^^<http://www.w3.org/2001/XMLSchema#string>
<http://www.wikidata.org/entity/Q158610>	"Chenopodium album"^^<http://www.w3.org/2001/XMLSchema#string>	"Leaf nitrogen content"	"Leaf nitrogen content per dry mass (Nmass)"^^<http://www.w3.org/2001/XMLSchema#string>	4.2	<http://qudt.org/vocab/unit/PERCENT>	"%"^^<http://www.w3.org/2001/XMLSchema#string>
<http://www.wikidata.org/entity/Q158610>	"Chenopodium album"^^<http://www.w3.org/2001/XMLSchema#string>	"Specific leaf area"	"SLA: undefined if petiole in- or excluded"^^<http://www.w3.org/2001/XMLSchema#string>	258.4	<http://qudt.org/vocab/unit/CentiM2-PER-GM>	"SLA cm2/g"^^<http://www.w3.org/2001/XMLSchema#string>
<http://www.wikidata.org/entity/Q158682>	"Melica nutans"^^<http://www.w3.org/2001/XMLSchema#string>	"Leaf nitrogen content"	"Leaf nitrogen content per dry mass (Nmass)"^^<http://www.w3.org/2001/XMLSchema#string>	2.3	<http://qudt.org/vocab/unit/PERCENT>	"%"^^<http://www.w3.org/2001/XMLSchema#string>
<http://www.wikidata.org/entity/Q158695>	"Arabidopsis thaliana"^^<http://www.w3.org/2001/XMLSchema#string>	"Specific leaf area"	"SLA: petiole  excluded"^^<http://www.w3.org/2001/XMLSchema#string>	28.37872	<http://qudt.org/vocab/unit/GM-PER-M2>	"g/m2"^^<http://www.w3.org/2001/XMLSchema#string>
<http://www.wikidata.org/entity/Q158783>	"Liriodendron tulipifera"^^<http://www.w3.org/2001/XMLSchema#string>	"Leaf nitrogen content"	"Leaf nitrogen content per dry mass (Nmass)"^^<http://www.w3.org/2001/XMLSchema#string>	2.24	<http://qudt.org/vocab/unit/PERCENT>	"%"^^<http://www.w3.org/2001/XMLSchema#string>
<http://www.wikidata.org/entity/Q158783>	"Liriodendron tulipifera"^^<http://www.w3.org/2001/XMLSchema#string>	"Leaf nitrogen content"	"Leaf nitrogen content per dry mass (Nmass)"^^<http://www.w3.org/2001/XMLSchema#string>	2.92	<http://qudt.org/vocab/unit/PERCENT>	"%"^^<http://www.w3.org/2001/XMLSchema#string>
<http://www.wikidata.org/entity/Q158785>	"Acer campestre"^^<http://www.w3.org/2001/XMLSchema#string>	"Specific leaf area"	"SLA: undefined if petiole in- or excluded"^^<http://www.w3.org/2001/XMLSchema#string>	117.0	<http://qudt.org/vocab/unit/CentiM2-PER-GM>	"SLA cm2/g"^^<http://www.w3.org/2001/XMLSchema#string>
<http://www.wikidata.org/entity/Q158866>	"Lathyrus linifolius"^^<http://www.w3.org/2001/XMLSchema#string>	"Leaf nitrogen content"	"Leaf nitrogen content per dry mass (Nmass)"^^<http://www.w3.org/2001/XMLSchema#string>	33.0	<http://qudt.org/vocab/unit/MilliGM-PER-GM>	"(mg g-1)"^^<http://www.w3.org/2001/XMLSchema#string>
<http://www.wikidata.org/entity/Q158866>	"Lathyrus linifolius"^^<http://www.w3.org/2001/XMLSchema#string>	"Specific leaf area"	"SLA: undefined if petiole in- or excluded"^^<http://www.w3.org/2001/XMLSchema#string>	316.0	<http://qudt.org/vocab/unit/CentiM2-PER-GM>	"SLA cm2/g"^^<http://www.w3.org/2001/XMLSchema#string>
<http://www.wikidata.org/entity/Q158894>	"Poa nemoralis"^^<http://www.w3.org/2001/XMLSchema#string>	"Leaf nitrogen content"	"Leaf nitrogen content per dry mass (Nmass)"^^<http://www.w3.org/2001/XMLSchema#string>	2.99457	<http://qudt.org/vocab/unit/PERCENT>	"%"^^<http://www.w3.org/2001/XMLSchema#string>
<http://www.wikidata.org/entity/Q158894>	"Poa nemoralis"^^<http://www.w3.org/2001/XMLSchema#string>	"Leaf nitrogen content"	"Leaf nitrogen content per dry mass (Nmass)"^^<http://www.w3.org/2001/XMLSchema#string>	1.685	<http://qudt.org/vocab/unit/PERCENT>	"%"^^<http://www.w3.org/2001/XMLSchema#string>
<http://www.wikidata.org/entity/Q158894>	"Poa nemoralis"^^<http://www.w3.org/2001/XMLSchema#string>	"Leaf nitrogen content"	"Leaf nitrogen content per dry mass (Nmass)"^^<http://www.w3.org/2001/XMLSchema#string>	2.265	<http://qudt.org/vocab/unit/PERCENT>	"%"^^<http://www.w3.org/2001/XMLSchema#string>
<http://www.wikidata.org/entity/Q158925>	"Melittis melissophyllum"^^<http://www.w3.org/2001/XMLSchema#string>	"Leaf nitrogen content"	"Leaf nitrogen content per dry mass (Nmass)"^^<http://www.w3.org/2001/XMLSchema#string>	2.713251	<http://qudt.org/vocab/unit/PERCENT>	"%"^^<http://www.w3.org/2001/XMLSchema#string>
<http://www.wikidata.org/entity/Q158925>	"Melittis melissophyllum"^^<http://www.w3.org/2001/XMLSchema#string>	"Leaf nitrogen content"	"Leaf nitrogen content per dry mass (Nmass)"^^<http://www.w3.org/2001/XMLSchema#string>	2.652836	<http://qudt.org/vocab/unit/PERCENT>	"%"^^<http://www.w3.org/2001/XMLSchema#string>
<http://www.wikidata.org/entity/Q158925>	"Melittis melissophyllum"^^<http://www.w3.org/2001/XMLSchema#string>	"Leaf nitrogen content"	"Leaf nitrogen content per dry mass (Nmass)"^^<http://www.w3.org/2001/XMLSchema#string>	1.928434	<http://qudt.org/vocab/unit/PERCENT>	"%"^^<http://www.w3.org/2001/XMLSchema#string>
<http://www.wikidata.org/entity/Q158925>	"Melittis melissophyllum"^^<http://www.w3.org/2001/XMLSchema#string>	"Leaf nitrogen content"	"Leaf nitrogen content per dry mass (Nmass)"^^<http://www.w3.org/2001/XMLSchema#string>	1.613273	<http://qudt.org/vocab/unit/PERCENT>	"%"^^<http://www.w3.org/2001/XMLSchema#string>
<http://www.wikidata.org/entity/Q158947>	"Galium boreale"^^<http://www.w3.org/2001/XMLSchema#string>	"Leaf nitrogen content"	"Leaf nitrogen content per dry mass (Nmass)"^^<http://www.w3.org/2001/XMLSchema#string>	21.9	<http://qudt.org/vocab/unit/MilliGM-PER-GM>	"(mg g-1)"^^<http://www.w3.org/2001/XMLSchema#string>
<http://www.wikidata.org/entity/Q158947>	"Galium boreale"^^<http://www.w3.org/2001/XMLSchema#string>	"Specific leaf area"	"SLA: undefined if petiole in- or excluded"^^<http://www.w3.org/2001/XMLSchema#string>	273.0	<http://qudt.org/vocab/unit/CentiM2-PER-GM>	"SLA cm2/g"^^<http://www.w3.org/2001/XMLSchema#string>
<http://www.wikidata.org/entity/Q158963>	"Milium effusum"^^<http://www.w3.org/2001/XMLSchema#string>	"Leaf nitrogen content"	"Leaf nitrogen content per dry mass (Nmass)"^^<http://www.w3.org/2001/XMLSchema#string>	1.88	<http://qudt.org/vocab/unit/PERCENT>	"%"^^<http://www.w3.org/2001/XMLSchema#string>
<http://www.wikidata.org/entity/Q158987>	"Prunus serotina"^^<http://www.w3.org/2001/XMLSchema#string>	"Leaf nitrogen content"	"Leaf nitrogen content per dry mass (Nmass)"^^<http://www.w3.org/2001/XMLSchema#string>	2.7	<http://qudt.org/vocab/unit/PERCENT>	"%"^^<http://www.w3.org/2001/XMLSchema#string>
<http://www.wikidata.org/entity/Q159017>	"Carex pallescens"^^<http://www.w3.org/2001/XMLSchema#string>	"Leaf nitrogen content"	"Leaf nitrogen content per dry mass (Nmass)"^^<http://www.w3.org/2001/XMLSchema#string>	18.0	<http://qudt.org/vocab/unit/MilliGM-PER-GM>	"(mg g-1)"^^<http://www.w3.org/2001/XMLSchema#string>
<http://www.wikidata.org/entity/Q159017>	"Carex pallescens"^^<http://www.w3.org/2001/XMLSchema#string>	"Leaf nitrogen content"	"Leaf nitrogen content per dry mass (Nmass)"^^<http://www.w3.org/2001/XMLSchema#string>	1.8	<http://qudt.org/vocab/unit/PERCENT>	"%"^^<http://www.w3.org/2001/XMLSchema#string>
<http://www.wikidata.org/entity/Q159017>	"Carex pallescens"^^<http://www.w3.org/2001/XMLSchema#string>	"Specific leaf area"	"SLA: undefined if petiole in- or excluded"^^<http://www.w3.org/2001/XMLSchema#string>	250.0	<http://qudt.org/vocab/unit/CentiM2-PER-GM>	"SLA cm2/g"^^<http://www.w3.org/2001/XMLSchema#string>
<http://www.wikidata.org/entity/Q159025>	"Carex aquatilis"^^<http://www.w3.org/2001/XMLSchema#string>	"Leaf nitrogen content"	"Leaf nitrogen content per dry mass (Nmass)"^^<http://www.w3.org/2001/XMLSchema#string>	26.4	<http://qudt.org/vocab/unit/MilliGM-PER-GM>	"mg g-1"^^<http://www.w3.org/2001/XMLSchema#string>
<http://www.wikidata.org/entity/Q159025>	"Carex aquatilis"^^<http://www.w3.org/2001/XMLSchema#string>	"Leaf nitrogen content"	"Leaf nitrogen content per dry mass (Nmass)"^^<http://www.w3.org/2001/XMLSchema#string>	26.8	<http://qudt.org/vocab/unit/MilliGM-PER-GM>	"mg g-1"^^<http://www.w3.org/2001/XMLSchema#string>
<http://www.wikidata.org/entity/Q159025>	"Carex aquatilis"^^<http://www.w3.org/2001/XMLSchema#string>	"Leaf nitrogen content"	"Leaf nitrogen content per dry mass (Nmass)"^^<http://www.w3.org/2001/XMLSchema#string>	30.9	<http://qudt.org/vocab/unit/MilliGM-PER-GM>	"mg g-1"^^<http://www.w3.org/2001/XMLSchema#string>
<http://www.wikidata.org/entity/Q159025>	"Carex aquatilis"^^<http://www.w3.org/2001/XMLSchema#string>	"Leaf nitrogen content"	"Leaf nitrogen content per dry mass (Nmass)"^^<http://www.w3.org/2001/XMLSchema#string>	31.8	<http://qudt.org/vocab/unit/MilliGM-PER-GM>	"mg g-1"^^<http://www.w3.org/2001/XMLSchema#string>
<http://www.wikidata.org/entity/Q159025>	"Carex aquatilis"^^<http://www.w3.org/2001/XMLSchema#string>	"Leaf nitrogen content"	"Leaf nitrogen content per dry mass (Nmass)"^^<http://www.w3.org/2001/XMLSchema#string>	30.6	<http://qudt.org/vocab/unit/MilliGM-PER-GM>	"mg g-1"^^<http://www.w3.org/2001/XMLSchema#string>
<http://www.wikidata.org/entity/Q159025>	"Carex aquatilis"^^<http://www.w3.org/2001/XMLSchema#string>	"Leaf nitrogen content"	"Leaf nitrogen content per dry mass (Nmass)"^^<http://www.w3.org/2001/XMLSchema#string>	32.9	<http://qudt.org/vocab/unit/MilliGM-PER-GM>	"mg g-1"^^<http://www.w3.org/2001/XMLSchema#string>
<http://www.wikidata.org/entity/Q159025>	"Carex aquatilis"^^<http://www.w3.org/2001/XMLSchema#string>	"Leaf nitrogen content"	"Leaf nitrogen content per dry mass (Nmass)"^^<http://www.w3.org/2001/XMLSchema#string>	33.5	<http://qudt.org/vocab/unit/MilliGM-PER-GM>	"mg g-1"^^<http://www.w3.org/2001/XMLSchema#string>
<http://www.wikidata.org/entity/Q159025>	"Carex aquatilis"^^<http://www.w3.org/2001/XMLSchema#string>	"Leaf nitrogen content"	"Leaf nitrogen content per dry mass (Nmass)"^^<http://www.w3.org/2001/XMLSchema#string>	34.4	<http://qudt.org/vocab/unit/MilliGM-PER-GM>	"mg g-1"^^<http://www.w3.org/2001/XMLSchema#string>
<http://www.wikidata.org/entity/Q159025>	"Carex aquatilis"^^<http://www.w3.org/2001/XMLSchema#string>	"Leaf nitrogen content"	"Leaf nitrogen content per dry mass (Nmass)"^^<http://www.w3.org/2001/XMLSchema#string>	30.2	<http://qudt.org/vocab/unit/MilliGM-PER-GM>	"mg g-1"^^<http://www.w3.org/2001/XMLSchema#string>
<http://www.wikidata.org/entity/Q159025>	"Carex aquatilis"^^<http://www.w3.org/2001/XMLSchema#string>	"Leaf nitrogen content"	"Leaf nitrogen content per dry mass (Nmass)"^^<http://www.w3.org/2001/XMLSchema#string>	36.0	<http://qudt.org/vocab/unit/MilliGM-PER-GM>	"mg g-1"^^<http://www.w3.org/2001/XMLSchema#string>
<http://www.wikidata.org/entity/Q159025>	"Carex aquatilis"^^<http://www.w3.org/2001/XMLSchema#string>	"Leaf nitrogen content"	"Leaf nitrogen content per dry mass (Nmass)"^^<http://www.w3.org/2001/XMLSchema#string>	36.7	<http://qudt.org/vocab/unit/MilliGM-PER-GM>	"mg g-1"^^<http://www.w3.org/2001/XMLSchema#string>
<http://www.wikidata.org/entity/Q159025>	"Carex aquatilis"^^<http://www.w3.org/2001/XMLSchema#string>	"Leaf nitrogen content"	"Leaf nitrogen content per dry mass (Nmass)"^^<http://www.w3.org/2001/XMLSchema#string>	29.1	<http://qudt.org/vocab/unit/MilliGM-PER-GM>	"mg g-1"^^<http://www.w3.org/2001/XMLSchema#string>
<http://www.wikidata.org/entity/Q159025>	"Carex aquatilis"^^<http://www.w3.org/2001/XMLSchema#string>	"Leaf nitrogen content"	"Leaf nitrogen content per dry mass (Nmass)"^^<http://www.w3.org/2001/XMLSchema#string>	2.0	<http://qudt.org/vocab/unit/PERCENT>	"%"^^<http://www.w3.org/2001/XMLSchema#string>
<http://www.wikidata.org/entity/Q159025>	"Carex aquatilis"^^<http://www.w3.org/2001/XMLSchema#string>	"Specific leaf area"	"SLA: undefined if petiole in- or excluded"^^<http://www.w3.org/2001/XMLSchema#string>	0.006981695	<http://qudt.org/vocab/unit/M2-PER-GM>	"m2/g"^^<http://www.w3.org/2001/XMLSchema#string>
<http://www.wikidata.org/entity/Q159025>	"Carex aquatilis"^^<http://www.w3.org/2001/XMLSchema#string>	"Specific leaf area"	"SLA: undefined if petiole in- or excluded"^^<http://www.w3.org/2001/XMLSchema#string>	0.00973183	<http://qudt.org/vocab/unit/M2-PER-GM>	"m2/g"^^<http://www.w3.org/2001/XMLSchema#string>
<http://www.wikidata.org/entity/Q159025>	"Carex aquatilis"^^<http://www.w3.org/2001/XMLSchema#string>	"Specific leaf area"	"SLA: undefined if petiole in- or excluded"^^<http://www.w3.org/2001/XMLSchema#string>	0.009406596	<http://qudt.org/vocab/unit/M2-PER-GM>	"m2/g"^^<http://www.w3.org/2001/XMLSchema#string>
<http://www.wikidata.org/entity/Q159025>	"Carex aquatilis"^^<http://www.w3.org/2001/XMLSchema#string>	"Specific leaf area"	"SLA: undefined if petiole in- or excluded"^^<http://www.w3.org/2001/XMLSchema#string>	0.008784624	<http://qudt.org/vocab/unit/M2-PER-GM>	"m2/g"^^<http://www.w3.org/2001/XMLSchema#string>
<http://www.wikidata.org/entity/Q159025>	"Carex aquatilis"^^<http://www.w3.org/2001/XMLSchema#string>	"Specific leaf area"	"SLA: undefined if petiole in- or excluded"^^<http://www.w3.org/2001/XMLSchema#string>	0.008244315	<http://qudt.org/vocab/unit/M2-PER-GM>	"m2/g"^^<http://www.w3.org/2001/XMLSchema#string>
<http://www.wikidata.org/entity/Q159025>	"Carex aquatilis"^^<http://www.w3.org/2001/XMLSchema#string>	"Specific leaf area"	"SLA: undefined if petiole in- or excluded"^^<http://www.w3.org/2001/XMLSchema#string>	0.01062031	<http://qudt.org/vocab/unit/M2-PER-GM>	"m2/g"^^<http://www.w3.org/2001/XMLSchema#string>
<http://www.wikidata.org/entity/Q159025>	"Carex aquatilis"^^<http://www.w3.org/2001/XMLSchema#string>	"Specific leaf area"	"SLA: undefined if petiole in- or excluded"^^<http://www.w3.org/2001/XMLSchema#string>	0.007975926	<http://qudt.org/vocab/unit/M2-PER-GM>	"m2/g"^^<http://www.w3.org/2001/XMLSchema#string>
<http://www.wikidata.org/entity/Q159025>	"Carex aquatilis"^^<http://www.w3.org/2001/XMLSchema#string>	"Specific leaf area"	"SLA: undefined if petiole in- or excluded"^^<http://www.w3.org/2001/XMLSchema#string>	0.006304322	<http://qudt.org/vocab/unit/M2-PER-GM>	"m2/g"^^<http://www.w3.org/2001/XMLSchema#string>
<http://www.wikidata.org/entity/Q159025>	"Carex aquatilis"^^<http://www.w3.org/2001/XMLSchema#string>	"Specific leaf area"	"SLA: undefined if petiole in- or excluded"^^<http://www.w3.org/2001/XMLSchema#string>	0.006535511	<http://qudt.org/vocab/unit/M2-PER-GM>	"m2/g"^^<http://www.w3.org/2001/XMLSchema#string>
<http://www.wikidata.org/entity/Q159025>	"Carex aquatilis"^^<http://www.w3.org/2001/XMLSchema#string>	"Specific leaf area"	"SLA: undefined if petiole in- or excluded"^^<http://www.w3.org/2001/XMLSchema#string>	0.006857318	<http://qudt.org/vocab/unit/M2-PER-GM>	"m2/g"^^<http://www.w3.org/2001/XMLSchema#string>
<http://www.wikidata.org/entity/Q159046>	"Viola alba"^^<http://www.w3.org/2001/XMLSchema#string>	"Leaf nitrogen content"	"Leaf nitrogen content per dry mass (Nmass)"^^<http://www.w3.org/2001/XMLSchema#string>	1.516767	<http://qudt.org/vocab/unit/PERCENT>	"%"^^<http://www.w3.org/2001/XMLSchema#string>
<http://www.wikidata.org/entity/Q159046>	"Viola alba"^^<http://www.w3.org/2001/XMLSchema#string>	"Leaf nitrogen content"	"Leaf nitrogen content per dry mass (Nmass)"^^<http://www.w3.org/2001/XMLSchema#string>	1.816314	<http://qudt.org/vocab/unit/PERCENT>	"%"^^<http://www.w3.org/2001/XMLSchema#string>
<http://www.wikidata.org/entity/Q159046>	"Viola alba"^^<http://www.w3.org/2001/XMLSchema#string>	"Leaf nitrogen content"	"Leaf nitrogen content per dry mass (Nmass)"^^<http://www.w3.org/2001/XMLSchema#string>	1.877527	<http://qudt.org/vocab/unit/PERCENT>	"%"^^<http://www.w3.org/2001/XMLSchema#string>
<http://www.wikidata.org/entity/Q159066>	"Bromus inermis"^^<http://www.w3.org/2001/XMLSchema#string>	"Leaf nitrogen content"	"Leaf nitrogen content per dry mass (Nmass)"^^<http://www.w3.org/2001/XMLSchema#string>	1.591977	<http://qudt.org/vocab/unit/PERCENT>	"%"^^<http://www.w3.org/2001/XMLSchema#string>
<http://www.wikidata.org/entity/Q159066>	"Bromus inermis"^^<http://www.w3.org/2001/XMLSchema#string>	"Specific leaf area"	"SLA: undefined if petiole in- or excluded"^^<http://www.w3.org/2001/XMLSchema#string>	203.6	<http://qudt.org/vocab/unit/CentiM2-PER-GM>	"SLA cm2/g"^^<http://www.w3.org/2001/XMLSchema#string>
<http://www.wikidata.org/entity/Q159066>	"Bromus inermis"^^<http://www.w3.org/2001/XMLSchema#string>	"Specific leaf area"	"SLA: petiole  included"^^<http://www.w3.org/2001/XMLSchema#string>	20.36	<http://qudt.org/vocab/unit/M2-PER-KiloGM>	"m2 kg-1"^^<http://www.w3.org/2001/XMLSchema#string>
<http://www.wikidata.org/entity/Q159156>	"Bromus hordeaceus"^^<http://www.w3.org/2001/XMLSchema#string>	"Leaf nitrogen content"	"Leaf nitrogen content per dry mass (Nmass)"^^<http://www.w3.org/2001/XMLSchema#string>	1.8	<http://qudt.org/vocab/unit/PERCENT>	"%"^^<http://www.w3.org/2001/XMLSchema#string>
<http://www.wikidata.org/entity/Q159177>	"Carex capitata"^^<http://www.w3.org/2001/XMLSchema#string>	"Specific leaf area"	"SLA: undefined if petiole in- or excluded"^^<http://www.w3.org/2001/XMLSchema#string>	133.1706	<http://qudt.org/vocab/unit/CentiM2-PER-GM>	"SLA cm2/g"^^<http://www.w3.org/2001/XMLSchema#string>
<http://www.wikidata.org/entity/Q159214>	"Alchemilla glabra"^^<http://www.w3.org/2001/XMLSchema#string>	"Specific leaf area"	"SLA: undefined if petiole in- or excluded"^^<http://www.w3.org/2001/XMLSchema#string>	207.5	<http://qudt.org/vocab/unit/CentiM2-PER-GM>	"SLA cm2/g"^^<http://www.w3.org/2001/XMLSchema#string>
<http://www.wikidata.org/entity/Q159254>	"Carex vaginata"^^<http://www.w3.org/2001/XMLSchema#string>	"Leaf nitrogen content"	"Leaf nitrogen content per dry mass (Nmass)"^^<http://www.w3.org/2001/XMLSchema#string>	1.82	<http://qudt.org/vocab/unit/PERCENT>	"%"^^<http://www.w3.org/2001/XMLSchema#string>
<http://www.wikidata.org/entity/Q159254>	"Carex vaginata"^^<http://www.w3.org/2001/XMLSchema#string>	"Leaf nitrogen content"	"Leaf nitrogen content per dry mass (Nmass)"^^<http://www.w3.org/2001/XMLSchema#string>	1.62	<http://qudt.org/vocab/unit/PERCENT>	"%"^^<http://www.w3.org/2001/XMLSchema#string>
<http://www.wikidata.org/entity/Q159254>	"Carex vaginata"^^<http://www.w3.org/2001/XMLSchema#string>	"Specific leaf area"	"SLA: undefined if petiole in- or excluded"^^<http://www.w3.org/2001/XMLSchema#string>	160.7869	<http://qudt.org/vocab/unit/CentiM2-PER-GM>	"SLA cm2/g"^^<http://www.w3.org/2001/XMLSchema#string>
<http://www.wikidata.org/entity/Q159257>	"Gentianella amarella"^^<http://www.w3.org/2001/XMLSchema#string>	"Leaf phosphorus content"	"Leaf phosphorus content per dry mass (Pmass)"^^<http://www.w3.org/2001/XMLSchema#string>	1300.0	<http://qudt.org/vocab/unit/PPM>	"ppm"^^<http://www.w3.org/2001/XMLSchema#string>
<http://www.wikidata.org/entity/Q159263>	"Scabiosa columbaria"^^<http://www.w3.org/2001/XMLSchema#string>	"Leaf nitrogen content"	"Leaf nitrogen content per dry mass (Nmass)"^^<http://www.w3.org/2001/XMLSchema#string>	1.315371	<http://qudt.org/vocab/unit/PERCENT>	"%"^^<http://www.w3.org/2001/XMLSchema#string>
<http://www.wikidata.org/entity/Q159268>	"Helictotrichon pratense"^^<http://www.w3.org/2001/XMLSchema#string>	"Specific leaf area"	"SLA: undefined if petiole in- or excluded"^^<http://www.w3.org/2001/XMLSchema#string>	154.4	<http://qudt.org/vocab/unit/CentiM2-PER-GM>	"SLA cm2/g"^^<http://www.w3.org/2001/XMLSchema#string>
<http://www.wikidata.org/entity/Q159299>	"Polygonatum multiflorum"^^<http://www.w3.org/2001/XMLSchema#string>	"Leaf nitrogen content"	"Leaf nitrogen content per dry mass (Nmass)"^^<http://www.w3.org/2001/XMLSchema#string>	2.351447	<http://qudt.org/vocab/unit/PERCENT>	"%"^^<http://www.w3.org/2001/XMLSchema#string>
<http://www.wikidata.org/entity/Q159299>	"Polygonatum multiflorum"^^<http://www.w3.org/2001/XMLSchema#string>	"Leaf nitrogen content"	"Leaf nitrogen content per dry mass (Nmass)"^^<http://www.w3.org/2001/XMLSchema#string>	2.400947	<http://qudt.org/vocab/unit/PERCENT>	"%"^^<http://www.w3.org/2001/XMLSchema#string>
<http://www.wikidata.org/entity/Q159502>	"Veronica montana"^^<http://www.w3.org/2001/XMLSchema#string>	"Leaf nitrogen content"	"Leaf nitrogen content per dry mass (Nmass)"^^<http://www.w3.org/2001/XMLSchema#string>	1.606	<http://qudt.org/vocab/unit/PERCENT>	"%"^^<http://www.w3.org/2001/XMLSchema#string>
<http://www.wikidata.org/entity/Q159528>	"Eucalyptus globulus"^^<http://www.w3.org/2001/XMLSchema#string>	"Leaf nitrogen content"	"Leaf nitrogen content per dry mass (Nmass)"^^<http://www.w3.org/2001/XMLSchema#string>	1.27	<http://qudt.org/vocab/unit/PERCENT>	"%"^^<http://www.w3.org/2001/XMLSchema#string>
<http://www.wikidata.org/entity/Q159534>	"Hibiscus rosa-sinensis"^^<http://www.w3.org/2001/XMLSchema#string>	"Leaf nitrogen content"	"Leaf nitrogen content per dry mass (Nmass)"^^<http://www.w3.org/2001/XMLSchema#string>	2.24	<http://qudt.org/vocab/unit/PERCENT>	"%"^^<http://www.w3.org/2001/XMLSchema#string>
<http://www.wikidata.org/entity/Q159565>	"Salix caprea"^^<http://www.w3.org/2001/XMLSchema#string>	"Specific leaf area"	"SLA: undefined if petiole in- or excluded"^^<http://www.w3.org/2001/XMLSchema#string>	143.9	<http://qudt.org/vocab/unit/CentiM2-PER-GM>	"SLA cm2/g"^^<http://www.w3.org/2001/XMLSchema#string>
<http://www.wikidata.org/entity/Q159574>	"Nardus stricta"^^<http://www.w3.org/2001/XMLSchema#string>	"Leaf nitrogen content"	"Leaf nitrogen content per dry mass (Nmass)"^^<http://www.w3.org/2001/XMLSchema#string>	20.86556	<http://qudt.org/vocab/unit/MilliGM-PER-GM>	"mg/g"^^<http://www.w3.org/2001/XMLSchema#string>
<http://www.wikidata.org/entity/Q159574>	"Nardus stricta"^^<http://www.w3.org/2001/XMLSchema#string>	"Leaf phosphorus content"	"Leaf phosphorus content per dry mass (Pmass)"^^<http://www.w3.org/2001/XMLSchema#string>	2.038834	<http://qudt.org/vocab/unit/MilliGM-PER-GM>	"mg/g"^^<http://www.w3.org/2001/XMLSchema#string>
<http://www.wikidata.org/entity/Q159574>	"Nardus stricta"^^<http://www.w3.org/2001/XMLSchema#string>	"Specific leaf area"	"SLA: undefined if petiole in- or excluded"^^<http://www.w3.org/2001/XMLSchema#string>	98.3	<http://qudt.org/vocab/unit/CentiM2-PER-GM>	"SLA cm2/g"^^<http://www.w3.org/2001/XMLSchema#string>
<http://www.wikidata.org/entity/Q159639>	"Schoenus nigricans"^^<http://www.w3.org/2001/XMLSchema#string>	"Leaf nitrogen content"	"Leaf nitrogen content per dry mass (Nmass)"^^<http://www.w3.org/2001/XMLSchema#string>	10.8	<http://qudt.org/vocab/unit/MilliGM-PER-GM>	"mg/g DW"^^<http://www.w3.org/2001/XMLSchema#string>
<http://www.wikidata.org/entity/Q159702>	"Festuca rubra"^^<http://www.w3.org/2001/XMLSchema#string>	"Leaf nitrogen content"	"Leaf nitrogen content per dry mass (Nmass)"^^<http://www.w3.org/2001/XMLSchema#string>	1.22	<http://qudt.org/vocab/unit/PERCENT>	"%"^^<http://www.w3.org/2001/XMLSchema#string>
<http://www.wikidata.org/entity/Q159702>	"Festuca rubra"^^<http://www.w3.org/2001/XMLSchema#string>	"Leaf nitrogen content"	"Leaf nitrogen content per dry mass (Nmass)"^^<http://www.w3.org/2001/XMLSchema#string>	12.2	<http://qudt.org/vocab/unit/MilliGM-PER-GM>	"(mg g-1)"^^<http://www.w3.org/2001/XMLSchema#string>
<http://www.wikidata.org/entity/Q159702>	"Festuca rubra"^^<http://www.w3.org/2001/XMLSchema#string>	"Specific leaf area"	"SLA: undefined if petiole in- or excluded"^^<http://www.w3.org/2001/XMLSchema#string>	343.5	<http://qudt.org/vocab/unit/CentiM2-PER-GM>	"SLA cm2/g"^^<http://www.w3.org/2001/XMLSchema#string>
<http://www.wikidata.org/entity/Q159702>	"Festuca rubra"^^<http://www.w3.org/2001/XMLSchema#string>	"Specific leaf area"	"SLA: undefined if petiole in- or excluded"^^<http://www.w3.org/2001/XMLSchema#string>	266.0	<http://qudt.org/vocab/unit/CentiM2-PER-GM>	"SLA cm2/g"^^<http://www.w3.org/2001/XMLSchema#string>
<http://www.wikidata.org/entity/Q159714>	"Ajuga pyramidalis"^^<http://www.w3.org/2001/XMLSchema#string>	"Specific leaf area"	"SLA: undefined if petiole in- or excluded"^^<http://www.w3.org/2001/XMLSchema#string>	208.0	<http://qudt.org/vocab/unit/CentiM2-PER-GM>	"SLA cm2/g"^^<http://www.w3.org/2001/XMLSchema#string>
<http://www.wikidata.org/entity/Q159717>	"Agrostis capillaris"^^<http://www.w3.org/2001/XMLSchema#string>	"Leaf nitrogen content"	"Leaf nitrogen content per dry mass (Nmass)"^^<http://www.w3.org/2001/XMLSchema#string>	22.1	<http://qudt.org/vocab/unit/MilliGM-PER-GM>	"(mg g-1)"^^<http://www.w3.org/2001/XMLSchema#string>
<http://www.wikidata.org/entity/Q159717>	"Agrostis capillaris"^^<http://www.w3.org/2001/XMLSchema#string>	"Specific leaf area"	"SLA: undefined if petiole in- or excluded"^^<http://www.w3.org/2001/XMLSchema#string>	238.0	<http://qudt.org/vocab/unit/CentiM2-PER-GM>	"SLA cm2/g"^^<http://www.w3.org/2001/XMLSchema#string>
<http://www.wikidata.org/entity/Q159722>	"Deschampsia cespitosa"^^<http://www.w3.org/2001/XMLSchema#string>	"Specific leaf area"	"SLA: undefined if petiole in- or excluded"^^<http://www.w3.org/2001/XMLSchema#string>	180.3416	<http://qudt.org/vocab/unit/CentiM2-PER-GM>	"SLA cm2/g"^^<http://www.w3.org/2001/XMLSchema#string>
<http://www.wikidata.org/entity/Q159722>	"Deschampsia cespitosa"^^<http://www.w3.org/2001/XMLSchema#string>	"Specific leaf area"	"SLA: undefined if petiole in- or excluded"^^<http://www.w3.org/2001/XMLSchema#string>	120.3	<http://qudt.org/vocab/unit/CentiM2-PER-GM>	"SLA cm2/g"^^<http://www.w3.org/2001/XMLSchema#string>
<http://www.wikidata.org/entity/Q159722>	"Deschampsia cespitosa"^^<http://www.w3.org/2001/XMLSchema#string>	"Specific leaf area"	"SLA: undefined if petiole in- or excluded"^^<http://www.w3.org/2001/XMLSchema#string>	180.0	<http://qudt.org/vocab/unit/CentiM2-PER-GM>	"SLA cm2/g"^^<http://www.w3.org/2001/XMLSchema#string>
<http://www.wikidata.org/entity/Q159744>	"Galium mollugo"^^<http://www.w3.org/2001/XMLSchema#string>	"Leaf nitrogen content"	"Leaf nitrogen content per dry mass (Nmass)"^^<http://www.w3.org/2001/XMLSchema#string>	1.861	<http://qudt.org/vocab/unit/PERCENT>	"%"^^<http://www.w3.org/2001/XMLSchema#string>
<http://www.wikidata.org/entity/Q159744>	"Galium mollugo"^^<http://www.w3.org/2001/XMLSchema#string>	"Leaf nitrogen content"	"Leaf nitrogen content per dry mass (Nmass)"^^<http://www.w3.org/2001/XMLSchema#string>	1.4	<http://qudt.org/vocab/unit/PERCENT>	"%"^^<http://www.w3.org/2001/XMLSchema#string>
<http://www.wikidata.org/entity/Q159748>	"Luzula pilosa"^^<http://www.w3.org/2001/XMLSchema#string>	"Leaf nitrogen content"	"Leaf nitrogen content per dry mass (Nmass)"^^<http://www.w3.org/2001/XMLSchema#string>	1.36	<http://qudt.org/vocab/unit/PERCENT>	"%"^^<http://www.w3.org/2001/XMLSchema#string>
<http://www.wikidata.org/entity/Q159749>	"Lamium galeobdolon"^^<http://www.w3.org/2001/XMLSchema#string>	"Leaf nitrogen content"	"Leaf nitrogen content per dry mass (Nmass)"^^<http://www.w3.org/2001/XMLSchema#string>	1.819	<http://qudt.org/vocab/unit/PERCENT>	"%"^^<http://www.w3.org/2001/XMLSchema#string>
<http://www.wikidata.org/entity/Q159783>	"Festuca altissima"^^<http://www.w3.org/2001/XMLSchema#string>	"Leaf nitrogen content"	"Leaf nitrogen content per dry mass (Nmass)"^^<http://www.w3.org/2001/XMLSchema#string>	2.976511	<http://qudt.org/vocab/unit/PERCENT>	"%"^^<http://www.w3.org/2001/XMLSchema#string>
<http://www.wikidata.org/entity/Q159783>	"Festuca altissima"^^<http://www.w3.org/2001/XMLSchema#string>	"Leaf nitrogen content"	"Leaf nitrogen content per dry mass (Nmass)"^^<http://www.w3.org/2001/XMLSchema#string>	2.972138	<http://qudt.org/vocab/unit/PERCENT>	"%"^^<http://www.w3.org/2001/XMLSchema#string>
<http://www.wikidata.org/entity/Q159799>	"Cycas armstrongii"^^<http://www.w3.org/2001/XMLSchema#string>	"Leaf nitrogen content"	"Leaf nitrogen content per dry mass (Nmass)"^^<http://www.w3.org/2001/XMLSchema#string>	2.104	<http://qudt.org/vocab/unit/PERCENT>	"%"^^<http://www.w3.org/2001/XMLSchema#string>
<http://www.wikidata.org/entity/Q159812>	"Pistacia lentiscus"^^<http://www.w3.org/2001/XMLSchema#string>	"Leaf nitrogen content"	"Leaf nitrogen content per dry mass (Nmass)"^^<http://www.w3.org/2001/XMLSchema#string>	1.41	<http://qudt.org/vocab/unit/PERCENT>	"%"^^<http://www.w3.org/2001/XMLSchema#string>
<http://www.wikidata.org/entity/Q159812>	"Pistacia lentiscus"^^<http://www.w3.org/2001/XMLSchema#string>	"Leaf phosphorus content"	"Leaf phosphorus content per dry mass (Pmass)"^^<http://www.w3.org/2001/XMLSchema#string>	0.619	<http://qudt.org/vocab/unit/MilliGM-PER-GM>	"mg/g"^^<http://www.w3.org/2001/XMLSchema#string>
<http://www.wikidata.org/entity/Q159815>	"Arrhenatherum elatius"^^<http://www.w3.org/2001/XMLSchema#string>	"Leaf phosphorus content"	"Leaf phosphorus content per dry mass (Pmass)"^^<http://www.w3.org/2001/XMLSchema#string>	0.33	<http://qudt.org/vocab/unit/PERCENT>	"%"^^<http://www.w3.org/2001/XMLSchema#string>
<http://www.wikidata.org/entity/Q159826>	"Rapistrum rugosum"^^<http://www.w3.org/2001/XMLSchema#string>	"Specific leaf area"	"SLA: undefined if petiole in- or excluded"^^<http://www.w3.org/2001/XMLSchema#string>	256.7778	<http://qudt.org/vocab/unit/CentiM2-PER-GM>	"SLA cm2/g"^^<http://www.w3.org/2001/XMLSchema#string>
<http://www.wikidata.org/entity/Q159896>	"Juncus trifidus"^^<http://www.w3.org/2001/XMLSchema#string>	"Specific leaf area"	"SLA: undefined if petiole in- or excluded"^^<http://www.w3.org/2001/XMLSchema#string>	57.9	<http://qudt.org/vocab/unit/CentiM2-PER-GM>	"SLA cm2/g"^^<http://www.w3.org/2001/XMLSchema#string>
<http://www.wikidata.org/entity/Q159896>	"Juncus trifidus"^^<http://www.w3.org/2001/XMLSchema#string>	"Specific leaf area"	"SLA: undefined if petiole in- or excluded"^^<http://www.w3.org/2001/XMLSchema#string>	173.1213	<http://qudt.org/vocab/unit/CentiM2-PER-GM>	"SLA cm2/g"^^<http://www.w3.org/2001/XMLSchema#string>
<http://www.wikidata.org/entity/Q159949>	"Koeleria pyramidata"^^<http://www.w3.org/2001/XMLSchema#string>	"Leaf nitrogen content"	"Leaf nitrogen content per dry mass (Nmass)"^^<http://www.w3.org/2001/XMLSchema#string>	1.515996	<http://qudt.org/vocab/unit/PERCENT>	"%"^^<http://www.w3.org/2001/XMLSchema#string>
<http://www.wikidata.org/entity/Q159949>	"Koeleria pyramidata"^^<http://www.w3.org/2001/XMLSchema#string>	"Leaf phosphorus content"	"Leaf phosphorus content per dry mass (Pmass)"^^<http://www.w3.org/2001/XMLSchema#string>	0.1276	<http://qudt.org/vocab/unit/PERCENT>	"%"^^<http://www.w3.org/2001/XMLSchema#string>
<http://www.wikidata.org/entity/Q159949>	"Koeleria pyramidata"^^<http://www.w3.org/2001/XMLSchema#string>	"Leaf phosphorus content"	"Leaf phosphorus content per dry mass (Pmass)"^^<http://www.w3.org/2001/XMLSchema#string>	0.167	<http://qudt.org/vocab/unit/PERCENT>	"%"^^<http://www.w3.org/2001/XMLSchema#string>
<http://www.wikidata.org/entity/Q159962>	"Koeleria macrantha"^^<http://www.w3.org/2001/XMLSchema#string>	"Leaf phosphorus content"	"Leaf phosphorus content per dry mass (Pmass)"^^<http://www.w3.org/2001/XMLSchema#string>	0.16	<http://qudt.org/vocab/unit/PERCENT>	"%"^^<http://www.w3.org/2001/XMLSchema#string>
<http://www.wikidata.org/entity/Q159991>	"Luzula spicata"^^<http://www.w3.org/2001/XMLSchema#string>	"Specific leaf area"	"SLA: undefined if petiole in- or excluded"^^<http://www.w3.org/2001/XMLSchema#string>	82.7	<http://qudt.org/vocab/unit/CentiM2-PER-GM>	"SLA cm2/g"^^<http://www.w3.org/2001/XMLSchema#string>
<http://www.wikidata.org/entity/Q160023>	"Cruciata glabra"^^<http://www.w3.org/2001/XMLSchema#string>	"Leaf nitrogen content"	"Leaf nitrogen content per dry mass (Nmass)"^^<http://www.w3.org/2001/XMLSchema#string>	1.652	<http://qudt.org/vocab/unit/PERCENT>	"%"^^<http://www.w3.org/2001/XMLSchema#string>
<http://www.wikidata.org/entity/Q160023>	"Cruciata glabra"^^<http://www.w3.org/2001/XMLSchema#string>	"Leaf nitrogen content"	"Leaf nitrogen content per dry mass (Nmass)"^^<http://www.w3.org/2001/XMLSchema#string>	1.496738	<http://qudt.org/vocab/unit/PERCENT>	"%"^^<http://www.w3.org/2001/XMLSchema#string>
<http://www.wikidata.org/entity/Q160092>	"Rubus chamaemorus"^^<http://www.w3.org/2001/XMLSchema#string>	"Leaf nitrogen content"	"Leaf nitrogen content per dry mass (Nmass)"^^<http://www.w3.org/2001/XMLSchema#string>	2.1	<http://qudt.org/vocab/unit/PERCENT>	"%"^^<http://www.w3.org/2001/XMLSchema#string>
<http://www.wikidata.org/entity/Q160092>	"Rubus chamaemorus"^^<http://www.w3.org/2001/XMLSchema#string>	"Leaf nitrogen content"	"Leaf nitrogen content per dry mass (Nmass)"^^<http://www.w3.org/2001/XMLSchema#string>	2.4	<http://qudt.org/vocab/unit/PERCENT>	"%"^^<http://www.w3.org/2001/XMLSchema#string>
<http://www.wikidata.org/entity/Q160092>	"Rubus chamaemorus"^^<http://www.w3.org/2001/XMLSchema#string>	"Specific leaf area"	"SLA: undefined if petiole in- or excluded"^^<http://www.w3.org/2001/XMLSchema#string>	141.5678	<http://qudt.org/vocab/unit/CentiM2-PER-GM>	"SLA cm2/g"^^<http://www.w3.org/2001/XMLSchema#string>
<http://www.wikidata.org/entity/Q160096>	"Geranium robertianum"^^<http://www.w3.org/2001/XMLSchema#string>	"Leaf nitrogen content"	"Leaf nitrogen content per dry mass (Nmass)"^^<http://www.w3.org/2001/XMLSchema#string>	2.706742	<http://qudt.org/vocab/unit/PERCENT>	"%"^^<http://www.w3.org/2001/XMLSchema#string>
<http://www.wikidata.org/entity/Q160098>	"Potentilla erecta"^^<http://www.w3.org/2001/XMLSchema#string>	"Specific leaf area"	"SLA: undefined if petiole in- or excluded"^^<http://www.w3.org/2001/XMLSchema#string>	202.0	<http://qudt.org/vocab/unit/CentiM2-PER-GM>	"SLA cm2/g"^^<http://www.w3.org/2001/XMLSchema#string>
<http://www.wikidata.org/entity/Q160100>	"Clematis vitalba"^^<http://www.w3.org/2001/XMLSchema#string>	"Leaf nitrogen content"	"Leaf nitrogen content per dry mass (Nmass)"^^<http://www.w3.org/2001/XMLSchema#string>	2.248	<http://qudt.org/vocab/unit/PERCENT>	"%"^^<http://www.w3.org/2001/XMLSchema#string>
<http://www.wikidata.org/entity/Q160185>	"Rosa arvensis"^^<http://www.w3.org/2001/XMLSchema#string>	"Leaf nitrogen content"	"Leaf nitrogen content per dry mass (Nmass)"^^<http://www.w3.org/2001/XMLSchema#string>	1.488	<http://qudt.org/vocab/unit/PERCENT>	"%"^^<http://www.w3.org/2001/XMLSchema#string>
<http://www.wikidata.org/entity/Q160185>	"Rosa arvensis"^^<http://www.w3.org/2001/XMLSchema#string>	"Leaf nitrogen content"	"Leaf nitrogen content per dry mass (Nmass)"^^<http://www.w3.org/2001/XMLSchema#string>	1.858	<http://qudt.org/vocab/unit/PERCENT>	"%"^^<http://www.w3.org/2001/XMLSchema#string>
<http://www.wikidata.org/entity/Q160185>	"Rosa arvensis"^^<http://www.w3.org/2001/XMLSchema#string>	"Leaf phosphorus content"	"Leaf phosphorus content per dry mass (Pmass)"^^<http://www.w3.org/2001/XMLSchema#string>	0.219	<http://qudt.org/vocab/unit/PERCENT>	"%"^^<http://www.w3.org/2001/XMLSchema#string>
<http://www.wikidata.org/entity/Q160339>	"Geranium nodosum"^^<http://www.w3.org/2001/XMLSchema#string>	"Leaf nitrogen content"	"Leaf nitrogen content per dry mass (Nmass)"^^<http://www.w3.org/2001/XMLSchema#string>	1.912	<http://qudt.org/vocab/unit/PERCENT>	"%"^^<http://www.w3.org/2001/XMLSchema#string>
<http://www.wikidata.org/entity/Q160352>	"Agrostis scabra"^^<http://www.w3.org/2001/XMLSchema#string>	"Leaf nitrogen content"	"Leaf nitrogen content per dry mass (Nmass)"^^<http://www.w3.org/2001/XMLSchema#string>	1.55	<http://qudt.org/vocab/unit/PERCENT>	"%"^^<http://www.w3.org/2001/XMLSchema#string>
<http://www.wikidata.org/entity/Q160378>	"Saxifraga rotundifolia"^^<http://www.w3.org/2001/XMLSchema#string>	"Leaf nitrogen content"	"Leaf nitrogen content per dry mass (Nmass)"^^<http://www.w3.org/2001/XMLSchema#string>	1.192	<http://qudt.org/vocab/unit/PERCENT>	"%"^^<http://www.w3.org/2001/XMLSchema#string>
<http://www.wikidata.org/entity/Q160378>	"Saxifraga rotundifolia"^^<http://www.w3.org/2001/XMLSchema#string>	"Leaf nitrogen content"	"Leaf nitrogen content per dry mass (Nmass)"^^<http://www.w3.org/2001/XMLSchema#string>	1.866853	<http://qudt.org/vocab/unit/PERCENT>	"%"^^<http://www.w3.org/2001/XMLSchema#string>
<http://www.wikidata.org/entity/Q160378>	"Saxifraga rotundifolia"^^<http://www.w3.org/2001/XMLSchema#string>	"Leaf nitrogen content"	"Leaf nitrogen content per dry mass (Nmass)"^^<http://www.w3.org/2001/XMLSchema#string>	1.573153	<http://qudt.org/vocab/unit/PERCENT>	"%"^^<http://www.w3.org/2001/XMLSchema#string>
<http://www.wikidata.org/entity/Q160378>	"Saxifraga rotundifolia"^^<http://www.w3.org/2001/XMLSchema#string>	"Leaf nitrogen content"	"Leaf nitrogen content per dry mass (Nmass)"^^<http://www.w3.org/2001/XMLSchema#string>	2.057905	<http://qudt.org/vocab/unit/PERCENT>	"%"^^<http://www.w3.org/2001/XMLSchema#string>
<http://www.wikidata.org/entity/Q160378>	"Saxifraga rotundifolia"^^<http://www.w3.org/2001/XMLSchema#string>	"Leaf nitrogen content"	"Leaf nitrogen content per dry mass (Nmass)"^^<http://www.w3.org/2001/XMLSchema#string>	2.075425	<http://qudt.org/vocab/unit/PERCENT>	"%"^^<http://www.w3.org/2001/XMLSchema#string>
<http://www.wikidata.org/entity/Q160378>	"Saxifraga rotundifolia"^^<http://www.w3.org/2001/XMLSchema#string>	"Leaf nitrogen content"	"Leaf nitrogen content per dry mass (Nmass)"^^<http://www.w3.org/2001/XMLSchema#string>	2.230017	<http://qudt.org/vocab/unit/PERCENT>	"%"^^<http://www.w3.org/2001/XMLSchema#string>
<http://www.wikidata.org/entity/Q161056>	"Anemone nemorosa"^^<http://www.w3.org/2001/XMLSchema#string>	"Leaf nitrogen content"	"Leaf nitrogen content per dry mass (Nmass)"^^<http://www.w3.org/2001/XMLSchema#string>	19.4	<http://qudt.org/vocab/unit/MilliGM-PER-GM>	"(mg g-1)"^^<http://www.w3.org/2001/XMLSchema#string>
<http://www.wikidata.org/entity/Q161056>	"Anemone nemorosa"^^<http://www.w3.org/2001/XMLSchema#string>	"Leaf nitrogen content"	"Leaf nitrogen content per dry mass (Nmass)"^^<http://www.w3.org/2001/XMLSchema#string>	1.94	<http://qudt.org/vocab/unit/PERCENT>	"%"^^<http://www.w3.org/2001/XMLSchema#string>
<http://www.wikidata.org/entity/Q161056>	"Anemone nemorosa"^^<http://www.w3.org/2001/XMLSchema#string>	"Specific leaf area"	"SLA: undefined if petiole in- or excluded"^^<http://www.w3.org/2001/XMLSchema#string>	250.0	<http://qudt.org/vocab/unit/CentiM2-PER-GM>	"SLA cm2/g"^^<http://www.w3.org/2001/XMLSchema#string>
<http://www.wikidata.org/entity/Q161090>	"Galium odoratum"^^<http://www.w3.org/2001/XMLSchema#string>	"Leaf nitrogen content"	"Leaf nitrogen content per dry mass (Nmass)"^^<http://www.w3.org/2001/XMLSchema#string>	2.531281	<http://qudt.org/vocab/unit/PERCENT>	"%"^^<http://www.w3.org/2001/XMLSchema#string>
<http://www.wikidata.org/entity/Q161090>	"Galium odoratum"^^<http://www.w3.org/2001/XMLSchema#string>	"Leaf nitrogen content"	"Leaf nitrogen content per dry mass (Nmass)"^^<http://www.w3.org/2001/XMLSchema#string>	2.135992	<http://qudt.org/vocab/unit/PERCENT>	"%"^^<http://www.w3.org/2001/XMLSchema#string>
<http://www.wikidata.org/entity/Q161090>	"Galium odoratum"^^<http://www.w3.org/2001/XMLSchema#string>	"Leaf nitrogen content"	"Leaf nitrogen content per dry mass (Nmass)"^^<http://www.w3.org/2001/XMLSchema#string>	2.164965	<http://qudt.org/vocab/unit/PERCENT>	"%"^^<http://www.w3.org/2001/XMLSchema#string>
<http://www.wikidata.org/entity/Q161090>	"Galium odoratum"^^<http://www.w3.org/2001/XMLSchema#string>	"Leaf nitrogen content"	"Leaf nitrogen content per dry mass (Nmass)"^^<http://www.w3.org/2001/XMLSchema#string>	2.217833	<http://qudt.org/vocab/unit/PERCENT>	"%"^^<http://www.w3.org/2001/XMLSchema#string>
<http://www.wikidata.org/entity/Q161090>	"Galium odoratum"^^<http://www.w3.org/2001/XMLSchema#string>	"Leaf nitrogen content"	"Leaf nitrogen content per dry mass (Nmass)"^^<http://www.w3.org/2001/XMLSchema#string>	2.375206	<http://qudt.org/vocab/unit/PERCENT>	"%"^^<http://www.w3.org/2001/XMLSchema#string>
<http://www.wikidata.org/entity/Q161098>	"Triticum aestivum"^^<http://www.w3.org/2001/XMLSchema#string>	"Leaf nitrogen content"	"Leaf nitrogen content per dry mass (Nmass)"^^<http://www.w3.org/2001/XMLSchema#string>	12.2	<http://qudt.org/vocab/unit/MilliGM-PER-GM>	"mg/g"^^<http://www.w3.org/2001/XMLSchema#string>
<http://www.wikidata.org/entity/Q161098>	"Triticum aestivum"^^<http://www.w3.org/2001/XMLSchema#string>	"Leaf nitrogen content"	"Leaf nitrogen content per dry mass (Nmass)"^^<http://www.w3.org/2001/XMLSchema#string>	24.2	<http://qudt.org/vocab/unit/MilliGM-PER-GM>	"mg/g"^^<http://www.w3.org/2001/XMLSchema#string>
<http://www.wikidata.org/entity/Q161098>	"Triticum aestivum"^^<http://www.w3.org/2001/XMLSchema#string>	"Leaf nitrogen content"	"Leaf nitrogen content per dry mass (Nmass)"^^<http://www.w3.org/2001/XMLSchema#string>	28.8	<http://qudt.org/vocab/unit/MilliGM-PER-GM>	"mg/g"^^<http://www.w3.org/2001/XMLSchema#string>
<http://www.wikidata.org/entity/Q161098>	"Triticum aestivum"^^<http://www.w3.org/2001/XMLSchema#string>	"Leaf nitrogen content"	"Leaf nitrogen content per dry mass (Nmass)"^^<http://www.w3.org/2001/XMLSchema#string>	30.3	<http://qudt.org/vocab/unit/MilliGM-PER-GM>	"mg/g"^^<http://www.w3.org/2001/XMLSchema#string>
<http://www.wikidata.org/entity/Q161098>	"Triticum aestivum"^^<http://www.w3.org/2001/XMLSchema#string>	"Leaf nitrogen content"	"Leaf nitrogen content per dry mass (Nmass)"^^<http://www.w3.org/2001/XMLSchema#string>	10.4	<http://qudt.org/vocab/unit/MilliGM-PER-GM>	"mg/g"^^<http://www.w3.org/2001/XMLSchema#string>
<http://www.wikidata.org/entity/Q161098>	"Triticum aestivum"^^<http://www.w3.org/2001/XMLSchema#string>	"Leaf nitrogen content"	"Leaf nitrogen content per dry mass (Nmass)"^^<http://www.w3.org/2001/XMLSchema#string>	44.0	<http://qudt.org/vocab/unit/MilliGM-PER-GM>	"mg/g"^^<http://www.w3.org/2001/XMLSchema#string>
<http://www.wikidata.org/entity/Q161098>	"Triticum aestivum"^^<http://www.w3.org/2001/XMLSchema#string>	"Leaf nitrogen content"	"Leaf nitrogen content per dry mass (Nmass)"^^<http://www.w3.org/2001/XMLSchema#string>	30.9	<http://qudt.org/vocab/unit/MilliGM-PER-GM>	"mg/g"^^<http://www.w3.org/2001/XMLSchema#string>
<http://www.wikidata.org/entity/Q161098>	"Triticum aestivum"^^<http://www.w3.org/2001/XMLSchema#string>	"Leaf nitrogen content"	"Leaf nitrogen content per dry mass (Nmass)"^^<http://www.w3.org/2001/XMLSchema#string>	28.3	<http://qudt.org/vocab/unit/MilliGM-PER-GM>	"mg/g"^^<http://www.w3.org/2001/XMLSchema#string>
<http://www.wikidata.org/entity/Q161098>	"Triticum aestivum"^^<http://www.w3.org/2001/XMLSchema#string>	"Leaf nitrogen content"	"Leaf nitrogen content per dry mass (Nmass)"^^<http://www.w3.org/2001/XMLSchema#string>	27.3	<http://qudt.org/vocab/unit/MilliGM-PER-GM>	"mg/g"^^<http://www.w3.org/2001/XMLSchema#string>
<http://www.wikidata.org/entity/Q161098>	"Triticum aestivum"^^<http://www.w3.org/2001/XMLSchema#string>	"Leaf nitrogen content"	"Leaf nitrogen content per dry mass (Nmass)"^^<http://www.w3.org/2001/XMLSchema#string>	25.5	<http://qudt.org/vocab/unit/MilliGM-PER-GM>	"mg/g"^^<http://www.w3.org/2001/XMLSchema#string>
<http://www.wikidata.org/entity/Q161098>	"Triticum aestivum"^^<http://www.w3.org/2001/XMLSchema#string>	"Leaf nitrogen content"	"Leaf nitrogen content per dry mass (Nmass)"^^<http://www.w3.org/2001/XMLSchema#string>	25.4	<http://qudt.org/vocab/unit/MilliGM-PER-GM>	"mg/g"^^<http://www.w3.org/2001/XMLSchema#string>
<http://www.wikidata.org/entity/Q161098>	"Triticum aestivum"^^<http://www.w3.org/2001/XMLSchema#string>	"Leaf nitrogen content"	"Leaf nitrogen content per dry mass (Nmass)"^^<http://www.w3.org/2001/XMLSchema#string>	32.0	<http://qudt.org/vocab/unit/MilliGM-PER-GM>	"mg/g"^^<http://www.w3.org/2001/XMLSchema#string>
<http://www.wikidata.org/entity/Q161098>	"Triticum aestivum"^^<http://www.w3.org/2001/XMLSchema#string>	"Leaf nitrogen content"	"Leaf nitrogen content per dry mass (Nmass)"^^<http://www.w3.org/2001/XMLSchema#string>	46.1	<http://qudt.org/vocab/unit/MilliGM-PER-GM>	"mg/g"^^<http://www.w3.org/2001/XMLSchema#string>
<http://www.wikidata.org/entity/Q161098>	"Triticum aestivum"^^<http://www.w3.org/2001/XMLSchema#string>	"Leaf nitrogen content"	"Leaf nitrogen content per dry mass (Nmass)"^^<http://www.w3.org/2001/XMLSchema#string>	46.47898	<http://qudt.org/vocab/unit/MilliGM-PER-GM>	"mg/g"^^<http://www.w3.org/2001/XMLSchema#string>
<http://www.wikidata.org/entity/Q161098>	"Triticum aestivum"^^<http://www.w3.org/2001/XMLSchema#string>	"Leaf nitrogen content"	"Leaf nitrogen content per dry mass (Nmass)"^^<http://www.w3.org/2001/XMLSchema#string>	18.9	<http://qudt.org/vocab/unit/MilliGM-PER-GM>	"mg/g"^^<http://www.w3.org/2001/XMLSchema#string>
<http://www.wikidata.org/entity/Q161098>	"Triticum aestivum"^^<http://www.w3.org/2001/XMLSchema#string>	"Leaf nitrogen content"	"Leaf nitrogen content per dry mass (Nmass)"^^<http://www.w3.org/2001/XMLSchema#string>	24.0	<http://qudt.org/vocab/unit/MilliGM-PER-GM>	"mg/g"^^<http://www.w3.org/2001/XMLSchema#string>
<http://www.wikidata.org/entity/Q161098>	"Triticum aestivum"^^<http://www.w3.org/2001/XMLSchema#string>	"Leaf nitrogen content"	"Leaf nitrogen content per dry mass (Nmass)"^^<http://www.w3.org/2001/XMLSchema#string>	58.5	<http://qudt.org/vocab/unit/MilliGM-PER-GM>	"mg/g"^^<http://www.w3.org/2001/XMLSchema#string>
<http://www.wikidata.org/entity/Q161098>	"Triticum aestivum"^^<http://www.w3.org/2001/XMLSchema#string>	"Leaf nitrogen content"	"Leaf nitrogen content per dry mass (Nmass)"^^<http://www.w3.org/2001/XMLSchema#string>	21.4	<http://qudt.org/vocab/unit/MilliGM-PER-GM>	"mg/g"^^<http://www.w3.org/2001/XMLSchema#string>
<http://www.wikidata.org/entity/Q161098>	"Triticum aestivum"^^<http://www.w3.org/2001/XMLSchema#string>	"Leaf nitrogen content"	"Leaf nitrogen content per dry mass (Nmass)"^^<http://www.w3.org/2001/XMLSchema#string>	39.95561	<http://qudt.org/vocab/unit/MilliGM-PER-GM>	"mg/g"^^<http://www.w3.org/2001/XMLSchema#string>
<http://www.wikidata.org/entity/Q161098>	"Triticum aestivum"^^<http://www.w3.org/2001/XMLSchema#string>	"Leaf nitrogen content"	"Leaf nitrogen content per dry mass (Nmass)"^^<http://www.w3.org/2001/XMLSchema#string>	42.8	<http://qudt.org/vocab/unit/MilliGM-PER-GM>	"mg/g"^^<http://www.w3.org/2001/XMLSchema#string>
<http://www.wikidata.org/entity/Q161098>	"Triticum aestivum"^^<http://www.w3.org/2001/XMLSchema#string>	"Leaf nitrogen content"	"Leaf nitrogen content per dry mass (Nmass)"^^<http://www.w3.org/2001/XMLSchema#string>	41.58646	<http://qudt.org/vocab/unit/MilliGM-PER-GM>	"mg/g"^^<http://www.w3.org/2001/XMLSchema#string>
<http://www.wikidata.org/entity/Q161098>	"Triticum aestivum"^^<http://www.w3.org/2001/XMLSchema#string>	"Leaf nitrogen content"	"Leaf nitrogen content per dry mass (Nmass)"^^<http://www.w3.org/2001/XMLSchema#string>	41.2	<http://qudt.org/vocab/unit/MilliGM-PER-GM>	"mg/g"^^<http://www.w3.org/2001/XMLSchema#string>
<http://www.wikidata.org/entity/Q161098>	"Triticum aestivum"^^<http://www.w3.org/2001/XMLSchema#string>	"Leaf nitrogen content"	"Leaf nitrogen content per dry mass (Nmass)"^^<http://www.w3.org/2001/XMLSchema#string>	43.2173	<http://qudt.org/vocab/unit/MilliGM-PER-GM>	"mg/g"^^<http://www.w3.org/2001/XMLSchema#string>
<http://www.wikidata.org/entity/Q161098>	"Triticum aestivum"^^<http://www.w3.org/2001/XMLSchema#string>	"Leaf nitrogen content"	"Leaf nitrogen content per dry mass (Nmass)"^^<http://www.w3.org/2001/XMLSchema#string>	41.0	<http://qudt.org/vocab/unit/MilliGM-PER-GM>	"mg/g"^^<http://www.w3.org/2001/XMLSchema#string>
<http://www.wikidata.org/entity/Q161098>	"Triticum aestivum"^^<http://www.w3.org/2001/XMLSchema#string>	"Leaf nitrogen content"	"Leaf nitrogen content per dry mass (Nmass)"^^<http://www.w3.org/2001/XMLSchema#string>	43.76091	<http://qudt.org/vocab/unit/MilliGM-PER-GM>	"mg/g"^^<http://www.w3.org/2001/XMLSchema#string>
<http://www.wikidata.org/entity/Q161098>	"Triticum aestivum"^^<http://www.w3.org/2001/XMLSchema#string>	"Leaf nitrogen content"	"Leaf nitrogen content per dry mass (Nmass)"^^<http://www.w3.org/2001/XMLSchema#string>	40.4	<http://qudt.org/vocab/unit/MilliGM-PER-GM>	"mg/g"^^<http://www.w3.org/2001/XMLSchema#string>
<http://www.wikidata.org/entity/Q161098>	"Triticum aestivum"^^<http://www.w3.org/2001/XMLSchema#string>	"Leaf nitrogen content"	"Leaf nitrogen content per dry mass (Nmass)"^^<http://www.w3.org/2001/XMLSchema#string>	31.0	<http://qudt.org/vocab/unit/MilliGM-PER-GM>	"mg/g"^^<http://www.w3.org/2001/XMLSchema#string>
<http://www.wikidata.org/entity/Q161098>	"Triticum aestivum"^^<http://www.w3.org/2001/XMLSchema#string>	"Leaf nitrogen content"	"Leaf nitrogen content per dry mass (Nmass)"^^<http://www.w3.org/2001/XMLSchema#string>	38.6	<http://qudt.org/vocab/unit/MilliGM-PER-GM>	"mg/g"^^<http://www.w3.org/2001/XMLSchema#string>
<http://www.wikidata.org/entity/Q161098>	"Triticum aestivum"^^<http://www.w3.org/2001/XMLSchema#string>	"Leaf nitrogen content"	"Leaf nitrogen content per dry mass (Nmass)"^^<http://www.w3.org/2001/XMLSchema#string>	38.4	<http://qudt.org/vocab/unit/MilliGM-PER-GM>	"mg/g"^^<http://www.w3.org/2001/XMLSchema#string>
<http://www.wikidata.org/entity/Q161098>	"Triticum aestivum"^^<http://www.w3.org/2001/XMLSchema#string>	"Leaf nitrogen content"	"Leaf nitrogen content per dry mass (Nmass)"^^<http://www.w3.org/2001/XMLSchema#string>	37.78116	<http://qudt.org/vocab/unit/MilliGM-PER-GM>	"mg/g"^^<http://www.w3.org/2001/XMLSchema#string>
<http://www.wikidata.org/entity/Q161098>	"Triticum aestivum"^^<http://www.w3.org/2001/XMLSchema#string>	"Leaf nitrogen content"	"Leaf nitrogen content per dry mass (Nmass)"^^<http://www.w3.org/2001/XMLSchema#string>	36.3	<http://qudt.org/vocab/unit/MilliGM-PER-GM>	"mg/g"^^<http://www.w3.org/2001/XMLSchema#string>
<http://www.wikidata.org/entity/Q161098>	"Triticum aestivum"^^<http://www.w3.org/2001/XMLSchema#string>	"Leaf nitrogen content"	"Leaf nitrogen content per dry mass (Nmass)"^^<http://www.w3.org/2001/XMLSchema#string>	31.1	<http://qudt.org/vocab/unit/MilliGM-PER-GM>	"mg/g"^^<http://www.w3.org/2001/XMLSchema#string>
<http://www.wikidata.org/entity/Q161098>	"Triticum aestivum"^^<http://www.w3.org/2001/XMLSchema#string>	"Leaf nitrogen content"	"Leaf nitrogen content per dry mass (Nmass)"^^<http://www.w3.org/2001/XMLSchema#string>	31.6	<http://qudt.org/vocab/unit/MilliGM-PER-GM>	"mg/g"^^<http://www.w3.org/2001/XMLSchema#string>
<http://www.wikidata.org/entity/Q161098>	"Triticum aestivum"^^<http://www.w3.org/2001/XMLSchema#string>	"Leaf nitrogen content"	"Leaf nitrogen content per dry mass (Nmass)"^^<http://www.w3.org/2001/XMLSchema#string>	31.9	<http://qudt.org/vocab/unit/MilliGM-PER-GM>	"mg/g"^^<http://www.w3.org/2001/XMLSchema#string>
<http://www.wikidata.org/entity/Q161098>	"Triticum aestivum"^^<http://www.w3.org/2001/XMLSchema#string>	"Leaf nitrogen content"	"Leaf nitrogen content per dry mass (Nmass)"^^<http://www.w3.org/2001/XMLSchema#string>	34.6	<http://qudt.org/vocab/unit/MilliGM-PER-GM>	"mg/g"^^<http://www.w3.org/2001/XMLSchema#string>
<http://www.wikidata.org/entity/Q161098>	"Triticum aestivum"^^<http://www.w3.org/2001/XMLSchema#string>	"Leaf nitrogen content"	"Leaf nitrogen content per dry mass (Nmass)"^^<http://www.w3.org/2001/XMLSchema#string>	37.5	<http://qudt.org/vocab/unit/MilliGM-PER-GM>	"mg/g"^^<http://www.w3.org/2001/XMLSchema#string>
<http://www.wikidata.org/entity/Q161116>	"Magnolia grandiflora"^^<http://www.w3.org/2001/XMLSchema#string>	"Leaf nitrogen content"	"Leaf nitrogen content per dry mass (Nmass)"^^<http://www.w3.org/2001/XMLSchema#string>	1.34	<http://qudt.org/vocab/unit/PERCENT>	"%"^^<http://www.w3.org/2001/XMLSchema#string>
<http://www.wikidata.org/entity/Q161117>	"Cassia fistula"^^<http://www.w3.org/2001/XMLSchema#string>	"Leaf nitrogen content"	"Leaf nitrogen content per dry mass (Nmass)"^^<http://www.w3.org/2001/XMLSchema#string>	2.2	<http://qudt.org/vocab/unit/PERCENT>	"%"^^<http://www.w3.org/2001/XMLSchema#string>
<http://www.wikidata.org/entity/Q161166>	"Acer negundo"^^<http://www.w3.org/2001/XMLSchema#string>	"Leaf nitrogen content"	"Leaf nitrogen content per dry mass (Nmass)"^^<http://www.w3.org/2001/XMLSchema#string>	2.5	<http://qudt.org/vocab/unit/PERCENT>	"%"^^<http://www.w3.org/2001/XMLSchema#string>
<http://www.wikidata.org/entity/Q161291>	"Luzula multiflora"^^<http://www.w3.org/2001/XMLSchema#string>	"Specific leaf area"	"SLA: undefined if petiole in- or excluded"^^<http://www.w3.org/2001/XMLSchema#string>	293.3607	<http://qudt.org/vocab/unit/CentiM2-PER-GM>	"SLA cm2/g"^^<http://www.w3.org/2001/XMLSchema#string>
<http://www.wikidata.org/entity/Q161311>	"Bromus erectus"^^<http://www.w3.org/2001/XMLSchema#string>	"Specific leaf area"	"SLA: undefined if petiole in- or excluded"^^<http://www.w3.org/2001/XMLSchema#string>	193.9	<http://qudt.org/vocab/unit/CentiM2-PER-GM>	"SLA cm2/g"^^<http://www.w3.org/2001/XMLSchema#string>
<http://www.wikidata.org/entity/Q161364>	"Acer rubrum"^^<http://www.w3.org/2001/XMLSchema#string>	"Leaf nitrogen content"	"Leaf nitrogen content per dry mass (Nmass)"^^<http://www.w3.org/2001/XMLSchema#string>	2.1	<http://qudt.org/vocab/unit/PERCENT>	"%"^^<http://www.w3.org/2001/XMLSchema#string>
<http://www.wikidata.org/entity/Q161364>	"Acer rubrum"^^<http://www.w3.org/2001/XMLSchema#string>	"Leaf nitrogen content"	"Leaf nitrogen content per dry mass (Nmass)"^^<http://www.w3.org/2001/XMLSchema#string>	1.82	<http://qudt.org/vocab/unit/PERCENT>	"%"^^<http://www.w3.org/2001/XMLSchema#string>
<http://www.wikidata.org/entity/Q161364>	"Acer rubrum"^^<http://www.w3.org/2001/XMLSchema#string>	"Leaf nitrogen content"	"Leaf nitrogen content per dry mass (Nmass)"^^<http://www.w3.org/2001/XMLSchema#string>	1.22	<http://qudt.org/vocab/unit/PERCENT>	"%"^^<http://www.w3.org/2001/XMLSchema#string>
<http://www.wikidata.org/entity/Q161364>	"Acer rubrum"^^<http://www.w3.org/2001/XMLSchema#string>	"Leaf nitrogen content"	"Leaf nitrogen content per dry mass (Nmass)"^^<http://www.w3.org/2001/XMLSchema#string>	1.55	<http://qudt.org/vocab/unit/PERCENT>	"%"^^<http://www.w3.org/2001/XMLSchema#string>
<http://www.wikidata.org/entity/Q161364>	"Acer rubrum"^^<http://www.w3.org/2001/XMLSchema#string>	"Leaf nitrogen content"	"Leaf nitrogen content per dry mass (Nmass)"^^<http://www.w3.org/2001/XMLSchema#string>	1.2	<http://qudt.org/vocab/unit/PERCENT>	"%"^^<http://www.w3.org/2001/XMLSchema#string>
<http://www.wikidata.org/entity/Q161364>	"Acer rubrum"^^<http://www.w3.org/2001/XMLSchema#string>	"Leaf nitrogen content"	"Leaf nitrogen content per dry mass (Nmass)"^^<http://www.w3.org/2001/XMLSchema#string>	1.64	<http://qudt.org/vocab/unit/PERCENT>	"%"^^<http://www.w3.org/2001/XMLSchema#string>
<http://www.wikidata.org/entity/Q161364>	"Acer rubrum"^^<http://www.w3.org/2001/XMLSchema#string>	"Leaf nitrogen content"	"Leaf nitrogen content per dry mass (Nmass)"^^<http://www.w3.org/2001/XMLSchema#string>	1.75	<http://qudt.org/vocab/unit/PERCENT>	"%"^^<http://www.w3.org/2001/XMLSchema#string>
<http://www.wikidata.org/entity/Q161364>	"Acer rubrum"^^<http://www.w3.org/2001/XMLSchema#string>	"Leaf nitrogen content"	"Leaf nitrogen content per dry mass (Nmass)"^^<http://www.w3.org/2001/XMLSchema#string>	1.8	<http://qudt.org/vocab/unit/PERCENT>	"%"^^<http://www.w3.org/2001/XMLSchema#string>
<http://www.wikidata.org/entity/Q161364>	"Acer rubrum"^^<http://www.w3.org/2001/XMLSchema#string>	"Leaf nitrogen content"	"Leaf nitrogen content per dry mass (Nmass)"^^<http://www.w3.org/2001/XMLSchema#string>	1.81	<http://qudt.org/vocab/unit/PERCENT>	"%"^^<http://www.w3.org/2001/XMLSchema#string>
<http://www.wikidata.org/entity/Q161364>	"Acer rubrum"^^<http://www.w3.org/2001/XMLSchema#string>	"Leaf nitrogen content"	"Leaf nitrogen content per dry mass (Nmass)"^^<http://www.w3.org/2001/XMLSchema#string>	13.1	<http://qudt.org/vocab/unit/MilliGM-PER-GM>	"mg/g"^^<http://www.w3.org/2001/XMLSchema#string>
<http://www.wikidata.org/entity/Q161364>	"Acer rubrum"^^<http://www.w3.org/2001/XMLSchema#string>	"Leaf nitrogen content"	"Leaf nitrogen content per dry mass (Nmass)"^^<http://www.w3.org/2001/XMLSchema#string>	1.84	<http://qudt.org/vocab/unit/PERCENT>	"%"^^<http://www.w3.org/2001/XMLSchema#string>
<http://www.wikidata.org/entity/Q161364>	"Acer rubrum"^^<http://www.w3.org/2001/XMLSchema#string>	"Leaf phosphorus content"	"Leaf phosphorus content per dry mass (Pmass)"^^<http://www.w3.org/2001/XMLSchema#string>	0.14	<http://qudt.org/vocab/unit/PERCENT>	"%"^^<http://www.w3.org/2001/XMLSchema#string>
<http://www.wikidata.org/entity/Q161364>	"Acer rubrum"^^<http://www.w3.org/2001/XMLSchema#string>	"Leaf phosphorus content"	"Leaf phosphorus content per dry mass (Pmass)"^^<http://www.w3.org/2001/XMLSchema#string>	0.09	<http://qudt.org/vocab/unit/PERCENT>	"%"^^<http://www.w3.org/2001/XMLSchema#string>
<http://www.wikidata.org/entity/Q161364>	"Acer rubrum"^^<http://www.w3.org/2001/XMLSchema#string>	"Specific leaf area"	"SLA: undefined if petiole in- or excluded"^^<http://www.w3.org/2001/XMLSchema#string>	52.4	<http://qudt.org/vocab/unit/GM-PER-M2>	"g/m2"^^<http://www.w3.org/2001/XMLSchema#string>
<http://www.wikidata.org/entity/Q161366>	"Epilobium hirsutum"^^<http://www.w3.org/2001/XMLSchema#string>	"Specific leaf area"	"SLA: undefined if petiole in- or excluded"^^<http://www.w3.org/2001/XMLSchema#string>	290.5	<http://qudt.org/vocab/unit/CentiM2-PER-GM>	"SLA cm2/g"^^<http://www.w3.org/2001/XMLSchema#string>
<http://www.wikidata.org/entity/Q161369>	"Trifolium medium"^^<http://www.w3.org/2001/XMLSchema#string>	"Specific leaf area"	"SLA: undefined if petiole in- or excluded"^^<http://www.w3.org/2001/XMLSchema#string>	145.0	<http://qudt.org/vocab/unit/CentiM2-PER-GM>	"SLA cm2/g"^^<http://www.w3.org/2001/XMLSchema#string>
<http://www.wikidata.org/entity/Q161379>	"Euonymus europaeus"^^<http://www.w3.org/2001/XMLSchema#string>	"Specific leaf area"	"SLA: undefined if petiole in- or excluded"^^<http://www.w3.org/2001/XMLSchema#string>	154.4	<http://qudt.org/vocab/unit/CentiM2-PER-GM>	"SLA cm2/g"^^<http://www.w3.org/2001/XMLSchema#string>
<http://www.wikidata.org/entity/Q161418>	"Daphne laureola"^^<http://www.w3.org/2001/XMLSchema#string>	"Leaf nitrogen content"	"Leaf nitrogen content per dry mass (Nmass)"^^<http://www.w3.org/2001/XMLSchema#string>	2.056055	<http://qudt.org/vocab/unit/PERCENT>	"%"^^<http://www.w3.org/2001/XMLSchema#string>
<http://www.wikidata.org/entity/Q161418>	"Daphne laureola"^^<http://www.w3.org/2001/XMLSchema#string>	"Leaf nitrogen content"	"Leaf nitrogen content per dry mass (Nmass)"^^<http://www.w3.org/2001/XMLSchema#string>	2.073921	<http://qudt.org/vocab/unit/PERCENT>	"%"^^<http://www.w3.org/2001/XMLSchema#string>
<http://www.wikidata.org/entity/Q161418>	"Daphne laureola"^^<http://www.w3.org/2001/XMLSchema#string>	"Leaf nitrogen content"	"Leaf nitrogen content per dry mass (Nmass)"^^<http://www.w3.org/2001/XMLSchema#string>	2.213014	<http://qudt.org/vocab/unit/PERCENT>	"%"^^<http://www.w3.org/2001/XMLSchema#string>
<http://www.wikidata.org/entity/Q161418>	"Daphne laureola"^^<http://www.w3.org/2001/XMLSchema#string>	"Leaf nitrogen content"	"Leaf nitrogen content per dry mass (Nmass)"^^<http://www.w3.org/2001/XMLSchema#string>	3.034108	<http://qudt.org/vocab/unit/PERCENT>	"%"^^<http://www.w3.org/2001/XMLSchema#string>
<http://www.wikidata.org/entity/Q161418>	"Daphne laureola"^^<http://www.w3.org/2001/XMLSchema#string>	"Leaf nitrogen content"	"Leaf nitrogen content per dry mass (Nmass)"^^<http://www.w3.org/2001/XMLSchema#string>	2.241887	<http://qudt.org/vocab/unit/PERCENT>	"%"^^<http://www.w3.org/2001/XMLSchema#string>
<http://www.wikidata.org/entity/Q161418>	"Daphne laureola"^^<http://www.w3.org/2001/XMLSchema#string>	"Leaf nitrogen content"	"Leaf nitrogen content per dry mass (Nmass)"^^<http://www.w3.org/2001/XMLSchema#string>	2.476702	<http://qudt.org/vocab/unit/PERCENT>	"%"^^<http://www.w3.org/2001/XMLSchema#string>
<http://www.wikidata.org/entity/Q161418>	"Daphne laureola"^^<http://www.w3.org/2001/XMLSchema#string>	"Leaf nitrogen content"	"Leaf nitrogen content per dry mass (Nmass)"^^<http://www.w3.org/2001/XMLSchema#string>	2.371702	<http://qudt.org/vocab/unit/PERCENT>	"%"^^<http://www.w3.org/2001/XMLSchema#string>
<http://www.wikidata.org/entity/Q161418>	"Daphne laureola"^^<http://www.w3.org/2001/XMLSchema#string>	"Leaf nitrogen content"	"Leaf nitrogen content per dry mass (Nmass)"^^<http://www.w3.org/2001/XMLSchema#string>	3.240419	<http://qudt.org/vocab/unit/PERCENT>	"%"^^<http://www.w3.org/2001/XMLSchema#string>
<http://www.wikidata.org/entity/Q161418>	"Daphne laureola"^^<http://www.w3.org/2001/XMLSchema#string>	"Leaf nitrogen content"	"Leaf nitrogen content per dry mass (Nmass)"^^<http://www.w3.org/2001/XMLSchema#string>	1.819196	<http://qudt.org/vocab/unit/PERCENT>	"%"^^<http://www.w3.org/2001/XMLSchema#string>
<http://www.wikidata.org/entity/Q161468>	"Eucalyptus leucoxylon"^^<http://www.w3.org/2001/XMLSchema#string>	"Leaf nitrogen content"	"Leaf nitrogen content per dry mass (Nmass)"^^<http://www.w3.org/2001/XMLSchema#string>	1.17	<http://qudt.org/vocab/unit/PERCENT>	"%"^^<http://www.w3.org/2001/XMLSchema#string>
<http://www.wikidata.org/entity/Q161511>	"Crataegus monogyna"^^<http://www.w3.org/2001/XMLSchema#string>	"Leaf nitrogen content"	"Leaf nitrogen content per dry mass (Nmass)"^^<http://www.w3.org/2001/XMLSchema#string>	1.96	<http://qudt.org/vocab/unit/PERCENT>	"%"^^<http://www.w3.org/2001/XMLSchema#string>
<http://www.wikidata.org/entity/Q161511>	"Crataegus monogyna"^^<http://www.w3.org/2001/XMLSchema#string>	"Specific leaf area"	"SLA: undefined if petiole in- or excluded"^^<http://www.w3.org/2001/XMLSchema#string>	115.2	<http://qudt.org/vocab/unit/CentiM2-PER-GM>	"SLA cm2/g"^^<http://www.w3.org/2001/XMLSchema#string>
<http://www.wikidata.org/entity/Q161538>	"Buddleja davidii"^^<http://www.w3.org/2001/XMLSchema#string>	"Specific leaf area"	"SLA: undefined if petiole in- or excluded"^^<http://www.w3.org/2001/XMLSchema#string>	123.3	<http://qudt.org/vocab/unit/CentiM2-PER-GM>	"SLA cm2/g"^^<http://www.w3.org/2001/XMLSchema#string>
<http://www.wikidata.org/entity/Q161581>	"Galium aparine"^^<http://www.w3.org/2001/XMLSchema#string>	"Leaf phosphorus content"	"Leaf phosphorus content per dry mass (Pmass)"^^<http://www.w3.org/2001/XMLSchema#string>	0.43	<http://qudt.org/vocab/unit/PERCENT>	"%"^^<http://www.w3.org/2001/XMLSchema#string>
<http://www.wikidata.org/entity/Q161584>	"Lonicera periclymenum"^^<http://www.w3.org/2001/XMLSchema#string>	"Leaf phosphorus content"	"Leaf phosphorus content per dry mass (Pmass)"^^<http://www.w3.org/2001/XMLSchema#string>	0.175	<http://qudt.org/vocab/unit/PERCENT>	"%"^^<http://www.w3.org/2001/XMLSchema#string>
<http://www.wikidata.org/entity/Q161621>	"Dryas octopetala"^^<http://www.w3.org/2001/XMLSchema#string>	"Leaf nitrogen content"	"Leaf nitrogen content per dry mass (Nmass)"^^<http://www.w3.org/2001/XMLSchema#string>	1.46	<http://qudt.org/vocab/unit/PERCENT>	"%"^^<http://www.w3.org/2001/XMLSchema#string>
<http://www.wikidata.org/entity/Q161621>	"Dryas octopetala"^^<http://www.w3.org/2001/XMLSchema#string>	"Leaf nitrogen content"	"Leaf nitrogen content per dry mass (Nmass)"^^<http://www.w3.org/2001/XMLSchema#string>	1.48	<http://qudt.org/vocab/unit/PERCENT>	"%"^^<http://www.w3.org/2001/XMLSchema#string>
<http://www.wikidata.org/entity/Q161621>	"Dryas octopetala"^^<http://www.w3.org/2001/XMLSchema#string>	"Leaf nitrogen content"	"Leaf nitrogen content per dry mass (Nmass)"^^<http://www.w3.org/2001/XMLSchema#string>	1.52	<http://qudt.org/vocab/unit/PERCENT>	"%"^^<http://www.w3.org/2001/XMLSchema#string>
<http://www.wikidata.org/entity/Q161621>	"Dryas octopetala"^^<http://www.w3.org/2001/XMLSchema#string>	"Leaf nitrogen content"	"Leaf nitrogen content per dry mass (Nmass)"^^<http://www.w3.org/2001/XMLSchema#string>	2.05	<http://qudt.org/vocab/unit/PERCENT>	"%"^^<http://www.w3.org/2001/XMLSchema#string>
<http://www.wikidata.org/entity/Q161621>	"Dryas octopetala"^^<http://www.w3.org/2001/XMLSchema#string>	"Leaf nitrogen content"	"Leaf nitrogen content per dry mass (Nmass)"^^<http://www.w3.org/2001/XMLSchema#string>	2.35	<http://qudt.org/vocab/unit/PERCENT>	"%"^^<http://www.w3.org/2001/XMLSchema#string>
<http://www.wikidata.org/entity/Q161621>	"Dryas octopetala"^^<http://www.w3.org/2001/XMLSchema#string>	"Leaf phosphorus content"	"Leaf phosphorus content per dry mass (Pmass)"^^<http://www.w3.org/2001/XMLSchema#string>	0.089	<http://qudt.org/vocab/unit/PERCENT>	"%"^^<http://www.w3.org/2001/XMLSchema#string>
<http://www.wikidata.org/entity/Q161621>	"Dryas octopetala"^^<http://www.w3.org/2001/XMLSchema#string>	"Leaf phosphorus content"	"Leaf phosphorus content per dry mass (Pmass)"^^<http://www.w3.org/2001/XMLSchema#string>	0.1	<http://qudt.org/vocab/unit/PERCENT>	"%"^^<http://www.w3.org/2001/XMLSchema#string>
<http://www.wikidata.org/entity/Q161636>	"Trollius europaeus"^^<http://www.w3.org/2001/XMLSchema#string>	"Specific leaf area"	"SLA: undefined if petiole in- or excluded"^^<http://www.w3.org/2001/XMLSchema#string>	278.3823	<http://qudt.org/vocab/unit/CentiM2-PER-GM>	"SLA cm2/g"^^<http://www.w3.org/2001/XMLSchema#string>
<http://www.wikidata.org/entity/Q161639>	"Lathyrus pratensis"^^<http://www.w3.org/2001/XMLSchema#string>	"Leaf nitrogen content"	"Leaf nitrogen content per dry mass (Nmass)"^^<http://www.w3.org/2001/XMLSchema#string>	4.15	<http://qudt.org/vocab/unit/PERCENT>	"%"^^<http://www.w3.org/2001/XMLSchema#string>
<http://www.wikidata.org/entity/Q161639>	"Lathyrus pratensis"^^<http://www.w3.org/2001/XMLSchema#string>	"Leaf nitrogen content"	"Leaf nitrogen content per dry mass (Nmass)"^^<http://www.w3.org/2001/XMLSchema#string>	41.5	<http://qudt.org/vocab/unit/MilliGM-PER-GM>	"(mg g-1)"^^<http://www.w3.org/2001/XMLSchema#string>
<http://www.wikidata.org/entity/Q161639>	"Lathyrus pratensis"^^<http://www.w3.org/2001/XMLSchema#string>	"Specific leaf area"	"SLA: undefined if petiole in- or excluded"^^<http://www.w3.org/2001/XMLSchema#string>	320.0	<http://qudt.org/vocab/unit/CentiM2-PER-GM>	"SLA cm2/g"^^<http://www.w3.org/2001/XMLSchema#string>
<http://www.wikidata.org/entity/Q161639>	"Lathyrus pratensis"^^<http://www.w3.org/2001/XMLSchema#string>	"Specific leaf area"	"SLA: undefined if petiole in- or excluded"^^<http://www.w3.org/2001/XMLSchema#string>	294.5779	<http://qudt.org/vocab/unit/CentiM2-PER-GM>	"SLA cm2/g"^^<http://www.w3.org/2001/XMLSchema#string>
<http://www.wikidata.org/entity/Q161644>	"Geranium sylvaticum"^^<http://www.w3.org/2001/XMLSchema#string>	"Specific leaf area"	"SLA: undefined if petiole in- or excluded"^^<http://www.w3.org/2001/XMLSchema#string>	216.8501	<http://qudt.org/vocab/unit/CentiM2-PER-GM>	"SLA cm2/g"^^<http://www.w3.org/2001/XMLSchema#string>
<http://www.wikidata.org/entity/Q161644>	"Geranium sylvaticum"^^<http://www.w3.org/2001/XMLSchema#string>	"Specific leaf area"	"SLA: undefined if petiole in- or excluded"^^<http://www.w3.org/2001/XMLSchema#string>	241.0	<http://qudt.org/vocab/unit/CentiM2-PER-GM>	"SLA cm2/g"^^<http://www.w3.org/2001/XMLSchema#string>
<http://www.wikidata.org/entity/Q161658>	"Pinguicula vulgaris"^^<http://www.w3.org/2001/XMLSchema#string>	"Specific leaf area"	"SLA: undefined if petiole in- or excluded"^^<http://www.w3.org/2001/XMLSchema#string>	495.8	<http://qudt.org/vocab/unit/CentiM2-PER-GM>	"SLA cm2/g"^^<http://www.w3.org/2001/XMLSchema#string>
<http://www.wikidata.org/entity/Q161658>	"Pinguicula vulgaris"^^<http://www.w3.org/2001/XMLSchema#string>	"Specific leaf area"	"SLA: undefined if petiole in- or excluded"^^<http://www.w3.org/2001/XMLSchema#string>	608.0619	<http://qudt.org/vocab/unit/CentiM2-PER-GM>	"SLA cm2/g"^^<http://www.w3.org/2001/XMLSchema#string>
<http://www.wikidata.org/entity/Q161659>	"Astragalus frigidus"^^<http://www.w3.org/2001/XMLSchema#string>	"Specific leaf area"	"SLA: undefined if petiole in- or excluded"^^<http://www.w3.org/2001/XMLSchema#string>	249.7134	<http://qudt.org/vocab/unit/CentiM2-PER-GM>	"SLA cm2/g"^^<http://www.w3.org/2001/XMLSchema#string>
<http://www.wikidata.org/entity/Q161665>	"Rhodiola rosea"^^<http://www.w3.org/2001/XMLSchema#string>	"Specific leaf area"	"SLA: undefined if petiole in- or excluded"^^<http://www.w3.org/2001/XMLSchema#string>	293.6647	<http://qudt.org/vocab/unit/CentiM2-PER-GM>	"SLA cm2/g"^^<http://www.w3.org/2001/XMLSchema#string>
<http://www.wikidata.org/entity/Q161699>	"Silene dioica"^^<http://www.w3.org/2001/XMLSchema#string>	"Leaf nitrogen content"	"Leaf nitrogen content per dry mass (Nmass)"^^<http://www.w3.org/2001/XMLSchema#string>	3.707074	<http://qudt.org/vocab/unit/PERCENT>	"%"^^<http://www.w3.org/2001/XMLSchema#string>
<http://www.wikidata.org/entity/Q161722>	"Lolium perenne"^^<http://www.w3.org/2001/XMLSchema#string>	"Leaf phosphorus content"	"Leaf phosphorus content per dry mass (Pmass)"^^<http://www.w3.org/2001/XMLSchema#string>	0.44	<http://qudt.org/vocab/unit/PERCENT>	"%"^^<http://www.w3.org/2001/XMLSchema#string>
<http://www.wikidata.org/entity/Q161722>	"Lolium perenne"^^<http://www.w3.org/2001/XMLSchema#string>	"Specific leaf area"	"SLA: undefined if petiole in- or excluded"^^<http://www.w3.org/2001/XMLSchema#string>	259.3	<http://qudt.org/vocab/unit/CentiM2-PER-GM>	"SLA cm2/g"^^<http://www.w3.org/2001/XMLSchema#string>
<http://www.wikidata.org/entity/Q161735>	"Dactylis glomerata"^^<http://www.w3.org/2001/XMLSchema#string>	"Leaf nitrogen content"	"Leaf nitrogen content per dry mass (Nmass)"^^<http://www.w3.org/2001/XMLSchema#string>	2.622675	<http://qudt.org/vocab/unit/PERCENT>	"%"^^<http://www.w3.org/2001/XMLSchema#string>
<http://www.wikidata.org/entity/Q161735>	"Dactylis glomerata"^^<http://www.w3.org/2001/XMLSchema#string>	"Leaf nitrogen content"	"Leaf nitrogen content per dry mass (Nmass)"^^<http://www.w3.org/2001/XMLSchema#string>	1.527596	<http://qudt.org/vocab/unit/PERCENT>	"%"^^<http://www.w3.org/2001/XMLSchema#string>
<http://www.wikidata.org/entity/Q161735>	"Dactylis glomerata"^^<http://www.w3.org/2001/XMLSchema#string>	"Leaf phosphorus content"	"Leaf phosphorus content per dry mass (Pmass)"^^<http://www.w3.org/2001/XMLSchema#string>	0.28	<http://qudt.org/vocab/unit/PERCENT>	"%"^^<http://www.w3.org/2001/XMLSchema#string>
<http://www.wikidata.org/entity/Q161735>	"Dactylis glomerata"^^<http://www.w3.org/2001/XMLSchema#string>	"Specific leaf area"	"SLA: undefined if petiole in- or excluded"^^<http://www.w3.org/2001/XMLSchema#string>	248.0	<http://qudt.org/vocab/unit/CentiM2-PER-GM>	"SLA cm2/g"^^<http://www.w3.org/2001/XMLSchema#string>
<http://www.wikidata.org/entity/Q161742>	"Deschampsia flexuosa"^^<http://www.w3.org/2001/XMLSchema#string>	"Leaf nitrogen content"	"Leaf nitrogen content per dry mass (Nmass)"^^<http://www.w3.org/2001/XMLSchema#string>	13.4	<http://qudt.org/vocab/unit/MilliGM-PER-GM>	"(mg g-1)"^^<http://www.w3.org/2001/XMLSchema#string>
<http://www.wikidata.org/entity/Q161742>	"Deschampsia flexuosa"^^<http://www.w3.org/2001/XMLSchema#string>	"Leaf phosphorus content"	"Leaf phosphorus content per dry mass (Pmass)"^^<http://www.w3.org/2001/XMLSchema#string>	0.18	<http://qudt.org/vocab/unit/PERCENT>	"%"^^<http://www.w3.org/2001/XMLSchema#string>
<http://www.wikidata.org/entity/Q161742>	"Deschampsia flexuosa"^^<http://www.w3.org/2001/XMLSchema#string>	"Specific leaf area"	"SLA: undefined if petiole in- or excluded"^^<http://www.w3.org/2001/XMLSchema#string>	322.0	<http://qudt.org/vocab/unit/CentiM2-PER-GM>	"SLA cm2/g"^^<http://www.w3.org/2001/XMLSchema#string>
<http://www.wikidata.org/entity/Q161742>	"Deschampsia flexuosa"^^<http://www.w3.org/2001/XMLSchema#string>	"Specific leaf area"	"SLA: undefined if petiole in- or excluded"^^<http://www.w3.org/2001/XMLSchema#string>	775.3	<http://qudt.org/vocab/unit/CentiM2-PER-GM>	"SLA cm2/g"^^<http://www.w3.org/2001/XMLSchema#string>
<http://www.wikidata.org/entity/Q161783>	"Eriophorum angustifolium"^^<http://www.w3.org/2001/XMLSchema#string>	"Leaf nitrogen content"	"Leaf nitrogen content per dry mass (Nmass)"^^<http://www.w3.org/2001/XMLSchema#string>	32.2	<http://qudt.org/vocab/unit/MilliGM-PER-GM>	"mg g-1"^^<http://www.w3.org/2001/XMLSchema#string>
<http://www.wikidata.org/entity/Q161783>	"Eriophorum angustifolium"^^<http://www.w3.org/2001/XMLSchema#string>	"Leaf nitrogen content"	"Leaf nitrogen content per dry mass (Nmass)"^^<http://www.w3.org/2001/XMLSchema#string>	30.2	<http://qudt.org/vocab/unit/MilliGM-PER-GM>	"mg g-1"^^<http://www.w3.org/2001/XMLSchema#string>
<http://www.wikidata.org/entity/Q161783>	"Eriophorum angustifolium"^^<http://www.w3.org/2001/XMLSchema#string>	"Leaf nitrogen content"	"Leaf nitrogen content per dry mass (Nmass)"^^<http://www.w3.org/2001/XMLSchema#string>	30.0	<http://qudt.org/vocab/unit/MilliGM-PER-GM>	"mg g-1"^^<http://www.w3.org/2001/XMLSchema#string>
<http://www.wikidata.org/entity/Q161783>	"Eriophorum angustifolium"^^<http://www.w3.org/2001/XMLSchema#string>	"Leaf nitrogen content"	"Leaf nitrogen content per dry mass (Nmass)"^^<http://www.w3.org/2001/XMLSchema#string>	29.6	<http://qudt.org/vocab/unit/MilliGM-PER-GM>	"mg g-1"^^<http://www.w3.org/2001/XMLSchema#string>
<http://www.wikidata.org/entity/Q161783>	"Eriophorum angustifolium"^^<http://www.w3.org/2001/XMLSchema#string>	"Leaf nitrogen content"	"Leaf nitrogen content per dry mass (Nmass)"^^<http://www.w3.org/2001/XMLSchema#string>	29.5	<http://qudt.org/vocab/unit/MilliGM-PER-GM>	"mg g-1"^^<http://www.w3.org/2001/XMLSchema#string>
<http://www.wikidata.org/entity/Q161783>	"Eriophorum angustifolium"^^<http://www.w3.org/2001/XMLSchema#string>	"Leaf nitrogen content"	"Leaf nitrogen content per dry mass (Nmass)"^^<http://www.w3.org/2001/XMLSchema#string>	27.6	<http://qudt.org/vocab/unit/MilliGM-PER-GM>	"mg g-1"^^<http://www.w3.org/2001/XMLSchema#string>
<http://www.wikidata.org/entity/Q161783>	"Eriophorum angustifolium"^^<http://www.w3.org/2001/XMLSchema#string>	"Leaf nitrogen content"	"Leaf nitrogen content per dry mass (Nmass)"^^<http://www.w3.org/2001/XMLSchema#string>	25.8	<http://qudt.org/vocab/unit/MilliGM-PER-GM>	"mg g-1"^^<http://www.w3.org/2001/XMLSchema#string>
<http://www.wikidata.org/entity/Q161788>	"Drimia maritima"^^<http://www.w3.org/2001/XMLSchema#string>	"Leaf nitrogen content"	"Leaf nitrogen content per dry mass (Nmass)"^^<http://www.w3.org/2001/XMLSchema#string>	3.11	<http://qudt.org/vocab/unit/PERCENT>	"%"^^<http://www.w3.org/2001/XMLSchema#string>
<http://www.wikidata.org/entity/Q161794>	"Ulex europaeus"^^<http://www.w3.org/2001/XMLSchema#string>	"Leaf nitrogen content"	"Leaf nitrogen content per dry mass (Nmass)"^^<http://www.w3.org/2001/XMLSchema#string>	3.19	<http://qudt.org/vocab/unit/PERCENT>	"%"^^<http://www.w3.org/2001/XMLSchema#string>
<http://www.wikidata.org/entity/Q161794>	"Ulex europaeus"^^<http://www.w3.org/2001/XMLSchema#string>	"Leaf phosphorus content"	"Leaf phosphorus content per dry mass (Pmass)"^^<http://www.w3.org/2001/XMLSchema#string>	0.25	<http://qudt.org/vocab/unit/PERCENT>	"%"^^<http://www.w3.org/2001/XMLSchema#string>
<http://www.wikidata.org/entity/Q161797>	"Eriophorum vaginatum"^^<http://www.w3.org/2001/XMLSchema#string>	"Leaf nitrogen content"	"Leaf nitrogen content per dry mass (Nmass)"^^<http://www.w3.org/2001/XMLSchema#string>	2.56	<http://qudt.org/vocab/unit/PERCENT>	"%"^^<http://www.w3.org/2001/XMLSchema#string>
<http://www.wikidata.org/entity/Q161797>	"Eriophorum vaginatum"^^<http://www.w3.org/2001/XMLSchema#string>	"Leaf nitrogen content"	"Leaf nitrogen content per dry mass (Nmass)"^^<http://www.w3.org/2001/XMLSchema#string>	2.2	<http://qudt.org/vocab/unit/PERCENT>	"%"^^<http://www.w3.org/2001/XMLSchema#string>
<http://www.wikidata.org/entity/Q161797>	"Eriophorum vaginatum"^^<http://www.w3.org/2001/XMLSchema#string>	"Specific leaf area"	"SLA: undefined if petiole in- or excluded"^^<http://www.w3.org/2001/XMLSchema#string>	119.0	<http://qudt.org/vocab/unit/CentiM2-PER-GM>	"SLA cm2/g"^^<http://www.w3.org/2001/XMLSchema#string>
<http://www.wikidata.org/entity/Q162214>	"Bromus carinatus"^^<http://www.w3.org/2001/XMLSchema#string>	"Leaf nitrogen content"	"Leaf nitrogen content per dry mass (Nmass)"^^<http://www.w3.org/2001/XMLSchema#string>	1.8	<http://qudt.org/vocab/unit/PERCENT>	"%"^^<http://www.w3.org/2001/XMLSchema#string>
<http://www.wikidata.org/entity/Q162216>	"Paeonia cambessedesii"^^<http://www.w3.org/2001/XMLSchema#string>	"Leaf nitrogen content"	"Leaf nitrogen content per dry mass (Nmass)"^^<http://www.w3.org/2001/XMLSchema#string>	1.74	<http://qudt.org/vocab/unit/PERCENT>	"%"^^<http://www.w3.org/2001/XMLSchema#string>
<http://www.wikidata.org/entity/Q162410>	"Melica uniflora"^^<http://www.w3.org/2001/XMLSchema#string>	"Leaf nitrogen content"	"Leaf nitrogen content per dry mass (Nmass)"^^<http://www.w3.org/2001/XMLSchema#string>	2.810767	<http://qudt.org/vocab/unit/PERCENT>	"%"^^<http://www.w3.org/2001/XMLSchema#string>
<http://www.wikidata.org/entity/Q162410>	"Melica uniflora"^^<http://www.w3.org/2001/XMLSchema#string>	"Leaf nitrogen content"	"Leaf nitrogen content per dry mass (Nmass)"^^<http://www.w3.org/2001/XMLSchema#string>	2.493356	<http://qudt.org/vocab/unit/PERCENT>	"%"^^<http://www.w3.org/2001/XMLSchema#string>
<http://www.wikidata.org/entity/Q162410>	"Melica uniflora"^^<http://www.w3.org/2001/XMLSchema#string>	"Leaf nitrogen content"	"Leaf nitrogen content per dry mass (Nmass)"^^<http://www.w3.org/2001/XMLSchema#string>	1.903921	<http://qudt.org/vocab/unit/PERCENT>	"%"^^<http://www.w3.org/2001/XMLSchema#string>
<http://www.wikidata.org/entity/Q162410>	"Melica uniflora"^^<http://www.w3.org/2001/XMLSchema#string>	"Leaf nitrogen content"	"Leaf nitrogen content per dry mass (Nmass)"^^<http://www.w3.org/2001/XMLSchema#string>	2.960643	<http://qudt.org/vocab/unit/PERCENT>	"%"^^<http://www.w3.org/2001/XMLSchema#string>
<http://www.wikidata.org/entity/Q162451>	"Pedicularis oederi"^^<http://www.w3.org/2001/XMLSchema#string>	"Specific leaf area"	"SLA: undefined if petiole in- or excluded"^^<http://www.w3.org/2001/XMLSchema#string>	207.3	<http://qudt.org/vocab/unit/CentiM2-PER-GM>	"SLA cm2/g"^^<http://www.w3.org/2001/XMLSchema#string>
<http://www.wikidata.org/entity/Q162477>	"Alchemilla alpina"^^<http://www.w3.org/2001/XMLSchema#string>	"Specific leaf area"	"SLA: undefined if petiole in- or excluded"^^<http://www.w3.org/2001/XMLSchema#string>	131.5	<http://qudt.org/vocab/unit/CentiM2-PER-GM>	"SLA cm2/g"^^<http://www.w3.org/2001/XMLSchema#string>
<http://www.wikidata.org/entity/Q162484>	"Cerastium alpinum"^^<http://www.w3.org/2001/XMLSchema#string>	"Specific leaf area"	"SLA: undefined if petiole in- or excluded"^^<http://www.w3.org/2001/XMLSchema#string>	237.0	<http://qudt.org/vocab/unit/CentiM2-PER-GM>	"SLA cm2/g"^^<http://www.w3.org/2001/XMLSchema#string>
<http://www.wikidata.org/entity/Q162486>	"Hypericum maculatum"^^<http://www.w3.org/2001/XMLSchema#string>	"Leaf nitrogen content"	"Leaf nitrogen content per dry mass (Nmass)"^^<http://www.w3.org/2001/XMLSchema#string>	2.52	<http://qudt.org/vocab/unit/PERCENT>	"%"^^<http://www.w3.org/2001/XMLSchema#string>
<http://www.wikidata.org/entity/Q162486>	"Hypericum maculatum"^^<http://www.w3.org/2001/XMLSchema#string>	"Leaf nitrogen content"	"Leaf nitrogen content per dry mass (Nmass)"^^<http://www.w3.org/2001/XMLSchema#string>	25.2	<http://qudt.org/vocab/unit/MilliGM-PER-GM>	"(mg g-1)"^^<http://www.w3.org/2001/XMLSchema#string>
<http://www.wikidata.org/entity/Q162486>	"Hypericum maculatum"^^<http://www.w3.org/2001/XMLSchema#string>	"Specific leaf area"	"SLA: undefined if petiole in- or excluded"^^<http://www.w3.org/2001/XMLSchema#string>	340.0	<http://qudt.org/vocab/unit/CentiM2-PER-GM>	"SLA cm2/g"^^<http://www.w3.org/2001/XMLSchema#string>
<http://www.wikidata.org/entity/Q162491>	"Luzula sylvatica"^^<http://www.w3.org/2001/XMLSchema#string>	"Leaf nitrogen content"	"Leaf nitrogen content per dry mass (Nmass)"^^<http://www.w3.org/2001/XMLSchema#string>	1.202557	<http://qudt.org/vocab/unit/PERCENT>	"%"^^<http://www.w3.org/2001/XMLSchema#string>
<http://www.wikidata.org/entity/Q162491>	"Luzula sylvatica"^^<http://www.w3.org/2001/XMLSchema#string>	"Leaf nitrogen content"	"Leaf nitrogen content per dry mass (Nmass)"^^<http://www.w3.org/2001/XMLSchema#string>	1.508203	<http://qudt.org/vocab/unit/PERCENT>	"%"^^<http://www.w3.org/2001/XMLSchema#string>
<http://www.wikidata.org/entity/Q162491>	"Luzula sylvatica"^^<http://www.w3.org/2001/XMLSchema#string>	"Leaf nitrogen content"	"Leaf nitrogen content per dry mass (Nmass)"^^<http://www.w3.org/2001/XMLSchema#string>	1.578342	<http://qudt.org/vocab/unit/PERCENT>	"%"^^<http://www.w3.org/2001/XMLSchema#string>
<http://www.wikidata.org/entity/Q162491>	"Luzula sylvatica"^^<http://www.w3.org/2001/XMLSchema#string>	"Leaf nitrogen content"	"Leaf nitrogen content per dry mass (Nmass)"^^<http://www.w3.org/2001/XMLSchema#string>	1.672031	<http://qudt.org/vocab/unit/PERCENT>	"%"^^<http://www.w3.org/2001/XMLSchema#string>
<http://www.wikidata.org/entity/Q162501>	"Orthilia secunda"^^<http://www.w3.org/2001/XMLSchema#string>	"Specific leaf area"	"SLA: undefined if petiole in- or excluded"^^<http://www.w3.org/2001/XMLSchema#string>	179.6945	<http://qudt.org/vocab/unit/CentiM2-PER-GM>	"SLA cm2/g"^^<http://www.w3.org/2001/XMLSchema#string>
<http://www.wikidata.org/entity/Q162524>	"Poa alpina"^^<http://www.w3.org/2001/XMLSchema#string>	"Specific leaf area"	"SLA: undefined if petiole in- or excluded"^^<http://www.w3.org/2001/XMLSchema#string>	186.5	<http://qudt.org/vocab/unit/CentiM2-PER-GM>	"SLA cm2/g"^^<http://www.w3.org/2001/XMLSchema#string>
<http://www.wikidata.org/entity/Q162547>	"Tofieldia pusilla"^^<http://www.w3.org/2001/XMLSchema#string>	"Leaf nitrogen content"	"Leaf nitrogen content per dry mass (Nmass)"^^<http://www.w3.org/2001/XMLSchema#string>	1.51	<http://qudt.org/vocab/unit/PERCENT>	"%"^^<http://www.w3.org/2001/XMLSchema#string>
<http://www.wikidata.org/entity/Q162547>	"Tofieldia pusilla"^^<http://www.w3.org/2001/XMLSchema#string>	"Leaf phosphorus content"	"Leaf phosphorus content per dry mass (Pmass)"^^<http://www.w3.org/2001/XMLSchema#string>	0.148	<http://qudt.org/vocab/unit/PERCENT>	"%"^^<http://www.w3.org/2001/XMLSchema#string>
<http://www.wikidata.org/entity/Q162552>	"Bartsia alpina"^^<http://www.w3.org/2001/XMLSchema#string>	"Specific leaf area"	"SLA: undefined if petiole in- or excluded"^^<http://www.w3.org/2001/XMLSchema#string>	164.9783	<http://qudt.org/vocab/unit/CentiM2-PER-GM>	"SLA cm2/g"^^<http://www.w3.org/2001/XMLSchema#string>
<http://www.wikidata.org/entity/Q1627106>	"Melianthus major"^^<http://www.w3.org/2001/XMLSchema#string>	"Leaf nitrogen content"	"Leaf nitrogen content per dry mass (Nmass)"^^<http://www.w3.org/2001/XMLSchema#string>	1.591	<http://qudt.org/vocab/unit/PERCENT>	"%"^^<http://www.w3.org/2001/XMLSchema#string>
<http://www.wikidata.org/entity/Q162760>	"Lonicera xylosteum"^^<http://www.w3.org/2001/XMLSchema#string>	"Leaf nitrogen content"	"Leaf nitrogen content per dry mass (Nmass)"^^<http://www.w3.org/2001/XMLSchema#string>	1.514	<http://qudt.org/vocab/unit/PERCENT>	"%"^^<http://www.w3.org/2001/XMLSchema#string>
<http://www.wikidata.org/entity/Q162800>	"Rumex obtusifolius"^^<http://www.w3.org/2001/XMLSchema#string>	"Specific leaf area"	"SLA: undefined if petiole in- or excluded"^^<http://www.w3.org/2001/XMLSchema#string>	248.6544	<http://qudt.org/vocab/unit/CentiM2-PER-GM>	"SLA cm2/g"^^<http://www.w3.org/2001/XMLSchema#string>
<http://www.wikidata.org/entity/Q162829>	"Prunus virginiana"^^<http://www.w3.org/2001/XMLSchema#string>	"Leaf nitrogen content"	"Leaf nitrogen content per dry mass (Nmass)"^^<http://www.w3.org/2001/XMLSchema#string>	2.8	<http://qudt.org/vocab/unit/PERCENT>	"%"^^<http://www.w3.org/2001/XMLSchema#string>
<http://www.wikidata.org/entity/Q162905>	"Polygala vulgaris"^^<http://www.w3.org/2001/XMLSchema#string>	"Leaf nitrogen content"	"Leaf nitrogen content per dry mass (Nmass)"^^<http://www.w3.org/2001/XMLSchema#string>	2.9	<http://qudt.org/vocab/unit/PERCENT>	"%"^^<http://www.w3.org/2001/XMLSchema#string>
<http://www.wikidata.org/entity/Q162905>	"Polygala vulgaris"^^<http://www.w3.org/2001/XMLSchema#string>	"Leaf nitrogen content"	"Leaf nitrogen content per dry mass (Nmass)"^^<http://www.w3.org/2001/XMLSchema#string>	29.0	<http://qudt.org/vocab/unit/MilliGM-PER-GM>	"(mg g-1)"^^<http://www.w3.org/2001/XMLSchema#string>
<http://www.wikidata.org/entity/Q162905>	"Polygala vulgaris"^^<http://www.w3.org/2001/XMLSchema#string>	"Specific leaf area"	"SLA: undefined if petiole in- or excluded"^^<http://www.w3.org/2001/XMLSchema#string>	254.0	<http://qudt.org/vocab/unit/CentiM2-PER-GM>	"SLA cm2/g"^^<http://www.w3.org/2001/XMLSchema#string>
<http://www.wikidata.org/entity/Q162937>	"Veronica alpina"^^<http://www.w3.org/2001/XMLSchema#string>	"Specific leaf area"	"SLA: undefined if petiole in- or excluded"^^<http://www.w3.org/2001/XMLSchema#string>	288.8	<http://qudt.org/vocab/unit/CentiM2-PER-GM>	"SLA cm2/g"^^<http://www.w3.org/2001/XMLSchema#string>
<http://www.wikidata.org/entity/Q162937>	"Veronica alpina"^^<http://www.w3.org/2001/XMLSchema#string>	"Specific leaf area"	"SLA: undefined if petiole in- or excluded"^^<http://www.w3.org/2001/XMLSchema#string>	274.7646	<http://qudt.org/vocab/unit/CentiM2-PER-GM>	"SLA cm2/g"^^<http://www.w3.org/2001/XMLSchema#string>
<http://www.wikidata.org/entity/Q163004>	"Cedrela odorata"^^<http://www.w3.org/2001/XMLSchema#string>	"Leaf nitrogen content"	"Leaf nitrogen content per dry mass (Nmass)"^^<http://www.w3.org/2001/XMLSchema#string>	3.7	<http://qudt.org/vocab/unit/PERCENT>	"%"^^<http://www.w3.org/2001/XMLSchema#string>
<http://www.wikidata.org/entity/Q163578>	"Salix herbacea"^^<http://www.w3.org/2001/XMLSchema#string>	"Leaf phosphorus content"	"Leaf phosphorus content per dry mass (Pmass)"^^<http://www.w3.org/2001/XMLSchema#string>	0.227	<http://qudt.org/vocab/unit/PERCENT>	"%"^^<http://www.w3.org/2001/XMLSchema#string>
<http://www.wikidata.org/entity/Q163578>	"Salix herbacea"^^<http://www.w3.org/2001/XMLSchema#string>	"Specific leaf area"	"SLA: undefined if petiole in- or excluded"^^<http://www.w3.org/2001/XMLSchema#string>	140.2	<http://qudt.org/vocab/unit/CentiM2-PER-GM>	"SLA cm2/g"^^<http://www.w3.org/2001/XMLSchema#string>
<http://www.wikidata.org/entity/Q163799>	"Sanguisorba minor"^^<http://www.w3.org/2001/XMLSchema#string>	"Leaf phosphorus content"	"Leaf phosphorus content per dry mass (Pmass)"^^<http://www.w3.org/2001/XMLSchema#string>	"<1"^^<http://www.w3.org/2001/XMLSchema#string>	<http://qudt.org/vocab/unit/MilliGM-PER-GM>	"mg/g"^^<http://www.w3.org/2001/XMLSchema#string>
<http://www.wikidata.org/entity/Q163952>	"Clinopodium vulgare"^^<http://www.w3.org/2001/XMLSchema#string>	"Leaf nitrogen content"	"Leaf nitrogen content per dry mass (Nmass)"^^<http://www.w3.org/2001/XMLSchema#string>	1.606	<http://qudt.org/vocab/unit/PERCENT>	"%"^^<http://www.w3.org/2001/XMLSchema#string>
<http://www.wikidata.org/entity/Q163981>	"Tilia americana"^^<http://www.w3.org/2001/XMLSchema#string>	"Leaf nitrogen content"	"Leaf nitrogen content per dry mass (Nmass)"^^<http://www.w3.org/2001/XMLSchema#string>	3.0	<http://qudt.org/vocab/unit/PERCENT>	"%"^^<http://www.w3.org/2001/XMLSchema#string>
<http://www.wikidata.org/entity/Q164132>	"Amaranthus blitoides"^^<http://www.w3.org/2001/XMLSchema#string>	"Leaf nitrogen content"	"Leaf nitrogen content per dry mass (Nmass)"^^<http://www.w3.org/2001/XMLSchema#string>	4.32	<http://qudt.org/vocab/unit/PERCENT>	"%"^^<http://www.w3.org/2001/XMLSchema#string>
<http://www.wikidata.org/entity/Q1642054>	"Brachypodium pinnatum"^^<http://www.w3.org/2001/XMLSchema#string>	"Leaf nitrogen content"	"Leaf nitrogen content per dry mass (Nmass)"^^<http://www.w3.org/2001/XMLSchema#string>	1.747238	<http://qudt.org/vocab/unit/PERCENT>	"%"^^<http://www.w3.org/2001/XMLSchema#string>
<http://www.wikidata.org/entity/Q1642054>	"Brachypodium pinnatum"^^<http://www.w3.org/2001/XMLSchema#string>	"Leaf phosphorus content"	"Leaf phosphorus content per dry mass (Pmass)"^^<http://www.w3.org/2001/XMLSchema#string>	0.12	<http://qudt.org/vocab/unit/PERCENT>	"%"^^<http://www.w3.org/2001/XMLSchema#string>
<http://www.wikidata.org/entity/Q164232>	"Helianthemum nummularium"^^<http://www.w3.org/2001/XMLSchema#string>	"Leaf nitrogen content"	"Leaf nitrogen content per dry mass (Nmass)"^^<http://www.w3.org/2001/XMLSchema#string>	2.142	<http://qudt.org/vocab/unit/PERCENT>	"%"^^<http://www.w3.org/2001/XMLSchema#string>
<http://www.wikidata.org/entity/Q164232>	"Helianthemum nummularium"^^<http://www.w3.org/2001/XMLSchema#string>	"Leaf phosphorus content"	"Leaf phosphorus content per dry mass (Pmass)"^^<http://www.w3.org/2001/XMLSchema#string>	0.223	<http://qudt.org/vocab/unit/PERCENT>	"%"^^<http://www.w3.org/2001/XMLSchema#string>
<http://www.wikidata.org/entity/Q164237>	"Briza media"^^<http://www.w3.org/2001/XMLSchema#string>	"Leaf phosphorus content"	"Leaf phosphorus content per dry mass (Pmass)"^^<http://www.w3.org/2001/XMLSchema#string>	0.11	<http://qudt.org/vocab/unit/PERCENT>	"%"^^<http://www.w3.org/2001/XMLSchema#string>
<http://www.wikidata.org/entity/Q164379>	"Euonymus latifolius"^^<http://www.w3.org/2001/XMLSchema#string>	"Leaf nitrogen content"	"Leaf nitrogen content per dry mass (Nmass)"^^<http://www.w3.org/2001/XMLSchema#string>	1.506	<http://qudt.org/vocab/unit/PERCENT>	"%"^^<http://www.w3.org/2001/XMLSchema#string>
<http://www.wikidata.org/entity/Q164379>	"Euonymus latifolius"^^<http://www.w3.org/2001/XMLSchema#string>	"Leaf nitrogen content"	"Leaf nitrogen content per dry mass (Nmass)"^^<http://www.w3.org/2001/XMLSchema#string>	1.953	<http://qudt.org/vocab/unit/PERCENT>	"%"^^<http://www.w3.org/2001/XMLSchema#string>
<http://www.wikidata.org/entity/Q164698>	"Bursera simaruba"^^<http://www.w3.org/2001/XMLSchema#string>	"Leaf nitrogen content"	"Leaf nitrogen content per dry mass (Nmass)"^^<http://www.w3.org/2001/XMLSchema#string>	1.99154	<http://qudt.org/vocab/unit/PERCENT>	"%"^^<http://www.w3.org/2001/XMLSchema#string>
<http://www.wikidata.org/entity/Q164698>	"Bursera simaruba"^^<http://www.w3.org/2001/XMLSchema#string>	"Leaf phosphorus content"	"Leaf phosphorus content per dry mass (Pmass)"^^<http://www.w3.org/2001/XMLSchema#string>	0.01364467	<http://qudt.org/vocab/unit/PERCENT>	"%"^^<http://www.w3.org/2001/XMLSchema#string>
<http://www.wikidata.org/entity/Q164698>	"Bursera simaruba"^^<http://www.w3.org/2001/XMLSchema#string>	"Specific leaf area"	"SLA: undefined if petiole in- or excluded"^^<http://www.w3.org/2001/XMLSchema#string>	155.5544	<http://qudt.org/vocab/unit/CentiM2-PER-GM>	"SLA cm2/g"^^<http://www.w3.org/2001/XMLSchema#string>
<http://www.wikidata.org/entity/Q164772>	"Medicago polymorpha"^^<http://www.w3.org/2001/XMLSchema#string>	"Leaf nitrogen content"	"Leaf nitrogen content per dry mass (Nmass)"^^<http://www.w3.org/2001/XMLSchema#string>	4.5	<http://qudt.org/vocab/unit/PERCENT>	"%"^^<http://www.w3.org/2001/XMLSchema#string>
<http://www.wikidata.org/entity/Q164772>	"Medicago polymorpha"^^<http://www.w3.org/2001/XMLSchema#string>	"Specific leaf area"	"SLA: undefined if petiole in- or excluded"^^<http://www.w3.org/2001/XMLSchema#string>	392.0578	<http://qudt.org/vocab/unit/CentiM2-PER-GM>	"SLA cm2/g"^^<http://www.w3.org/2001/XMLSchema#string>
<http://www.wikidata.org/entity/Q164989>	"Euphrasia frigida"^^<http://www.w3.org/2001/XMLSchema#string>	"Specific leaf area"	"SLA: undefined if petiole in- or excluded"^^<http://www.w3.org/2001/XMLSchema#string>	326.2064	<http://qudt.org/vocab/unit/CentiM2-PER-GM>	"SLA cm2/g"^^<http://www.w3.org/2001/XMLSchema#string>
<http://www.wikidata.org/entity/Q165091>	"Pinus contorta"^^<http://www.w3.org/2001/XMLSchema#string>	"Leaf nitrogen content"	"Leaf nitrogen content per dry mass (Nmass)"^^<http://www.w3.org/2001/XMLSchema#string>	1.19	<http://qudt.org/vocab/unit/PERCENT>	"%"^^<http://www.w3.org/2001/XMLSchema#string>
<http://www.wikidata.org/entity/Q165145>	"Quercus robur"^^<http://www.w3.org/2001/XMLSchema#string>	"Leaf nitrogen content"	"Leaf nitrogen content per dry mass (Nmass)"^^<http://www.w3.org/2001/XMLSchema#string>	1.79	<http://qudt.org/vocab/unit/PERCENT>	"%"^^<http://www.w3.org/2001/XMLSchema#string>
<http://www.wikidata.org/entity/Q165145>	"Quercus robur"^^<http://www.w3.org/2001/XMLSchema#string>	"Leaf nitrogen content"	"Leaf nitrogen content per dry mass (Nmass)"^^<http://www.w3.org/2001/XMLSchema#string>	2.13	<http://qudt.org/vocab/unit/PERCENT>	"%"^^<http://www.w3.org/2001/XMLSchema#string>
<http://www.wikidata.org/entity/Q165145>	"Quercus robur"^^<http://www.w3.org/2001/XMLSchema#string>	"Leaf nitrogen content"	"Leaf nitrogen content per dry mass (Nmass)"^^<http://www.w3.org/2001/XMLSchema#string>	2.15	<http://qudt.org/vocab/unit/PERCENT>	"%"^^<http://www.w3.org/2001/XMLSchema#string>
<http://www.wikidata.org/entity/Q165145>	"Quercus robur"^^<http://www.w3.org/2001/XMLSchema#string>	"Leaf nitrogen content"	"Leaf nitrogen content per dry mass (Nmass)"^^<http://www.w3.org/2001/XMLSchema#string>	2.2	<http://qudt.org/vocab/unit/PERCENT>	"%"^^<http://www.w3.org/2001/XMLSchema#string>
<http://www.wikidata.org/entity/Q165145>	"Quercus robur"^^<http://www.w3.org/2001/XMLSchema#string>	"Leaf nitrogen content"	"Leaf nitrogen content per dry mass (Nmass)"^^<http://www.w3.org/2001/XMLSchema#string>	2.24	<http://qudt.org/vocab/unit/PERCENT>	"%"^^<http://www.w3.org/2001/XMLSchema#string>
<http://www.wikidata.org/entity/Q165145>	"Quercus robur"^^<http://www.w3.org/2001/XMLSchema#string>	"Leaf nitrogen content"	"Leaf nitrogen content per dry mass (Nmass)"^^<http://www.w3.org/2001/XMLSchema#string>	2.4	<http://qudt.org/vocab/unit/PERCENT>	"%"^^<http://www.w3.org/2001/XMLSchema#string>
<http://www.wikidata.org/entity/Q165145>	"Quercus robur"^^<http://www.w3.org/2001/XMLSchema#string>	"Leaf nitrogen content"	"Leaf nitrogen content per dry mass (Nmass)"^^<http://www.w3.org/2001/XMLSchema#string>	2.69	<http://qudt.org/vocab/unit/PERCENT>	"%"^^<http://www.w3.org/2001/XMLSchema#string>
<http://www.wikidata.org/entity/Q165145>	"Quercus robur"^^<http://www.w3.org/2001/XMLSchema#string>	"Leaf nitrogen content"	"Leaf nitrogen content per dry mass (Nmass)"^^<http://www.w3.org/2001/XMLSchema#string>	2.7	<http://qudt.org/vocab/unit/PERCENT>	"%"^^<http://www.w3.org/2001/XMLSchema#string>
<http://www.wikidata.org/entity/Q165145>	"Quercus robur"^^<http://www.w3.org/2001/XMLSchema#string>	"Leaf phosphorus content"	"Leaf phosphorus content per dry mass (Pmass)"^^<http://www.w3.org/2001/XMLSchema#string>	3200.0	<http://qudt.org/vocab/unit/PPM>	"ppm"^^<http://www.w3.org/2001/XMLSchema#string>
<http://www.wikidata.org/entity/Q165145>	"Quercus robur"^^<http://www.w3.org/2001/XMLSchema#string>	"Leaf phosphorus content"	"Leaf phosphorus content per dry mass (Pmass)"^^<http://www.w3.org/2001/XMLSchema#string>	1200.0	<http://qudt.org/vocab/unit/PPM>	"ppm"^^<http://www.w3.org/2001/XMLSchema#string>
<http://www.wikidata.org/entity/Q165145>	"Quercus robur"^^<http://www.w3.org/2001/XMLSchema#string>	"Leaf phosphorus content"	"Leaf phosphorus content per dry mass (Pmass)"^^<http://www.w3.org/2001/XMLSchema#string>	0.13	<http://qudt.org/vocab/unit/PERCENT>	"%"^^<http://www.w3.org/2001/XMLSchema#string>
<http://www.wikidata.org/entity/Q165145>	"Quercus robur"^^<http://www.w3.org/2001/XMLSchema#string>	"Leaf phosphorus content"	"Leaf phosphorus content per dry mass (Pmass)"^^<http://www.w3.org/2001/XMLSchema#string>	0.11	<http://qudt.org/vocab/unit/PERCENT>	"%"^^<http://www.w3.org/2001/XMLSchema#string>
<http://www.wikidata.org/entity/Q165145>	"Quercus robur"^^<http://www.w3.org/2001/XMLSchema#string>	"Leaf phosphorus content"	"Leaf phosphorus content per dry mass (Pmass)"^^<http://www.w3.org/2001/XMLSchema#string>	0.09	<http://qudt.org/vocab/unit/PERCENT>	"%"^^<http://www.w3.org/2001/XMLSchema#string>
<http://www.wikidata.org/entity/Q165145>	"Quercus robur"^^<http://www.w3.org/2001/XMLSchema#string>	"Specific leaf area"	"SLA: undefined if petiole in- or excluded"^^<http://www.w3.org/2001/XMLSchema#string>	131.9	<http://qudt.org/vocab/unit/CentiM2-PER-GM>	"SLA cm2/g"^^<http://www.w3.org/2001/XMLSchema#string>
<http://www.wikidata.org/entity/Q165145>	"Quercus robur"^^<http://www.w3.org/2001/XMLSchema#string>	"Specific leaf area"	"SLA: undefined if petiole in- or excluded"^^<http://www.w3.org/2001/XMLSchema#string>	66.66667	<http://qudt.org/vocab/unit/GM-PER-M2>	"g/m2"^^<http://www.w3.org/2001/XMLSchema#string>
<http://www.wikidata.org/entity/Q165191>	"Beta vulgaris"^^<http://www.w3.org/2001/XMLSchema#string>	"Leaf nitrogen content"	"Leaf nitrogen content per dry mass (Nmass)"^^<http://www.w3.org/2001/XMLSchema#string>	3.81	<http://qudt.org/vocab/unit/PERCENT>	"%"^^<http://www.w3.org/2001/XMLSchema#string>
<http://www.wikidata.org/entity/Q165378>	"Hippophae rhamnoides"^^<http://www.w3.org/2001/XMLSchema#string>	"Leaf phosphorus content"	"Leaf phosphorus content per dry mass (Pmass)"^^<http://www.w3.org/2001/XMLSchema#string>	0.149	<http://qudt.org/vocab/unit/PERCENT>	"%"^^<http://www.w3.org/2001/XMLSchema#string>
<http://www.wikidata.org/entity/Q1661351>	"Lobelia inflata"^^<http://www.w3.org/2001/XMLSchema#string>	"Leaf nitrogen content"	"Leaf nitrogen content per dry mass (Nmass)"^^<http://www.w3.org/2001/XMLSchema#string>	42.42186	<http://qudt.org/vocab/unit/MilliGM-PER-GM>	"mg/g"^^<http://www.w3.org/2001/XMLSchema#string>
<http://www.wikidata.org/entity/Q1661351>	"Lobelia inflata"^^<http://www.w3.org/2001/XMLSchema#string>	"Specific leaf area"	"SLA: petiole  excluded"^^<http://www.w3.org/2001/XMLSchema#string>	374.81	<http://qudt.org/vocab/unit/CentiM2-PER-GM>	"cm2/g"^^<http://www.w3.org/2001/XMLSchema#string>
<http://www.wikidata.org/entity/Q166843>	"Psidium guajava"^^<http://www.w3.org/2001/XMLSchema#string>	"Leaf nitrogen content"	"Leaf nitrogen content per dry mass (Nmass)"^^<http://www.w3.org/2001/XMLSchema#string>	1.73	<http://qudt.org/vocab/unit/PERCENT>	"%"^^<http://www.w3.org/2001/XMLSchema#string>
<http://www.wikidata.org/entity/Q1668559>	"Avena sterilis"^^<http://www.w3.org/2001/XMLSchema#string>	"Specific leaf area"	"SLA: undefined if petiole in- or excluded"^^<http://www.w3.org/2001/XMLSchema#string>	204.05	<http://qudt.org/vocab/unit/CentiM2-PER-GM>	"SLA cm2/g"^^<http://www.w3.org/2001/XMLSchema#string>
<http://www.wikidata.org/entity/Q168042>	"Maclura tinctoria"^^<http://www.w3.org/2001/XMLSchema#string>	"Leaf nitrogen content"	"Leaf nitrogen content per dry mass (Nmass)"^^<http://www.w3.org/2001/XMLSchema#string>	3.6	<http://qudt.org/vocab/unit/PERCENT>	"%"^^<http://www.w3.org/2001/XMLSchema#string>
<http://www.wikidata.org/entity/Q16982618>	"Hakea leucoptera"^^<http://www.w3.org/2001/XMLSchema#string>	"Leaf nitrogen content"	"Leaf nitrogen content per dry mass (Nmass)"^^<http://www.w3.org/2001/XMLSchema#string>	0.534	<http://qudt.org/vocab/unit/PERCENT>	"%"^^<http://www.w3.org/2001/XMLSchema#string>
<http://www.wikidata.org/entity/Q16988147>	"Pipturus albidus"^^<http://www.w3.org/2001/XMLSchema#string>	"Leaf phosphorus content"	"Leaf phosphorus content per dry mass (Pmass)"^^<http://www.w3.org/2001/XMLSchema#string>	0.08	<http://qudt.org/vocab/unit/PERCENT>	"%"^^<http://www.w3.org/2001/XMLSchema#string>
<http://www.wikidata.org/entity/Q16993005>	"Terminalia microcarpa"^^<http://www.w3.org/2001/XMLSchema#string>	"Leaf phosphorus content"	"Leaf phosphorus content per dry mass (Pmass)"^^<http://www.w3.org/2001/XMLSchema#string>	0.168	<http://qudt.org/vocab/unit/PERCENT>	"%"^^<http://www.w3.org/2001/XMLSchema#string>
<http://www.wikidata.org/entity/Q17034952>	"Cibotium chamissoi"^^<http://www.w3.org/2001/XMLSchema#string>	"Leaf nitrogen content"	"Leaf nitrogen content per dry mass (Nmass)"^^<http://www.w3.org/2001/XMLSchema#string>	2.03	<http://qudt.org/vocab/unit/PERCENT>	"%"^^<http://www.w3.org/2001/XMLSchema#string>
<http://www.wikidata.org/entity/Q17037752>	"Dicranopteris pedata"^^<http://www.w3.org/2001/XMLSchema#string>	"Leaf phosphorus content"	"Leaf phosphorus content per dry mass (Pmass)"^^<http://www.w3.org/2001/XMLSchema#string>	0.55	<http://qudt.org/vocab/unit/MilliGM-PER-GM>	"mg/g"^^<http://www.w3.org/2001/XMLSchema#string>
<http://www.wikidata.org/entity/Q17037752>	"Dicranopteris pedata"^^<http://www.w3.org/2001/XMLSchema#string>	"Leaf phosphorus content"	"Leaf phosphorus content per dry mass (Pmass)"^^<http://www.w3.org/2001/XMLSchema#string>	0.54	<http://qudt.org/vocab/unit/MilliGM-PER-GM>	"mg/g"^^<http://www.w3.org/2001/XMLSchema#string>
<http://www.wikidata.org/entity/Q17037752>	"Dicranopteris pedata"^^<http://www.w3.org/2001/XMLSchema#string>	"Leaf phosphorus content"	"Leaf phosphorus content per dry mass (Pmass)"^^<http://www.w3.org/2001/XMLSchema#string>	0.37	<http://qudt.org/vocab/unit/MilliGM-PER-GM>	"mg/g"^^<http://www.w3.org/2001/XMLSchema#string>
<http://www.wikidata.org/entity/Q17037752>	"Dicranopteris pedata"^^<http://www.w3.org/2001/XMLSchema#string>	"Leaf phosphorus content"	"Leaf phosphorus content per dry mass (Pmass)"^^<http://www.w3.org/2001/XMLSchema#string>	0.24	<http://qudt.org/vocab/unit/MilliGM-PER-GM>	"mg/g"^^<http://www.w3.org/2001/XMLSchema#string>
<http://www.wikidata.org/entity/Q170461>	"Azadirachta indica"^^<http://www.w3.org/2001/XMLSchema#string>	"Leaf nitrogen content"	"Leaf nitrogen content per dry mass (Nmass)"^^<http://www.w3.org/2001/XMLSchema#string>	3.05	<http://qudt.org/vocab/unit/PERCENT>	"%"^^<http://www.w3.org/2001/XMLSchema#string>
<http://www.wikidata.org/entity/Q17137243>	"Scandix iberica"^^<http://www.w3.org/2001/XMLSchema#string>	"Specific leaf area"	"SLA: undefined if petiole in- or excluded"^^<http://www.w3.org/2001/XMLSchema#string>	526.5114	<http://qudt.org/vocab/unit/CentiM2-PER-GM>	"SLA cm2/g"^^<http://www.w3.org/2001/XMLSchema#string>
<http://www.wikidata.org/entity/Q17234413>	"Neea obovata"^^<http://www.w3.org/2001/XMLSchema#string>	"Leaf nitrogen content"	"Leaf nitrogen content per dry mass (Nmass)"^^<http://www.w3.org/2001/XMLSchema#string>	0.62	<http://qudt.org/vocab/unit/PERCENT>	"%"^^<http://www.w3.org/2001/XMLSchema#string>
<http://www.wikidata.org/entity/Q17234413>	"Neea obovata"^^<http://www.w3.org/2001/XMLSchema#string>	"Leaf nitrogen content"	"Leaf nitrogen content per dry mass (Nmass)"^^<http://www.w3.org/2001/XMLSchema#string>	0.72	<http://qudt.org/vocab/unit/PERCENT>	"%"^^<http://www.w3.org/2001/XMLSchema#string>
<http://www.wikidata.org/entity/Q17234413>	"Neea obovata"^^<http://www.w3.org/2001/XMLSchema#string>	"Leaf nitrogen content"	"Leaf nitrogen content per dry mass (Nmass)"^^<http://www.w3.org/2001/XMLSchema#string>	0.75	<http://qudt.org/vocab/unit/PERCENT>	"%"^^<http://www.w3.org/2001/XMLSchema#string>
<http://www.wikidata.org/entity/Q17234413>	"Neea obovata"^^<http://www.w3.org/2001/XMLSchema#string>	"Leaf nitrogen content"	"Leaf nitrogen content per dry mass (Nmass)"^^<http://www.w3.org/2001/XMLSchema#string>	0.83	<http://qudt.org/vocab/unit/PERCENT>	"%"^^<http://www.w3.org/2001/XMLSchema#string>
<http://www.wikidata.org/entity/Q17234413>	"Neea obovata"^^<http://www.w3.org/2001/XMLSchema#string>	"Leaf nitrogen content"	"Leaf nitrogen content per dry mass (Nmass)"^^<http://www.w3.org/2001/XMLSchema#string>	0.86	<http://qudt.org/vocab/unit/PERCENT>	"%"^^<http://www.w3.org/2001/XMLSchema#string>
<http://www.wikidata.org/entity/Q17234413>	"Neea obovata"^^<http://www.w3.org/2001/XMLSchema#string>	"Leaf phosphorus content"	"Leaf phosphorus content per dry mass (Pmass)"^^<http://www.w3.org/2001/XMLSchema#string>	0.08	<http://qudt.org/vocab/unit/PERCENT>	"%"^^<http://www.w3.org/2001/XMLSchema#string>
<http://www.wikidata.org/entity/Q17234413>	"Neea obovata"^^<http://www.w3.org/2001/XMLSchema#string>	"Leaf phosphorus content"	"Leaf phosphorus content per dry mass (Pmass)"^^<http://www.w3.org/2001/XMLSchema#string>	0.1	<http://qudt.org/vocab/unit/PERCENT>	"%"^^<http://www.w3.org/2001/XMLSchema#string>
<http://www.wikidata.org/entity/Q17235405>	"Pseudoturritis turrita"^^<http://www.w3.org/2001/XMLSchema#string>	"Leaf nitrogen content"	"Leaf nitrogen content per dry mass (Nmass)"^^<http://www.w3.org/2001/XMLSchema#string>	2.518713	<http://qudt.org/vocab/unit/PERCENT>	"%"^^<http://www.w3.org/2001/XMLSchema#string>
<http://www.wikidata.org/entity/Q17242945>	"Capparidastrum pachaca"^^<http://www.w3.org/2001/XMLSchema#string>	"Leaf nitrogen content"	"Leaf nitrogen content per dry mass (Nmass)"^^<http://www.w3.org/2001/XMLSchema#string>	1.35	<http://qudt.org/vocab/unit/PERCENT>	"%"^^<http://www.w3.org/2001/XMLSchema#string>
<http://www.wikidata.org/entity/Q17244211>	"Guapira noxia"^^<http://www.w3.org/2001/XMLSchema#string>	"Leaf phosphorus content"	"Leaf phosphorus content per dry mass (Pmass)"^^<http://www.w3.org/2001/XMLSchema#string>	0.09285714	<http://qudt.org/vocab/unit/PERCENT>	"%"^^<http://www.w3.org/2001/XMLSchema#string>
<http://www.wikidata.org/entity/Q17248431>	"Cliffortia ruscifolia"^^<http://www.w3.org/2001/XMLSchema#string>	"Leaf nitrogen content"	"Leaf nitrogen content per dry mass (Nmass)"^^<http://www.w3.org/2001/XMLSchema#string>	0.76	<http://qudt.org/vocab/unit/PERCENT>	"%"^^<http://www.w3.org/2001/XMLSchema#string>
<http://www.wikidata.org/entity/Q17249859>	"Vaccinium calycinum"^^<http://www.w3.org/2001/XMLSchema#string>	"Leaf phosphorus content"	"Leaf phosphorus content per dry mass (Pmass)"^^<http://www.w3.org/2001/XMLSchema#string>	0.22	<http://qudt.org/vocab/unit/PERCENT>	"%"^^<http://www.w3.org/2001/XMLSchema#string>
<http://www.wikidata.org/entity/Q17252385>	"Myrsine sandwicensis"^^<http://www.w3.org/2001/XMLSchema#string>	"Leaf nitrogen content"	"Leaf nitrogen content per dry mass (Nmass)"^^<http://www.w3.org/2001/XMLSchema#string>	1.05	<http://qudt.org/vocab/unit/PERCENT>	"%"^^<http://www.w3.org/2001/XMLSchema#string>
<http://www.wikidata.org/entity/Q17256044>	"Pimpinella cretica"^^<http://www.w3.org/2001/XMLSchema#string>	"Specific leaf area"	"SLA: undefined if petiole in- or excluded"^^<http://www.w3.org/2001/XMLSchema#string>	378.5931	<http://qudt.org/vocab/unit/CentiM2-PER-GM>	"SLA cm2/g"^^<http://www.w3.org/2001/XMLSchema#string>
<http://www.wikidata.org/entity/Q17395129>	"Hibbertia bracteata"^^<http://www.w3.org/2001/XMLSchema#string>	"Leaf nitrogen content"	"Leaf nitrogen content per dry mass (Nmass)"^^<http://www.w3.org/2001/XMLSchema#string>	1.040446	<http://qudt.org/vocab/unit/PERCENT>	"%"^^<http://www.w3.org/2001/XMLSchema#string>
<http://www.wikidata.org/entity/Q17395129>	"Hibbertia bracteata"^^<http://www.w3.org/2001/XMLSchema#string>	"Leaf phosphorus content"	"Leaf phosphorus content per dry mass (Pmass)"^^<http://www.w3.org/2001/XMLSchema#string>	0.027	<http://qudt.org/vocab/unit/PERCENT>	"%"^^<http://www.w3.org/2001/XMLSchema#string>
<http://www.wikidata.org/entity/Q17395552>	"Triticum dicoccoides"^^<http://www.w3.org/2001/XMLSchema#string>	"Specific leaf area"	"SLA: undefined if petiole in- or excluded"^^<http://www.w3.org/2001/XMLSchema#string>	197.7857	<http://qudt.org/vocab/unit/CentiM2-PER-GM>	"SLA cm2/g"^^<http://www.w3.org/2001/XMLSchema#string>
<http://www.wikidata.org/entity/Q17396244>	"Tetracera volubilis"^^<http://www.w3.org/2001/XMLSchema#string>	"Leaf phosphorus content"	"Leaf phosphorus content per dry mass (Pmass)"^^<http://www.w3.org/2001/XMLSchema#string>	0.009817791	<http://qudt.org/vocab/unit/PERCENT>	"%"^^<http://www.w3.org/2001/XMLSchema#string>
<http://www.wikidata.org/entity/Q17398515>	"Davilla elliptica"^^<http://www.w3.org/2001/XMLSchema#string>	"Leaf nitrogen content"	"Leaf nitrogen content per dry mass (Nmass)"^^<http://www.w3.org/2001/XMLSchema#string>	0.96	<http://qudt.org/vocab/unit/PERCENT>	"%"^^<http://www.w3.org/2001/XMLSchema#string>
<http://www.wikidata.org/entity/Q17398515>	"Davilla elliptica"^^<http://www.w3.org/2001/XMLSchema#string>	"Leaf nitrogen content"	"Leaf nitrogen content per dry mass (Nmass)"^^<http://www.w3.org/2001/XMLSchema#string>	1.09	<http://qudt.org/vocab/unit/PERCENT>	"%"^^<http://www.w3.org/2001/XMLSchema#string>
<http://www.wikidata.org/entity/Q17398515>	"Davilla elliptica"^^<http://www.w3.org/2001/XMLSchema#string>	"Leaf nitrogen content"	"Leaf nitrogen content per dry mass (Nmass)"^^<http://www.w3.org/2001/XMLSchema#string>	1.32	<http://qudt.org/vocab/unit/PERCENT>	"%"^^<http://www.w3.org/2001/XMLSchema#string>
<http://www.wikidata.org/entity/Q17400717>	"Solanum ferocissimum"^^<http://www.w3.org/2001/XMLSchema#string>	"Leaf phosphorus content"	"Leaf phosphorus content per dry mass (Pmass)"^^<http://www.w3.org/2001/XMLSchema#string>	0.13	<http://qudt.org/vocab/unit/PERCENT>	"%"^^<http://www.w3.org/2001/XMLSchema#string>
<http://www.wikidata.org/entity/Q1741720>	"Semecarpus anacardium"^^<http://www.w3.org/2001/XMLSchema#string>	"Leaf nitrogen content"	"Leaf nitrogen content per dry mass (Nmass)"^^<http://www.w3.org/2001/XMLSchema#string>	1.83	<http://qudt.org/vocab/unit/PERCENT>	"%"^^<http://www.w3.org/2001/XMLSchema#string>
<http://www.wikidata.org/entity/Q17435143>	"Lonicera gracilipes"^^<http://www.w3.org/2001/XMLSchema#string>	"Leaf nitrogen content"	"Leaf nitrogen content per dry mass (Nmass)"^^<http://www.w3.org/2001/XMLSchema#string>	1.95	<http://qudt.org/vocab/unit/PERCENT>	"%"^^<http://www.w3.org/2001/XMLSchema#string>
<http://www.wikidata.org/entity/Q17435143>	"Lonicera gracilipes"^^<http://www.w3.org/2001/XMLSchema#string>	"Specific leaf area"	"SLA: undefined if petiole in- or excluded"^^<http://www.w3.org/2001/XMLSchema#string>	313.9717	<http://qudt.org/vocab/unit/CentiM2-PER-GM>	"SLA cm2/g"^^<http://www.w3.org/2001/XMLSchema#string>
<http://www.wikidata.org/entity/Q1746131>	"Akebia trifoliata"^^<http://www.w3.org/2001/XMLSchema#string>	"Leaf nitrogen content"	"Leaf nitrogen content per dry mass (Nmass)"^^<http://www.w3.org/2001/XMLSchema#string>	1.81	<http://qudt.org/vocab/unit/PERCENT>	"%"^^<http://www.w3.org/2001/XMLSchema#string>
<http://www.wikidata.org/entity/Q17479656>	"Amphiodon effusus"^^<http://www.w3.org/2001/XMLSchema#string>	"Leaf nitrogen content"	"Leaf nitrogen content per dry mass (Nmass)"^^<http://www.w3.org/2001/XMLSchema#string>	3.21	<http://qudt.org/vocab/unit/PERCENT>	"%"^^<http://www.w3.org/2001/XMLSchema#string>
<http://www.wikidata.org/entity/Q17479656>	"Amphiodon effusus"^^<http://www.w3.org/2001/XMLSchema#string>	"Leaf nitrogen content"	"Leaf nitrogen content per dry mass (Nmass)"^^<http://www.w3.org/2001/XMLSchema#string>	2.09	<http://qudt.org/vocab/unit/PERCENT>	"%"^^<http://www.w3.org/2001/XMLSchema#string>
<http://www.wikidata.org/entity/Q17479656>	"Amphiodon effusus"^^<http://www.w3.org/2001/XMLSchema#string>	"Leaf nitrogen content"	"Leaf nitrogen content per dry mass (Nmass)"^^<http://www.w3.org/2001/XMLSchema#string>	2.66	<http://qudt.org/vocab/unit/PERCENT>	"%"^^<http://www.w3.org/2001/XMLSchema#string>
<http://www.wikidata.org/entity/Q17479656>	"Amphiodon effusus"^^<http://www.w3.org/2001/XMLSchema#string>	"Leaf nitrogen content"	"Leaf nitrogen content per dry mass (Nmass)"^^<http://www.w3.org/2001/XMLSchema#string>	3.01	<http://qudt.org/vocab/unit/PERCENT>	"%"^^<http://www.w3.org/2001/XMLSchema#string>
<http://www.wikidata.org/entity/Q17480550>	"Primula acaulis"^^<http://www.w3.org/2001/XMLSchema#string>	"Leaf nitrogen content"	"Leaf nitrogen content per dry mass (Nmass)"^^<http://www.w3.org/2001/XMLSchema#string>	1.263	<http://qudt.org/vocab/unit/PERCENT>	"%"^^<http://www.w3.org/2001/XMLSchema#string>
<http://www.wikidata.org/entity/Q17480550>	"Primula acaulis"^^<http://www.w3.org/2001/XMLSchema#string>	"Leaf nitrogen content"	"Leaf nitrogen content per dry mass (Nmass)"^^<http://www.w3.org/2001/XMLSchema#string>	1.322	<http://qudt.org/vocab/unit/PERCENT>	"%"^^<http://www.w3.org/2001/XMLSchema#string>
<http://www.wikidata.org/entity/Q17484568>	"Saraca indica"^^<http://www.w3.org/2001/XMLSchema#string>	"Leaf nitrogen content"	"Leaf nitrogen content per dry mass (Nmass)"^^<http://www.w3.org/2001/XMLSchema#string>	2.04	<http://qudt.org/vocab/unit/PERCENT>	"%"^^<http://www.w3.org/2001/XMLSchema#string>
<http://www.wikidata.org/entity/Q17556439>	"Ouratea hexasperma"^^<http://www.w3.org/2001/XMLSchema#string>	"Leaf nitrogen content"	"Leaf nitrogen content per dry mass (Nmass)"^^<http://www.w3.org/2001/XMLSchema#string>	1.3552	<http://qudt.org/vocab/unit/PERCENT>	"%"^^<http://www.w3.org/2001/XMLSchema#string>
<http://www.wikidata.org/entity/Q17556439>	"Ouratea hexasperma"^^<http://www.w3.org/2001/XMLSchema#string>	"Leaf nitrogen content"	"Leaf nitrogen content per dry mass (Nmass)"^^<http://www.w3.org/2001/XMLSchema#string>	1.15	<http://qudt.org/vocab/unit/PERCENT>	"%"^^<http://www.w3.org/2001/XMLSchema#string>
<http://www.wikidata.org/entity/Q17556439>	"Ouratea hexasperma"^^<http://www.w3.org/2001/XMLSchema#string>	"Leaf nitrogen content"	"Leaf nitrogen content per dry mass (Nmass)"^^<http://www.w3.org/2001/XMLSchema#string>	1.1011	<http://qudt.org/vocab/unit/PERCENT>	"%"^^<http://www.w3.org/2001/XMLSchema#string>
<http://www.wikidata.org/entity/Q17556439>	"Ouratea hexasperma"^^<http://www.w3.org/2001/XMLSchema#string>	"Leaf phosphorus content"	"Leaf phosphorus content per dry mass (Pmass)"^^<http://www.w3.org/2001/XMLSchema#string>	0.07	<http://qudt.org/vocab/unit/PERCENT>	"%"^^<http://www.w3.org/2001/XMLSchema#string>
<http://www.wikidata.org/entity/Q17556439>	"Ouratea hexasperma"^^<http://www.w3.org/2001/XMLSchema#string>	"Leaf phosphorus content"	"Leaf phosphorus content per dry mass (Pmass)"^^<http://www.w3.org/2001/XMLSchema#string>	0.04285714	<http://qudt.org/vocab/unit/PERCENT>	"%"^^<http://www.w3.org/2001/XMLSchema#string>
<http://www.wikidata.org/entity/Q1757926>	"Manilkara huberi"^^<http://www.w3.org/2001/XMLSchema#string>	"Leaf nitrogen content"	"Leaf nitrogen content per dry mass (Nmass)"^^<http://www.w3.org/2001/XMLSchema#string>	1.57	<http://qudt.org/vocab/unit/PERCENT>	"%"^^<http://www.w3.org/2001/XMLSchema#string>
<http://www.wikidata.org/entity/Q1757926>	"Manilkara huberi"^^<http://www.w3.org/2001/XMLSchema#string>	"Leaf nitrogen content"	"Leaf nitrogen content per dry mass (Nmass)"^^<http://www.w3.org/2001/XMLSchema#string>	1.3	<http://qudt.org/vocab/unit/PERCENT>	"%"^^<http://www.w3.org/2001/XMLSchema#string>
<http://www.wikidata.org/entity/Q1757926>	"Manilkara huberi"^^<http://www.w3.org/2001/XMLSchema#string>	"Leaf nitrogen content"	"Leaf nitrogen content per dry mass (Nmass)"^^<http://www.w3.org/2001/XMLSchema#string>	1.25	<http://qudt.org/vocab/unit/PERCENT>	"%"^^<http://www.w3.org/2001/XMLSchema#string>
<http://www.wikidata.org/entity/Q1757926>	"Manilkara huberi"^^<http://www.w3.org/2001/XMLSchema#string>	"Leaf nitrogen content"	"Leaf nitrogen content per dry mass (Nmass)"^^<http://www.w3.org/2001/XMLSchema#string>	1.21	<http://qudt.org/vocab/unit/PERCENT>	"%"^^<http://www.w3.org/2001/XMLSchema#string>
<http://www.wikidata.org/entity/Q1757926>	"Manilkara huberi"^^<http://www.w3.org/2001/XMLSchema#string>	"Leaf nitrogen content"	"Leaf nitrogen content per dry mass (Nmass)"^^<http://www.w3.org/2001/XMLSchema#string>	0.99	<http://qudt.org/vocab/unit/PERCENT>	"%"^^<http://www.w3.org/2001/XMLSchema#string>
<http://www.wikidata.org/entity/Q1757926>	"Manilkara huberi"^^<http://www.w3.org/2001/XMLSchema#string>	"Leaf nitrogen content"	"Leaf nitrogen content per dry mass (Nmass)"^^<http://www.w3.org/2001/XMLSchema#string>	1.68	<http://qudt.org/vocab/unit/PERCENT>	"%"^^<http://www.w3.org/2001/XMLSchema#string>
<http://www.wikidata.org/entity/Q17581919>	"Passerina truncata"^^<http://www.w3.org/2001/XMLSchema#string>	"Leaf nitrogen content"	"Leaf nitrogen content per dry mass (Nmass)"^^<http://www.w3.org/2001/XMLSchema#string>	0.69	<http://qudt.org/vocab/unit/PERCENT>	"%"^^<http://www.w3.org/2001/XMLSchema#string>
<http://www.wikidata.org/entity/Q17582832>	"Combretum malabaricum"^^<http://www.w3.org/2001/XMLSchema#string>	"Leaf nitrogen content"	"Leaf nitrogen content per dry mass (Nmass)"^^<http://www.w3.org/2001/XMLSchema#string>	2.91	<http://qudt.org/vocab/unit/PERCENT>	"%"^^<http://www.w3.org/2001/XMLSchema#string>
<http://www.wikidata.org/entity/Q17583022>	"Terminalia latipes"^^<http://www.w3.org/2001/XMLSchema#string>	"Leaf phosphorus content"	"Leaf phosphorus content per dry mass (Pmass)"^^<http://www.w3.org/2001/XMLSchema#string>	0.081	<http://qudt.org/vocab/unit/PERCENT>	"%"^^<http://www.w3.org/2001/XMLSchema#string>
<http://www.wikidata.org/entity/Q17583022>	"Terminalia latipes"^^<http://www.w3.org/2001/XMLSchema#string>	"Leaf phosphorus content"	"Leaf phosphorus content per dry mass (Pmass)"^^<http://www.w3.org/2001/XMLSchema#string>	0.09	<http://qudt.org/vocab/unit/PERCENT>	"%"^^<http://www.w3.org/2001/XMLSchema#string>
<http://www.wikidata.org/entity/Q17583077>	"Terminalia canescens"^^<http://www.w3.org/2001/XMLSchema#string>	"Leaf nitrogen content"	"Leaf nitrogen content per dry mass (Nmass)"^^<http://www.w3.org/2001/XMLSchema#string>	0.958	<http://qudt.org/vocab/unit/PERCENT>	"%"^^<http://www.w3.org/2001/XMLSchema#string>
<http://www.wikidata.org/entity/Q17583097>	"Terminalia arostrata"^^<http://www.w3.org/2001/XMLSchema#string>	"Leaf nitrogen content"	"Leaf nitrogen content per dry mass (Nmass)"^^<http://www.w3.org/2001/XMLSchema#string>	1.068	<http://qudt.org/vocab/unit/PERCENT>	"%"^^<http://www.w3.org/2001/XMLSchema#string>
<http://www.wikidata.org/entity/Q17583594>	"Lagerstroemia parviflora"^^<http://www.w3.org/2001/XMLSchema#string>	"Leaf nitrogen content"	"Leaf nitrogen content per dry mass (Nmass)"^^<http://www.w3.org/2001/XMLSchema#string>	1.35	<http://qudt.org/vocab/unit/PERCENT>	"%"^^<http://www.w3.org/2001/XMLSchema#string>
<http://www.wikidata.org/entity/Q17586101>	"Miconia ferruginata"^^<http://www.w3.org/2001/XMLSchema#string>	"Leaf nitrogen content"	"Leaf nitrogen content per dry mass (Nmass)"^^<http://www.w3.org/2001/XMLSchema#string>	1.17	<http://qudt.org/vocab/unit/PERCENT>	"%"^^<http://www.w3.org/2001/XMLSchema#string>
<http://www.wikidata.org/entity/Q17586101>	"Miconia ferruginata"^^<http://www.w3.org/2001/XMLSchema#string>	"Leaf nitrogen content"	"Leaf nitrogen content per dry mass (Nmass)"^^<http://www.w3.org/2001/XMLSchema#string>	1.18	<http://qudt.org/vocab/unit/PERCENT>	"%"^^<http://www.w3.org/2001/XMLSchema#string>
<http://www.wikidata.org/entity/Q17586242>	"Miconia leucocarpa"^^<http://www.w3.org/2001/XMLSchema#string>	"Leaf nitrogen content"	"Leaf nitrogen content per dry mass (Nmass)"^^<http://www.w3.org/2001/XMLSchema#string>	1.11	<http://qudt.org/vocab/unit/PERCENT>	"%"^^<http://www.w3.org/2001/XMLSchema#string>
<http://www.wikidata.org/entity/Q17586242>	"Miconia leucocarpa"^^<http://www.w3.org/2001/XMLSchema#string>	"Leaf phosphorus content"	"Leaf phosphorus content per dry mass (Pmass)"^^<http://www.w3.org/2001/XMLSchema#string>	0.05	<http://qudt.org/vocab/unit/PERCENT>	"%"^^<http://www.w3.org/2001/XMLSchema#string>
<http://www.wikidata.org/entity/Q17587906>	"Mouriri dimorphandra"^^<http://www.w3.org/2001/XMLSchema#string>	"Leaf nitrogen content"	"Leaf nitrogen content per dry mass (Nmass)"^^<http://www.w3.org/2001/XMLSchema#string>	1.49	<http://qudt.org/vocab/unit/PERCENT>	"%"^^<http://www.w3.org/2001/XMLSchema#string>
<http://www.wikidata.org/entity/Q17602590>	"Vochysia elliptica"^^<http://www.w3.org/2001/XMLSchema#string>	"Leaf nitrogen content"	"Leaf nitrogen content per dry mass (Nmass)"^^<http://www.w3.org/2001/XMLSchema#string>	1.21	<http://qudt.org/vocab/unit/PERCENT>	"%"^^<http://www.w3.org/2001/XMLSchema#string>
<http://www.wikidata.org/entity/Q17602590>	"Vochysia elliptica"^^<http://www.w3.org/2001/XMLSchema#string>	"Leaf nitrogen content"	"Leaf nitrogen content per dry mass (Nmass)"^^<http://www.w3.org/2001/XMLSchema#string>	0.84	<http://qudt.org/vocab/unit/PERCENT>	"%"^^<http://www.w3.org/2001/XMLSchema#string>
<http://www.wikidata.org/entity/Q17602590>	"Vochysia elliptica"^^<http://www.w3.org/2001/XMLSchema#string>	"Leaf nitrogen content"	"Leaf nitrogen content per dry mass (Nmass)"^^<http://www.w3.org/2001/XMLSchema#string>	0.8	<http://qudt.org/vocab/unit/PERCENT>	"%"^^<http://www.w3.org/2001/XMLSchema#string>
<http://www.wikidata.org/entity/Q17602590>	"Vochysia elliptica"^^<http://www.w3.org/2001/XMLSchema#string>	"Leaf phosphorus content"	"Leaf phosphorus content per dry mass (Pmass)"^^<http://www.w3.org/2001/XMLSchema#string>	0.052	<http://qudt.org/vocab/unit/PERCENT>	"%"^^<http://www.w3.org/2001/XMLSchema#string>
<http://www.wikidata.org/entity/Q1763350>	"Cistus albidus"^^<http://www.w3.org/2001/XMLSchema#string>	"Leaf nitrogen content"	"Leaf nitrogen content per dry mass (Nmass)"^^<http://www.w3.org/2001/XMLSchema#string>	1.94	<http://qudt.org/vocab/unit/PERCENT>	"%"^^<http://www.w3.org/2001/XMLSchema#string>
<http://www.wikidata.org/entity/Q17715523>	"Pedicularis bracteosa"^^<http://www.w3.org/2001/XMLSchema#string>	"Specific leaf area"	"SLA: undefined if petiole in- or excluded"^^<http://www.w3.org/2001/XMLSchema#string>	120.0	<http://qudt.org/vocab/unit/CentiM2-PER-GM>	"SLA cm2/g"^^<http://www.w3.org/2001/XMLSchema#string>
<http://www.wikidata.org/entity/Q17727413>	"Globularia cambessedesii"^^<http://www.w3.org/2001/XMLSchema#string>	"Leaf nitrogen content"	"Leaf nitrogen content per dry mass (Nmass)"^^<http://www.w3.org/2001/XMLSchema#string>	1.63	<http://qudt.org/vocab/unit/PERCENT>	"%"^^<http://www.w3.org/2001/XMLSchema#string>
<http://www.wikidata.org/entity/Q177932>	"Brassica napus"^^<http://www.w3.org/2001/XMLSchema#string>	"Leaf nitrogen content"	"Leaf nitrogen content per dry mass (Nmass)"^^<http://www.w3.org/2001/XMLSchema#string>	6.388047	<http://qudt.org/vocab/unit/PERCENT>	"mass%"^^<http://www.w3.org/2001/XMLSchema#string>
<http://www.wikidata.org/entity/Q177932>	"Brassica napus"^^<http://www.w3.org/2001/XMLSchema#string>	"Leaf nitrogen content"	"Leaf nitrogen content per dry mass (Nmass)"^^<http://www.w3.org/2001/XMLSchema#string>	5.710095	<http://qudt.org/vocab/unit/PERCENT>	"mass%"^^<http://www.w3.org/2001/XMLSchema#string>
<http://www.wikidata.org/entity/Q177932>	"Brassica napus"^^<http://www.w3.org/2001/XMLSchema#string>	"Leaf nitrogen content"	"Leaf nitrogen content per dry mass (Nmass)"^^<http://www.w3.org/2001/XMLSchema#string>	4.323634	<http://qudt.org/vocab/unit/PERCENT>	"mass%"^^<http://www.w3.org/2001/XMLSchema#string>
<http://www.wikidata.org/entity/Q177932>	"Brassica napus"^^<http://www.w3.org/2001/XMLSchema#string>	"Leaf nitrogen content"	"Leaf nitrogen content per dry mass (Nmass)"^^<http://www.w3.org/2001/XMLSchema#string>	3.571004	<http://qudt.org/vocab/unit/PERCENT>	"mass%"^^<http://www.w3.org/2001/XMLSchema#string>
<http://www.wikidata.org/entity/Q177932>	"Brassica napus"^^<http://www.w3.org/2001/XMLSchema#string>	"Leaf nitrogen content"	"Leaf nitrogen content per dry mass (Nmass)"^^<http://www.w3.org/2001/XMLSchema#string>	2.193162	<http://qudt.org/vocab/unit/PERCENT>	"mass%"^^<http://www.w3.org/2001/XMLSchema#string>
<http://www.wikidata.org/entity/Q177932>	"Brassica napus"^^<http://www.w3.org/2001/XMLSchema#string>	"Leaf nitrogen content"	"Leaf nitrogen content per dry mass (Nmass)"^^<http://www.w3.org/2001/XMLSchema#string>	1.706024	<http://qudt.org/vocab/unit/PERCENT>	"mass%"^^<http://www.w3.org/2001/XMLSchema#string>
<http://www.wikidata.org/entity/Q17834479>	"Vismia lauriformis"^^<http://www.w3.org/2001/XMLSchema#string>	"Leaf nitrogen content"	"Leaf nitrogen content per dry mass (Nmass)"^^<http://www.w3.org/2001/XMLSchema#string>	2.15	<http://qudt.org/vocab/unit/PERCENT>	"%"^^<http://www.w3.org/2001/XMLSchema#string>
<http://www.wikidata.org/entity/Q17834479>	"Vismia lauriformis"^^<http://www.w3.org/2001/XMLSchema#string>	"Leaf nitrogen content"	"Leaf nitrogen content per dry mass (Nmass)"^^<http://www.w3.org/2001/XMLSchema#string>	2.22	<http://qudt.org/vocab/unit/PERCENT>	"%"^^<http://www.w3.org/2001/XMLSchema#string>
<http://www.wikidata.org/entity/Q17834479>	"Vismia lauriformis"^^<http://www.w3.org/2001/XMLSchema#string>	"Leaf nitrogen content"	"Leaf nitrogen content per dry mass (Nmass)"^^<http://www.w3.org/2001/XMLSchema#string>	1.64	<http://qudt.org/vocab/unit/PERCENT>	"%"^^<http://www.w3.org/2001/XMLSchema#string>
<http://www.wikidata.org/entity/Q17834479>	"Vismia lauriformis"^^<http://www.w3.org/2001/XMLSchema#string>	"Leaf nitrogen content"	"Leaf nitrogen content per dry mass (Nmass)"^^<http://www.w3.org/2001/XMLSchema#string>	1.42	<http://qudt.org/vocab/unit/PERCENT>	"%"^^<http://www.w3.org/2001/XMLSchema#string>
<http://www.wikidata.org/entity/Q17834479>	"Vismia lauriformis"^^<http://www.w3.org/2001/XMLSchema#string>	"Leaf phosphorus content"	"Leaf phosphorus content per dry mass (Pmass)"^^<http://www.w3.org/2001/XMLSchema#string>	0.07	<http://qudt.org/vocab/unit/PERCENT>	"%"^^<http://www.w3.org/2001/XMLSchema#string>
<http://www.wikidata.org/entity/Q17847194>	"Vismia japurensis"^^<http://www.w3.org/2001/XMLSchema#string>	"Leaf nitrogen content"	"Leaf nitrogen content per dry mass (Nmass)"^^<http://www.w3.org/2001/XMLSchema#string>	2.04	<http://qudt.org/vocab/unit/PERCENT>	"%"^^<http://www.w3.org/2001/XMLSchema#string>
<http://www.wikidata.org/entity/Q17847194>	"Vismia japurensis"^^<http://www.w3.org/2001/XMLSchema#string>	"Leaf nitrogen content"	"Leaf nitrogen content per dry mass (Nmass)"^^<http://www.w3.org/2001/XMLSchema#string>	2.23	<http://qudt.org/vocab/unit/PERCENT>	"%"^^<http://www.w3.org/2001/XMLSchema#string>
<http://www.wikidata.org/entity/Q17847194>	"Vismia japurensis"^^<http://www.w3.org/2001/XMLSchema#string>	"Leaf nitrogen content"	"Leaf nitrogen content per dry mass (Nmass)"^^<http://www.w3.org/2001/XMLSchema#string>	1.59	<http://qudt.org/vocab/unit/PERCENT>	"%"^^<http://www.w3.org/2001/XMLSchema#string>
<http://www.wikidata.org/entity/Q17847194>	"Vismia japurensis"^^<http://www.w3.org/2001/XMLSchema#string>	"Leaf nitrogen content"	"Leaf nitrogen content per dry mass (Nmass)"^^<http://www.w3.org/2001/XMLSchema#string>	1.56	<http://qudt.org/vocab/unit/PERCENT>	"%"^^<http://www.w3.org/2001/XMLSchema#string>
<http://www.wikidata.org/entity/Q17847194>	"Vismia japurensis"^^<http://www.w3.org/2001/XMLSchema#string>	"Leaf nitrogen content"	"Leaf nitrogen content per dry mass (Nmass)"^^<http://www.w3.org/2001/XMLSchema#string>	1.74	<http://qudt.org/vocab/unit/PERCENT>	"%"^^<http://www.w3.org/2001/XMLSchema#string>
<http://www.wikidata.org/entity/Q17847194>	"Vismia japurensis"^^<http://www.w3.org/2001/XMLSchema#string>	"Leaf phosphorus content"	"Leaf phosphorus content per dry mass (Pmass)"^^<http://www.w3.org/2001/XMLSchema#string>	0.09	<http://qudt.org/vocab/unit/PERCENT>	"%"^^<http://www.w3.org/2001/XMLSchema#string>
<http://www.wikidata.org/entity/Q17847194>	"Vismia japurensis"^^<http://www.w3.org/2001/XMLSchema#string>	"Leaf phosphorus content"	"Leaf phosphorus content per dry mass (Pmass)"^^<http://www.w3.org/2001/XMLSchema#string>	800.0	<http://qudt.org/vocab/unit/PPM>	"ppm"^^<http://www.w3.org/2001/XMLSchema#string>
<http://www.wikidata.org/entity/Q17847194>	"Vismia japurensis"^^<http://www.w3.org/2001/XMLSchema#string>	"Leaf phosphorus content"	"Leaf phosphorus content per dry mass (Pmass)"^^<http://www.w3.org/2001/XMLSchema#string>	800.0	<http://qudt.org/vocab/unit/MicroGM-PER-GM>	"micro g(P)/g(DM)"^^<http://www.w3.org/2001/XMLSchema#string>
<http://www.wikidata.org/entity/Q18077452>	"Aspidosperma parvifolium"^^<http://www.w3.org/2001/XMLSchema#string>	"Specific leaf area"	"SLA: undefined if petiole in- or excluded"^^<http://www.w3.org/2001/XMLSchema#string>	17.54386	<http://qudt.org/vocab/unit/M2-PER-KiloGM>	"m2/kg"^^<http://www.w3.org/2001/XMLSchema#string>
<http://www.wikidata.org/entity/Q18077452>	"Aspidosperma parvifolium"^^<http://www.w3.org/2001/XMLSchema#string>	"Specific leaf area"	"SLA: undefined if petiole in- or excluded"^^<http://www.w3.org/2001/XMLSchema#string>	17.85714	<http://qudt.org/vocab/unit/M2-PER-KiloGM>	"m2/kg"^^<http://www.w3.org/2001/XMLSchema#string>
<http://www.wikidata.org/entity/Q18077452>	"Aspidosperma parvifolium"^^<http://www.w3.org/2001/XMLSchema#string>	"Specific leaf area"	"SLA: undefined if petiole in- or excluded"^^<http://www.w3.org/2001/XMLSchema#string>	23.80952	<http://qudt.org/vocab/unit/M2-PER-KiloGM>	"m2/kg"^^<http://www.w3.org/2001/XMLSchema#string>
<http://www.wikidata.org/entity/Q18077452>	"Aspidosperma parvifolium"^^<http://www.w3.org/2001/XMLSchema#string>	"Specific leaf area"	"SLA: undefined if petiole in- or excluded"^^<http://www.w3.org/2001/XMLSchema#string>	25.0	<http://qudt.org/vocab/unit/M2-PER-KiloGM>	"m2/kg"^^<http://www.w3.org/2001/XMLSchema#string>
<http://www.wikidata.org/entity/Q18077452>	"Aspidosperma parvifolium"^^<http://www.w3.org/2001/XMLSchema#string>	"Specific leaf area"	"SLA: undefined if petiole in- or excluded"^^<http://www.w3.org/2001/XMLSchema#string>	25.64103	<http://qudt.org/vocab/unit/M2-PER-KiloGM>	"m2/kg"^^<http://www.w3.org/2001/XMLSchema#string>
<http://www.wikidata.org/entity/Q18080197>	"Pelargonium senecioides"^^<http://www.w3.org/2001/XMLSchema#string>	"Leaf nitrogen content"	"Leaf nitrogen content per dry mass (Nmass)"^^<http://www.w3.org/2001/XMLSchema#string>	2.47	<http://qudt.org/vocab/unit/PERCENT>	"%"^^<http://www.w3.org/2001/XMLSchema#string>
<http://www.wikidata.org/entity/Q18080444>	"Pelargonium ternatum"^^<http://www.w3.org/2001/XMLSchema#string>	"Leaf nitrogen content"	"Leaf nitrogen content per dry mass (Nmass)"^^<http://www.w3.org/2001/XMLSchema#string>	0.9	<http://qudt.org/vocab/unit/PERCENT>	"%"^^<http://www.w3.org/2001/XMLSchema#string>
<http://www.wikidata.org/entity/Q18080642>	"Pelargonium citronellum"^^<http://www.w3.org/2001/XMLSchema#string>	"Leaf nitrogen content"	"Leaf nitrogen content per dry mass (Nmass)"^^<http://www.w3.org/2001/XMLSchema#string>	1.95	<http://qudt.org/vocab/unit/PERCENT>	"%"^^<http://www.w3.org/2001/XMLSchema#string>
<http://www.wikidata.org/entity/Q18080657>	"Hakea incrassata"^^<http://www.w3.org/2001/XMLSchema#string>	"Leaf nitrogen content"	"Leaf nitrogen content per dry mass (Nmass)"^^<http://www.w3.org/2001/XMLSchema#string>	0.648	<http://qudt.org/vocab/unit/PERCENT>	"%"^^<http://www.w3.org/2001/XMLSchema#string>
<http://www.wikidata.org/entity/Q18080657>	"Hakea incrassata"^^<http://www.w3.org/2001/XMLSchema#string>	"Leaf phosphorus content"	"Leaf phosphorus content per dry mass (Pmass)"^^<http://www.w3.org/2001/XMLSchema#string>	0.019	<http://qudt.org/vocab/unit/PERCENT>	"%"^^<http://www.w3.org/2001/XMLSchema#string>
<http://www.wikidata.org/entity/Q18080691>	"Hakea ruscifolia"^^<http://www.w3.org/2001/XMLSchema#string>	"Leaf nitrogen content"	"Leaf nitrogen content per dry mass (Nmass)"^^<http://www.w3.org/2001/XMLSchema#string>	0.539	<http://qudt.org/vocab/unit/PERCENT>	"%"^^<http://www.w3.org/2001/XMLSchema#string>
<http://www.wikidata.org/entity/Q18080691>	"Hakea ruscifolia"^^<http://www.w3.org/2001/XMLSchema#string>	"Leaf phosphorus content"	"Leaf phosphorus content per dry mass (Pmass)"^^<http://www.w3.org/2001/XMLSchema#string>	0.027	<http://qudt.org/vocab/unit/PERCENT>	"%"^^<http://www.w3.org/2001/XMLSchema#string>
<http://www.wikidata.org/entity/Q18081203>	"Pelargonium pinnatum"^^<http://www.w3.org/2001/XMLSchema#string>	"Leaf nitrogen content"	"Leaf nitrogen content per dry mass (Nmass)"^^<http://www.w3.org/2001/XMLSchema#string>	1.03	<http://qudt.org/vocab/unit/PERCENT>	"%"^^<http://www.w3.org/2001/XMLSchema#string>
<http://www.wikidata.org/entity/Q18081513>	"Hakea obliqua"^^<http://www.w3.org/2001/XMLSchema#string>	"Leaf phosphorus content"	"Leaf phosphorus content per dry mass (Pmass)"^^<http://www.w3.org/2001/XMLSchema#string>	0.015	<http://qudt.org/vocab/unit/PERCENT>	"%"^^<http://www.w3.org/2001/XMLSchema#string>
<http://www.wikidata.org/entity/Q18083120>	"Hakea arborescens"^^<http://www.w3.org/2001/XMLSchema#string>	"Leaf nitrogen content"	"Leaf nitrogen content per dry mass (Nmass)"^^<http://www.w3.org/2001/XMLSchema#string>	0.566	<http://qudt.org/vocab/unit/PERCENT>	"%"^^<http://www.w3.org/2001/XMLSchema#string>
<http://www.wikidata.org/entity/Q18084018>	"Pelargonium rapaceum"^^<http://www.w3.org/2001/XMLSchema#string>	"Leaf nitrogen content"	"Leaf nitrogen content per dry mass (Nmass)"^^<http://www.w3.org/2001/XMLSchema#string>	2.56	<http://qudt.org/vocab/unit/PERCENT>	"%"^^<http://www.w3.org/2001/XMLSchema#string>
<http://www.wikidata.org/entity/Q18119920>	"Terminalia alata"^^<http://www.w3.org/2001/XMLSchema#string>	"Leaf nitrogen content"	"Leaf nitrogen content per dry mass (Nmass)"^^<http://www.w3.org/2001/XMLSchema#string>	1.47	<http://qudt.org/vocab/unit/PERCENT>	"%"^^<http://www.w3.org/2001/XMLSchema#string>
<http://www.wikidata.org/entity/Q1813728>	"Echinacea pallida"^^<http://www.w3.org/2001/XMLSchema#string>	"Leaf nitrogen content"	"Leaf nitrogen content per dry mass (Nmass)"^^<http://www.w3.org/2001/XMLSchema#string>	18.62972	<http://qudt.org/vocab/unit/MilliGM-PER-GM>	"mg/g"^^<http://www.w3.org/2001/XMLSchema#string>
<http://www.wikidata.org/entity/Q1813728>	"Echinacea pallida"^^<http://www.w3.org/2001/XMLSchema#string>	"Specific leaf area"	"SLA: petiole  excluded"^^<http://www.w3.org/2001/XMLSchema#string>	102.65	<http://qudt.org/vocab/unit/CentiM2-PER-GM>	"cm2/g"^^<http://www.w3.org/2001/XMLSchema#string>
<http://www.wikidata.org/entity/Q18182668>	"Turritis glabra"^^<http://www.w3.org/2001/XMLSchema#string>	"Leaf nitrogen content"	"Leaf nitrogen content per dry mass (Nmass)"^^<http://www.w3.org/2001/XMLSchema#string>	40.28324	<http://qudt.org/vocab/unit/MilliGM-PER-GM>	"mg/g"^^<http://www.w3.org/2001/XMLSchema#string>
<http://www.wikidata.org/entity/Q18182668>	"Turritis glabra"^^<http://www.w3.org/2001/XMLSchema#string>	"Specific leaf area"	"SLA: petiole  excluded"^^<http://www.w3.org/2001/XMLSchema#string>	348.61	<http://qudt.org/vocab/unit/CentiM2-PER-GM>	"cm2/g"^^<http://www.w3.org/2001/XMLSchema#string>
<http://www.wikidata.org/entity/Q184300>	"Juniperus oxycedrus"^^<http://www.w3.org/2001/XMLSchema#string>	"Leaf phosphorus content"	"Leaf phosphorus content per dry mass (Pmass)"^^<http://www.w3.org/2001/XMLSchema#string>	0.02	<http://qudt.org/vocab/unit/PERCENT>	"%"^^<http://www.w3.org/2001/XMLSchema#string>
<http://www.wikidata.org/entity/Q1848856>	"Ligustrum vulgare"^^<http://www.w3.org/2001/XMLSchema#string>	"Specific leaf area"	"SLA: undefined if petiole in- or excluded"^^<http://www.w3.org/2001/XMLSchema#string>	99.9	<http://qudt.org/vocab/unit/CentiM2-PER-GM>	"SLA cm2/g"^^<http://www.w3.org/2001/XMLSchema#string>
<http://www.wikidata.org/entity/Q1856114>	"Ixora coccinea"^^<http://www.w3.org/2001/XMLSchema#string>	"Leaf nitrogen content"	"Leaf nitrogen content per dry mass (Nmass)"^^<http://www.w3.org/2001/XMLSchema#string>	1.39	<http://qudt.org/vocab/unit/PERCENT>	"%"^^<http://www.w3.org/2001/XMLSchema#string>
<http://www.wikidata.org/entity/Q1941462>	"Cariniana ianeirensis"^^<http://www.w3.org/2001/XMLSchema#string>	"Leaf nitrogen content"	"Leaf nitrogen content per dry mass (Nmass)"^^<http://www.w3.org/2001/XMLSchema#string>	2.2	<http://qudt.org/vocab/unit/PERCENT>	"%"^^<http://www.w3.org/2001/XMLSchema#string>
<http://www.wikidata.org/entity/Q1944479>	"Tilia mongolica"^^<http://www.w3.org/2001/XMLSchema#string>	"Leaf nitrogen content"	"Leaf nitrogen content per dry mass (Nmass)"^^<http://www.w3.org/2001/XMLSchema#string>	18.5	<http://qudt.org/vocab/unit/MilliGM-PER-GM>	"mg/g"^^<http://www.w3.org/2001/XMLSchema#string>
<http://www.wikidata.org/entity/Q1944479>	"Tilia mongolica"^^<http://www.w3.org/2001/XMLSchema#string>	"Leaf nitrogen content"	"Leaf nitrogen content per dry mass (Nmass)"^^<http://www.w3.org/2001/XMLSchema#string>	1.85	<http://qudt.org/vocab/unit/PERCENT>	"%"^^<http://www.w3.org/2001/XMLSchema#string>
<http://www.wikidata.org/entity/Q1944479>	"Tilia mongolica"^^<http://www.w3.org/2001/XMLSchema#string>	"Leaf phosphorus content"	"Leaf phosphorus content per dry mass (Pmass)"^^<http://www.w3.org/2001/XMLSchema#string>	2.19	<http://qudt.org/vocab/unit/MilliGM-PER-GM>	"mg/g"^^<http://www.w3.org/2001/XMLSchema#string>
<http://www.wikidata.org/entity/Q1950833>	"Lespedeza capitata"^^<http://www.w3.org/2001/XMLSchema#string>	"Leaf nitrogen content"	"Leaf nitrogen content per dry mass (Nmass)"^^<http://www.w3.org/2001/XMLSchema#string>	2.830019	<http://qudt.org/vocab/unit/PERCENT>	"%"^^<http://www.w3.org/2001/XMLSchema#string>
<http://www.wikidata.org/entity/Q1969110>	"Prunus lusitanica"^^<http://www.w3.org/2001/XMLSchema#string>	"Specific leaf area"	"SLA: undefined if petiole in- or excluded"^^<http://www.w3.org/2001/XMLSchema#string>	64.4	<http://qudt.org/vocab/unit/CentiM2-PER-GM>	"SLA cm2/g"^^<http://www.w3.org/2001/XMLSchema#string>
<http://www.wikidata.org/entity/Q1974321>	"Atriplex halimus"^^<http://www.w3.org/2001/XMLSchema#string>	"Leaf nitrogen content"	"Leaf nitrogen content per dry mass (Nmass)"^^<http://www.w3.org/2001/XMLSchema#string>	5.2	<http://qudt.org/vocab/unit/PERCENT>	"%"^^<http://www.w3.org/2001/XMLSchema#string>
<http://www.wikidata.org/entity/Q1983629>	"Terminalia bellirica"^^<http://www.w3.org/2001/XMLSchema#string>	"Leaf nitrogen content"	"Leaf nitrogen content per dry mass (Nmass)"^^<http://www.w3.org/2001/XMLSchema#string>	0.86	<http://qudt.org/vocab/unit/PERCENT>	"%"^^<http://www.w3.org/2001/XMLSchema#string>
<http://www.wikidata.org/entity/Q19848959>	"Solidago sciaphila"^^<http://www.w3.org/2001/XMLSchema#string>	"Leaf nitrogen content"	"Leaf nitrogen content per dry mass (Nmass)"^^<http://www.w3.org/2001/XMLSchema#string>	25.07395	<http://qudt.org/vocab/unit/MilliGM-PER-GM>	"mg/g"^^<http://www.w3.org/2001/XMLSchema#string>
<http://www.wikidata.org/entity/Q19848959>	"Solidago sciaphila"^^<http://www.w3.org/2001/XMLSchema#string>	"Specific leaf area"	"SLA: petiole  excluded"^^<http://www.w3.org/2001/XMLSchema#string>	231.35	<http://qudt.org/vocab/unit/CentiM2-PER-GM>	"cm2/g"^^<http://www.w3.org/2001/XMLSchema#string>
<http://www.wikidata.org/entity/Q1988747>	"Callitris columellaris"^^<http://www.w3.org/2001/XMLSchema#string>	"Leaf phosphorus content"	"Leaf phosphorus content per dry mass (Pmass)"^^<http://www.w3.org/2001/XMLSchema#string>	0.069	<http://qudt.org/vocab/unit/PERCENT>	"%"^^<http://www.w3.org/2001/XMLSchema#string>
<http://www.wikidata.org/entity/Q1988747>	"Callitris columellaris"^^<http://www.w3.org/2001/XMLSchema#string>	"Leaf phosphorus content"	"Leaf phosphorus content per dry mass (Pmass)"^^<http://www.w3.org/2001/XMLSchema#string>	0.087	<http://qudt.org/vocab/unit/PERCENT>	"%"^^<http://www.w3.org/2001/XMLSchema#string>
<http://www.wikidata.org/entity/Q1997222>	"Petasites frigidus"^^<http://www.w3.org/2001/XMLSchema#string>	"Leaf nitrogen content"	"Leaf nitrogen content per dry mass (Nmass)"^^<http://www.w3.org/2001/XMLSchema#string>	34.1	<http://qudt.org/vocab/unit/MilliGM-PER-GM>	"mg g-1"^^<http://www.w3.org/2001/XMLSchema#string>
<http://www.wikidata.org/entity/Q1997222>	"Petasites frigidus"^^<http://www.w3.org/2001/XMLSchema#string>	"Leaf nitrogen content"	"Leaf nitrogen content per dry mass (Nmass)"^^<http://www.w3.org/2001/XMLSchema#string>	32.8	<http://qudt.org/vocab/unit/MilliGM-PER-GM>	"mg g-1"^^<http://www.w3.org/2001/XMLSchema#string>
<http://www.wikidata.org/entity/Q1997222>	"Petasites frigidus"^^<http://www.w3.org/2001/XMLSchema#string>	"Leaf nitrogen content"	"Leaf nitrogen content per dry mass (Nmass)"^^<http://www.w3.org/2001/XMLSchema#string>	32.7	<http://qudt.org/vocab/unit/MilliGM-PER-GM>	"mg g-1"^^<http://www.w3.org/2001/XMLSchema#string>
<http://www.wikidata.org/entity/Q1997222>	"Petasites frigidus"^^<http://www.w3.org/2001/XMLSchema#string>	"Leaf nitrogen content"	"Leaf nitrogen content per dry mass (Nmass)"^^<http://www.w3.org/2001/XMLSchema#string>	27.8	<http://qudt.org/vocab/unit/MilliGM-PER-GM>	"mg g-1"^^<http://www.w3.org/2001/XMLSchema#string>
<http://www.wikidata.org/entity/Q1997222>	"Petasites frigidus"^^<http://www.w3.org/2001/XMLSchema#string>	"Leaf nitrogen content"	"Leaf nitrogen content per dry mass (Nmass)"^^<http://www.w3.org/2001/XMLSchema#string>	27.2	<http://qudt.org/vocab/unit/MilliGM-PER-GM>	"mg g-1"^^<http://www.w3.org/2001/XMLSchema#string>
<http://www.wikidata.org/entity/Q1997222>	"Petasites frigidus"^^<http://www.w3.org/2001/XMLSchema#string>	"Leaf nitrogen content"	"Leaf nitrogen content per dry mass (Nmass)"^^<http://www.w3.org/2001/XMLSchema#string>	25.9	<http://qudt.org/vocab/unit/MilliGM-PER-GM>	"mg g-1"^^<http://www.w3.org/2001/XMLSchema#string>
<http://www.wikidata.org/entity/Q1997222>	"Petasites frigidus"^^<http://www.w3.org/2001/XMLSchema#string>	"Leaf nitrogen content"	"Leaf nitrogen content per dry mass (Nmass)"^^<http://www.w3.org/2001/XMLSchema#string>	1.9	<http://qudt.org/vocab/unit/PERCENT>	"%"^^<http://www.w3.org/2001/XMLSchema#string>
<http://www.wikidata.org/entity/Q1997222>	"Petasites frigidus"^^<http://www.w3.org/2001/XMLSchema#string>	"Specific leaf area"	"SLA: undefined if petiole in- or excluded"^^<http://www.w3.org/2001/XMLSchema#string>	0.01359747	<http://qudt.org/vocab/unit/M2-PER-GM>	"m2/g"^^<http://www.w3.org/2001/XMLSchema#string>
<http://www.wikidata.org/entity/Q1997222>	"Petasites frigidus"^^<http://www.w3.org/2001/XMLSchema#string>	"Specific leaf area"	"SLA: undefined if petiole in- or excluded"^^<http://www.w3.org/2001/XMLSchema#string>	0.01359622	<http://qudt.org/vocab/unit/M2-PER-GM>	"m2/g"^^<http://www.w3.org/2001/XMLSchema#string>
<http://www.wikidata.org/entity/Q1997222>	"Petasites frigidus"^^<http://www.w3.org/2001/XMLSchema#string>	"Specific leaf area"	"SLA: undefined if petiole in- or excluded"^^<http://www.w3.org/2001/XMLSchema#string>	0.01352757	<http://qudt.org/vocab/unit/M2-PER-GM>	"m2/g"^^<http://www.w3.org/2001/XMLSchema#string>
<http://www.wikidata.org/entity/Q1997222>	"Petasites frigidus"^^<http://www.w3.org/2001/XMLSchema#string>	"Specific leaf area"	"SLA: undefined if petiole in- or excluded"^^<http://www.w3.org/2001/XMLSchema#string>	0.01189814	<http://qudt.org/vocab/unit/M2-PER-GM>	"m2/g"^^<http://www.w3.org/2001/XMLSchema#string>
<http://www.wikidata.org/entity/Q1998501>	"Grewia asiatica"^^<http://www.w3.org/2001/XMLSchema#string>	"Leaf nitrogen content"	"Leaf nitrogen content per dry mass (Nmass)"^^<http://www.w3.org/2001/XMLSchema#string>	1.73	<http://qudt.org/vocab/unit/PERCENT>	"%"^^<http://www.w3.org/2001/XMLSchema#string>
<http://www.wikidata.org/entity/Q2001703>	"Hura crepitans"^^<http://www.w3.org/2001/XMLSchema#string>	"Leaf nitrogen content"	"Leaf nitrogen content per dry mass (Nmass)"^^<http://www.w3.org/2001/XMLSchema#string>	3.6	<http://qudt.org/vocab/unit/PERCENT>	"%"^^<http://www.w3.org/2001/XMLSchema#string>
<http://www.wikidata.org/entity/Q2013403>	"Quercus austrina"^^<http://www.w3.org/2001/XMLSchema#string>	"Leaf nitrogen content"	"Leaf nitrogen content per dry mass (Nmass)"^^<http://www.w3.org/2001/XMLSchema#string>	1.94	<http://qudt.org/vocab/unit/PERCENT>	"%"^^<http://www.w3.org/2001/XMLSchema#string>
<http://www.wikidata.org/entity/Q202305>	"Empetrum nigrum"^^<http://www.w3.org/2001/XMLSchema#string>	"Leaf nitrogen content"	"Leaf nitrogen content per dry mass (Nmass)"^^<http://www.w3.org/2001/XMLSchema#string>	1.4	<http://qudt.org/vocab/unit/PERCENT>	"%"^^<http://www.w3.org/2001/XMLSchema#string>
<http://www.wikidata.org/entity/Q202305>	"Empetrum nigrum"^^<http://www.w3.org/2001/XMLSchema#string>	"Leaf nitrogen content"	"Leaf nitrogen content per dry mass (Nmass)"^^<http://www.w3.org/2001/XMLSchema#string>	1.29	<http://qudt.org/vocab/unit/PERCENT>	"%"^^<http://www.w3.org/2001/XMLSchema#string>
<http://www.wikidata.org/entity/Q202305>	"Empetrum nigrum"^^<http://www.w3.org/2001/XMLSchema#string>	"Leaf nitrogen content"	"Leaf nitrogen content per dry mass (Nmass)"^^<http://www.w3.org/2001/XMLSchema#string>	0.93	<http://qudt.org/vocab/unit/PERCENT>	"%"^^<http://www.w3.org/2001/XMLSchema#string>
<http://www.wikidata.org/entity/Q202305>	"Empetrum nigrum"^^<http://www.w3.org/2001/XMLSchema#string>	"Leaf phosphorus content"	"Leaf phosphorus content per dry mass (Pmass)"^^<http://www.w3.org/2001/XMLSchema#string>	0.102	<http://qudt.org/vocab/unit/PERCENT>	"%"^^<http://www.w3.org/2001/XMLSchema#string>
<http://www.wikidata.org/entity/Q202305>	"Empetrum nigrum"^^<http://www.w3.org/2001/XMLSchema#string>	"Leaf phosphorus content"	"Leaf phosphorus content per dry mass (Pmass)"^^<http://www.w3.org/2001/XMLSchema#string>	0.058	<http://qudt.org/vocab/unit/PERCENT>	"%"^^<http://www.w3.org/2001/XMLSchema#string>
<http://www.wikidata.org/entity/Q202305>	"Empetrum nigrum"^^<http://www.w3.org/2001/XMLSchema#string>	"Leaf phosphorus content"	"Leaf phosphorus content per dry mass (Pmass)"^^<http://www.w3.org/2001/XMLSchema#string>	1.1	<http://qudt.org/vocab/unit/MilliGM-PER-GM>	"(mg g-1)"^^<http://www.w3.org/2001/XMLSchema#string>
<http://www.wikidata.org/entity/Q202305>	"Empetrum nigrum"^^<http://www.w3.org/2001/XMLSchema#string>	"Leaf phosphorus content"	"Leaf phosphorus content per dry mass (Pmass)"^^<http://www.w3.org/2001/XMLSchema#string>	0.11	<http://qudt.org/vocab/unit/PERCENT>	"%"^^<http://www.w3.org/2001/XMLSchema#string>
<http://www.wikidata.org/entity/Q202305>	"Empetrum nigrum"^^<http://www.w3.org/2001/XMLSchema#string>	"Leaf phosphorus content"	"Leaf phosphorus content per dry mass (Pmass)"^^<http://www.w3.org/2001/XMLSchema#string>	0.077	<http://qudt.org/vocab/unit/PERCENT>	"%"^^<http://www.w3.org/2001/XMLSchema#string>
<http://www.wikidata.org/entity/Q202305>	"Empetrum nigrum"^^<http://www.w3.org/2001/XMLSchema#string>	"Leaf phosphorus content"	"Leaf phosphorus content per dry mass (Pmass)"^^<http://www.w3.org/2001/XMLSchema#string>	0.115	<http://qudt.org/vocab/unit/PERCENT>	"%"^^<http://www.w3.org/2001/XMLSchema#string>
<http://www.wikidata.org/entity/Q202305>	"Empetrum nigrum"^^<http://www.w3.org/2001/XMLSchema#string>	"Specific leaf area"	"SLA: undefined if petiole in- or excluded"^^<http://www.w3.org/2001/XMLSchema#string>	83.6	<http://qudt.org/vocab/unit/CentiM2-PER-GM>	"SLA cm2/g"^^<http://www.w3.org/2001/XMLSchema#string>
<http://www.wikidata.org/entity/Q2045958>	"Pinus resinosa"^^<http://www.w3.org/2001/XMLSchema#string>	"Leaf nitrogen content"	"Leaf nitrogen content per dry mass (Nmass)"^^<http://www.w3.org/2001/XMLSchema#string>	1.02	<http://qudt.org/vocab/unit/PERCENT>	"%"^^<http://www.w3.org/2001/XMLSchema#string>
<http://www.wikidata.org/entity/Q2045958>	"Pinus resinosa"^^<http://www.w3.org/2001/XMLSchema#string>	"Leaf phosphorus content"	"Leaf phosphorus content per dry mass (Pmass)"^^<http://www.w3.org/2001/XMLSchema#string>	2000.0	<http://qudt.org/vocab/unit/PPM>	"ppm"^^<http://www.w3.org/2001/XMLSchema#string>
<http://www.wikidata.org/entity/Q2045958>	"Pinus resinosa"^^<http://www.w3.org/2001/XMLSchema#string>	"Leaf phosphorus content"	"Leaf phosphorus content per dry mass (Pmass)"^^<http://www.w3.org/2001/XMLSchema#string>	1400.0	<http://qudt.org/vocab/unit/PPM>	"ppm"^^<http://www.w3.org/2001/XMLSchema#string>
<http://www.wikidata.org/entity/Q2062718>	"Cassiope tetragona"^^<http://www.w3.org/2001/XMLSchema#string>	"Leaf nitrogen content"	"Leaf nitrogen content per dry mass (Nmass)"^^<http://www.w3.org/2001/XMLSchema#string>	1.03	<http://qudt.org/vocab/unit/PERCENT>	"%"^^<http://www.w3.org/2001/XMLSchema#string>
<http://www.wikidata.org/entity/Q2062718>	"Cassiope tetragona"^^<http://www.w3.org/2001/XMLSchema#string>	"Leaf nitrogen content"	"Leaf nitrogen content per dry mass (Nmass)"^^<http://www.w3.org/2001/XMLSchema#string>	0.94	<http://qudt.org/vocab/unit/PERCENT>	"%"^^<http://www.w3.org/2001/XMLSchema#string>
<http://www.wikidata.org/entity/Q2062718>	"Cassiope tetragona"^^<http://www.w3.org/2001/XMLSchema#string>	"Leaf nitrogen content"	"Leaf nitrogen content per dry mass (Nmass)"^^<http://www.w3.org/2001/XMLSchema#string>	1.13	<http://qudt.org/vocab/unit/PERCENT>	"%"^^<http://www.w3.org/2001/XMLSchema#string>
<http://www.wikidata.org/entity/Q2062718>	"Cassiope tetragona"^^<http://www.w3.org/2001/XMLSchema#string>	"Leaf nitrogen content"	"Leaf nitrogen content per dry mass (Nmass)"^^<http://www.w3.org/2001/XMLSchema#string>	1.26	<http://qudt.org/vocab/unit/PERCENT>	"%"^^<http://www.w3.org/2001/XMLSchema#string>
<http://www.wikidata.org/entity/Q2062718>	"Cassiope tetragona"^^<http://www.w3.org/2001/XMLSchema#string>	"Leaf nitrogen content"	"Leaf nitrogen content per dry mass (Nmass)"^^<http://www.w3.org/2001/XMLSchema#string>	1.3	<http://qudt.org/vocab/unit/PERCENT>	"%"^^<http://www.w3.org/2001/XMLSchema#string>
<http://www.wikidata.org/entity/Q2062718>	"Cassiope tetragona"^^<http://www.w3.org/2001/XMLSchema#string>	"Leaf nitrogen content"	"Leaf nitrogen content per dry mass (Nmass)"^^<http://www.w3.org/2001/XMLSchema#string>	1.4	<http://qudt.org/vocab/unit/PERCENT>	"%"^^<http://www.w3.org/2001/XMLSchema#string>
<http://www.wikidata.org/entity/Q2062718>	"Cassiope tetragona"^^<http://www.w3.org/2001/XMLSchema#string>	"Leaf phosphorus content"	"Leaf phosphorus content per dry mass (Pmass)"^^<http://www.w3.org/2001/XMLSchema#string>	0.126	<http://qudt.org/vocab/unit/PERCENT>	"%"^^<http://www.w3.org/2001/XMLSchema#string>
<http://www.wikidata.org/entity/Q2062718>	"Cassiope tetragona"^^<http://www.w3.org/2001/XMLSchema#string>	"Specific leaf area"	"SLA: undefined if petiole in- or excluded"^^<http://www.w3.org/2001/XMLSchema#string>	73.5374	<http://qudt.org/vocab/unit/CentiM2-PER-GM>	"SLA cm2/g"^^<http://www.w3.org/2001/XMLSchema#string>
<http://www.wikidata.org/entity/Q2064969>	"Sophora chrysophylla"^^<http://www.w3.org/2001/XMLSchema#string>	"Leaf phosphorus content"	"Leaf phosphorus content per dry mass (Pmass)"^^<http://www.w3.org/2001/XMLSchema#string>	0.15	<http://qudt.org/vocab/unit/PERCENT>	"%"^^<http://www.w3.org/2001/XMLSchema#string>
<http://www.wikidata.org/entity/Q2067403>	"Streptopus amplexifolius"^^<http://www.w3.org/2001/XMLSchema#string>	"Specific leaf area"	"SLA: undefined if petiole in- or excluded"^^<http://www.w3.org/2001/XMLSchema#string>	0.0012	<http://qudt.org/vocab/unit/GM-PER-CentiM2>	"g/cm2"^^<http://www.w3.org/2001/XMLSchema#string>
<http://www.wikidata.org/entity/Q207081>	"Ziziphus mucronata"^^<http://www.w3.org/2001/XMLSchema#string>	"Leaf nitrogen content"	"Leaf nitrogen content per dry mass (Nmass)"^^<http://www.w3.org/2001/XMLSchema#string>	2.79	<http://qudt.org/vocab/unit/PERCENT>	"%"^^<http://www.w3.org/2001/XMLSchema#string>
<http://www.wikidata.org/entity/Q20720096>	"Alnus alnobetula"^^<http://www.w3.org/2001/XMLSchema#string>	"Leaf nitrogen content"	"Leaf nitrogen content per dry mass (Nmass)"^^<http://www.w3.org/2001/XMLSchema#string>	2.48	<http://qudt.org/vocab/unit/PERCENT>	"%"^^<http://www.w3.org/2001/XMLSchema#string>
<http://www.wikidata.org/entity/Q2072449>	"Persoonia linearis"^^<http://www.w3.org/2001/XMLSchema#string>	"Leaf phosphorus content"	"Leaf phosphorus content per dry mass (Pmass)"^^<http://www.w3.org/2001/XMLSchema#string>	0.05	<http://qudt.org/vocab/unit/PERCENT>	"%"^^<http://www.w3.org/2001/XMLSchema#string>
<http://www.wikidata.org/entity/Q2074094>	"Amorpha canescens"^^<http://www.w3.org/2001/XMLSchema#string>	"Leaf nitrogen content"	"Leaf nitrogen content per dry mass (Nmass)"^^<http://www.w3.org/2001/XMLSchema#string>	2.377758	<http://qudt.org/vocab/unit/PERCENT>	"%"^^<http://www.w3.org/2001/XMLSchema#string>
<http://www.wikidata.org/entity/Q2078064>	"Lonicera canadensis"^^<http://www.w3.org/2001/XMLSchema#string>	"Specific leaf area"	"SLA: undefined if petiole in- or excluded"^^<http://www.w3.org/2001/XMLSchema#string>	0.0024	<http://qudt.org/vocab/unit/GM-PER-CentiM2>	"g/cm2"^^<http://www.w3.org/2001/XMLSchema#string>
<http://www.wikidata.org/entity/Q2081166>	"Vaccinium reticulatum"^^<http://www.w3.org/2001/XMLSchema#string>	"Leaf nitrogen content"	"Leaf nitrogen content per dry mass (Nmass)"^^<http://www.w3.org/2001/XMLSchema#string>	0.89	<http://qudt.org/vocab/unit/PERCENT>	"%"^^<http://www.w3.org/2001/XMLSchema#string>
<http://www.wikidata.org/entity/Q2088434>	"Mimusops elengi"^^<http://www.w3.org/2001/XMLSchema#string>	"Leaf nitrogen content"	"Leaf nitrogen content per dry mass (Nmass)"^^<http://www.w3.org/2001/XMLSchema#string>	1.67	<http://qudt.org/vocab/unit/PERCENT>	"%"^^<http://www.w3.org/2001/XMLSchema#string>
<http://www.wikidata.org/entity/Q211457>	"Pinus halepensis"^^<http://www.w3.org/2001/XMLSchema#string>	"Leaf nitrogen content"	"Leaf nitrogen content per dry mass (Nmass)"^^<http://www.w3.org/2001/XMLSchema#string>	1.3	<http://qudt.org/vocab/unit/PERCENT>	"%"^^<http://www.w3.org/2001/XMLSchema#string>
<http://www.wikidata.org/entity/Q21187>	"Drosera rotundifolia"^^<http://www.w3.org/2001/XMLSchema#string>	"Specific leaf area"	"SLA: undefined if petiole in- or excluded"^^<http://www.w3.org/2001/XMLSchema#string>	397.2177	<http://qudt.org/vocab/unit/CentiM2-PER-GM>	"SLA cm2/g"^^<http://www.w3.org/2001/XMLSchema#string>
<http://www.wikidata.org/entity/Q21253432>	"Deguelia amazonica"^^<http://www.w3.org/2001/XMLSchema#string>	"Leaf nitrogen content"	"Leaf nitrogen content per dry mass (Nmass)"^^<http://www.w3.org/2001/XMLSchema#string>	2.78	<http://qudt.org/vocab/unit/PERCENT>	"%"^^<http://www.w3.org/2001/XMLSchema#string>
<http://www.wikidata.org/entity/Q21326051>	"Malva multiflora"^^<http://www.w3.org/2001/XMLSchema#string>	"Leaf nitrogen content"	"Leaf nitrogen content per dry mass (Nmass)"^^<http://www.w3.org/2001/XMLSchema#string>	5.04	<http://qudt.org/vocab/unit/PERCENT>	"%"^^<http://www.w3.org/2001/XMLSchema#string>
<http://www.wikidata.org/entity/Q213356>	"Ranunculus repens"^^<http://www.w3.org/2001/XMLSchema#string>	"Leaf nitrogen content"	"Leaf nitrogen content per dry mass (Nmass)"^^<http://www.w3.org/2001/XMLSchema#string>	24.7	<http://qudt.org/vocab/unit/MilliGM-PER-GM>	"(mg g-1)"^^<http://www.w3.org/2001/XMLSchema#string>
<http://www.wikidata.org/entity/Q213356>	"Ranunculus repens"^^<http://www.w3.org/2001/XMLSchema#string>	"Leaf nitrogen content"	"Leaf nitrogen content per dry mass (Nmass)"^^<http://www.w3.org/2001/XMLSchema#string>	2.47	<http://qudt.org/vocab/unit/PERCENT>	"%"^^<http://www.w3.org/2001/XMLSchema#string>
<http://www.wikidata.org/entity/Q213356>	"Ranunculus repens"^^<http://www.w3.org/2001/XMLSchema#string>	"Specific leaf area"	"SLA: undefined if petiole in- or excluded"^^<http://www.w3.org/2001/XMLSchema#string>	237.0	<http://qudt.org/vocab/unit/CentiM2-PER-GM>	"SLA cm2/g"^^<http://www.w3.org/2001/XMLSchema#string>
<http://www.wikidata.org/entity/Q213548>	"Pteridium aquilinum"^^<http://www.w3.org/2001/XMLSchema#string>	"Leaf nitrogen content"	"Leaf nitrogen content per dry mass (Nmass)"^^<http://www.w3.org/2001/XMLSchema#string>	2.15	<http://qudt.org/vocab/unit/PERCENT>	"%"^^<http://www.w3.org/2001/XMLSchema#string>
<http://www.wikidata.org/entity/Q213548>	"Pteridium aquilinum"^^<http://www.w3.org/2001/XMLSchema#string>	"Leaf nitrogen content"	"Leaf nitrogen content per dry mass (Nmass)"^^<http://www.w3.org/2001/XMLSchema#string>	23.1	<http://qudt.org/vocab/unit/MilliGM-PER-GM>	"(mg g-1)"^^<http://www.w3.org/2001/XMLSchema#string>
<http://www.wikidata.org/entity/Q213548>	"Pteridium aquilinum"^^<http://www.w3.org/2001/XMLSchema#string>	"Leaf nitrogen content"	"Leaf nitrogen content per dry mass (Nmass)"^^<http://www.w3.org/2001/XMLSchema#string>	2.44	<http://qudt.org/vocab/unit/PERCENT>	"%"^^<http://www.w3.org/2001/XMLSchema#string>
<http://www.wikidata.org/entity/Q213548>	"Pteridium aquilinum"^^<http://www.w3.org/2001/XMLSchema#string>	"Specific leaf area"	"SLA: undefined if petiole in- or excluded"^^<http://www.w3.org/2001/XMLSchema#string>	111.0	<http://qudt.org/vocab/unit/CentiM2-PER-GM>	"SLA cm2/g"^^<http://www.w3.org/2001/XMLSchema#string>
<http://www.wikidata.org/entity/Q2143225>	"Woodfordia fruticosa"^^<http://www.w3.org/2001/XMLSchema#string>	"Leaf nitrogen content"	"Leaf nitrogen content per dry mass (Nmass)"^^<http://www.w3.org/2001/XMLSchema#string>	1.33	<http://qudt.org/vocab/unit/PERCENT>	"%"^^<http://www.w3.org/2001/XMLSchema#string>
<http://www.wikidata.org/entity/Q214542>	"Crescentia cujete"^^<http://www.w3.org/2001/XMLSchema#string>	"Leaf nitrogen content"	"Leaf nitrogen content per dry mass (Nmass)"^^<http://www.w3.org/2001/XMLSchema#string>	2.0	<http://qudt.org/vocab/unit/PERCENT>	"%"^^<http://www.w3.org/2001/XMLSchema#string>
<http://www.wikidata.org/entity/Q214733>	"Acer saccharum"^^<http://www.w3.org/2001/XMLSchema#string>	"Leaf nitrogen content"	"Leaf nitrogen content per dry mass (Nmass)"^^<http://www.w3.org/2001/XMLSchema#string>	1.99	<http://qudt.org/vocab/unit/PERCENT>	"%"^^<http://www.w3.org/2001/XMLSchema#string>
<http://www.wikidata.org/entity/Q214733>	"Acer saccharum"^^<http://www.w3.org/2001/XMLSchema#string>	"Leaf nitrogen content"	"Leaf nitrogen content per dry mass (Nmass)"^^<http://www.w3.org/2001/XMLSchema#string>	2.05	<http://qudt.org/vocab/unit/PERCENT>	"%"^^<http://www.w3.org/2001/XMLSchema#string>
<http://www.wikidata.org/entity/Q214733>	"Acer saccharum"^^<http://www.w3.org/2001/XMLSchema#string>	"Leaf nitrogen content"	"Leaf nitrogen content per dry mass (Nmass)"^^<http://www.w3.org/2001/XMLSchema#string>	2.448	<http://qudt.org/vocab/unit/PERCENT>	"%"^^<http://www.w3.org/2001/XMLSchema#string>
<http://www.wikidata.org/entity/Q214733>	"Acer saccharum"^^<http://www.w3.org/2001/XMLSchema#string>	"Leaf nitrogen content"	"Leaf nitrogen content per dry mass (Nmass)"^^<http://www.w3.org/2001/XMLSchema#string>	2.408	<http://qudt.org/vocab/unit/PERCENT>	"%"^^<http://www.w3.org/2001/XMLSchema#string>
<http://www.wikidata.org/entity/Q214733>	"Acer saccharum"^^<http://www.w3.org/2001/XMLSchema#string>	"Leaf nitrogen content"	"Leaf nitrogen content per dry mass (Nmass)"^^<http://www.w3.org/2001/XMLSchema#string>	2.13	<http://qudt.org/vocab/unit/PERCENT>	"%"^^<http://www.w3.org/2001/XMLSchema#string>
<http://www.wikidata.org/entity/Q214733>	"Acer saccharum"^^<http://www.w3.org/2001/XMLSchema#string>	"Leaf nitrogen content"	"Leaf nitrogen content per dry mass (Nmass)"^^<http://www.w3.org/2001/XMLSchema#string>	2.18	<http://qudt.org/vocab/unit/PERCENT>	"%"^^<http://www.w3.org/2001/XMLSchema#string>
<http://www.wikidata.org/entity/Q214733>	"Acer saccharum"^^<http://www.w3.org/2001/XMLSchema#string>	"Leaf nitrogen content"	"Leaf nitrogen content per dry mass (Nmass)"^^<http://www.w3.org/2001/XMLSchema#string>	24.08	<http://qudt.org/vocab/unit/MilliGM-PER-GM>	"mg/g dry mass"^^<http://www.w3.org/2001/XMLSchema#string>
<http://www.wikidata.org/entity/Q214733>	"Acer saccharum"^^<http://www.w3.org/2001/XMLSchema#string>	"Leaf nitrogen content"	"Leaf nitrogen content per dry mass (Nmass)"^^<http://www.w3.org/2001/XMLSchema#string>	1.9	<http://qudt.org/vocab/unit/PERCENT>	"%"^^<http://www.w3.org/2001/XMLSchema#string>
<http://www.wikidata.org/entity/Q214733>	"Acer saccharum"^^<http://www.w3.org/2001/XMLSchema#string>	"Leaf nitrogen content"	"Leaf nitrogen content per dry mass (Nmass)"^^<http://www.w3.org/2001/XMLSchema#string>	24.48	<http://qudt.org/vocab/unit/MilliGM-PER-GM>	"mg/g dry mass"^^<http://www.w3.org/2001/XMLSchema#string>
<http://www.wikidata.org/entity/Q214733>	"Acer saccharum"^^<http://www.w3.org/2001/XMLSchema#string>	"Leaf nitrogen content"	"Leaf nitrogen content per dry mass (Nmass)"^^<http://www.w3.org/2001/XMLSchema#string>	0.89	<http://qudt.org/vocab/unit/PERCENT>	"%"^^<http://www.w3.org/2001/XMLSchema#string>
<http://www.wikidata.org/entity/Q214733>	"Acer saccharum"^^<http://www.w3.org/2001/XMLSchema#string>	"Leaf nitrogen content"	"Leaf nitrogen content per dry mass (Nmass)"^^<http://www.w3.org/2001/XMLSchema#string>	1.61	<http://qudt.org/vocab/unit/PERCENT>	"%"^^<http://www.w3.org/2001/XMLSchema#string>
<http://www.wikidata.org/entity/Q214733>	"Acer saccharum"^^<http://www.w3.org/2001/XMLSchema#string>	"Leaf nitrogen content"	"Leaf nitrogen content per dry mass (Nmass)"^^<http://www.w3.org/2001/XMLSchema#string>	1.62	<http://qudt.org/vocab/unit/PERCENT>	"%"^^<http://www.w3.org/2001/XMLSchema#string>
<http://www.wikidata.org/entity/Q214733>	"Acer saccharum"^^<http://www.w3.org/2001/XMLSchema#string>	"Leaf nitrogen content"	"Leaf nitrogen content per dry mass (Nmass)"^^<http://www.w3.org/2001/XMLSchema#string>	1.79	<http://qudt.org/vocab/unit/PERCENT>	"%"^^<http://www.w3.org/2001/XMLSchema#string>
<http://www.wikidata.org/entity/Q214733>	"Acer saccharum"^^<http://www.w3.org/2001/XMLSchema#string>	"Leaf nitrogen content"	"Leaf nitrogen content per dry mass (Nmass)"^^<http://www.w3.org/2001/XMLSchema#string>	1.893333	<http://qudt.org/vocab/unit/PERCENT>	"%"^^<http://www.w3.org/2001/XMLSchema#string>
<http://www.wikidata.org/entity/Q214733>	"Acer saccharum"^^<http://www.w3.org/2001/XMLSchema#string>	"Leaf phosphorus content"	"Leaf phosphorus content per dry mass (Pmass)"^^<http://www.w3.org/2001/XMLSchema#string>	1300.0	<http://qudt.org/vocab/unit/PPM>	"ppm"^^<http://www.w3.org/2001/XMLSchema#string>
<http://www.wikidata.org/entity/Q214733>	"Acer saccharum"^^<http://www.w3.org/2001/XMLSchema#string>	"Leaf phosphorus content"	"Leaf phosphorus content per dry mass (Pmass)"^^<http://www.w3.org/2001/XMLSchema#string>	1400.0	<http://qudt.org/vocab/unit/PPM>	"ppm"^^<http://www.w3.org/2001/XMLSchema#string>
<http://www.wikidata.org/entity/Q214733>	"Acer saccharum"^^<http://www.w3.org/2001/XMLSchema#string>	"Leaf phosphorus content"	"Leaf phosphorus content per dry mass (Pmass)"^^<http://www.w3.org/2001/XMLSchema#string>	1500.0	<http://qudt.org/vocab/unit/PPM>	"ppm"^^<http://www.w3.org/2001/XMLSchema#string>
<http://www.wikidata.org/entity/Q2162397>	"Trientalis borealis"^^<http://www.w3.org/2001/XMLSchema#string>	"Specific leaf area"	"SLA: undefined if petiole in- or excluded"^^<http://www.w3.org/2001/XMLSchema#string>	0.0015	<http://qudt.org/vocab/unit/GM-PER-CentiM2>	"g/cm2"^^<http://www.w3.org/2001/XMLSchema#string>
<http://www.wikidata.org/entity/Q218155>	"Quercus ilex"^^<http://www.w3.org/2001/XMLSchema#string>	"Leaf nitrogen content"	"Leaf nitrogen content per dry mass (Nmass)"^^<http://www.w3.org/2001/XMLSchema#string>	1.17	<http://qudt.org/vocab/unit/PERCENT>	"%"^^<http://www.w3.org/2001/XMLSchema#string>
<http://www.wikidata.org/entity/Q218155>	"Quercus ilex"^^<http://www.w3.org/2001/XMLSchema#string>	"Leaf nitrogen content"	"Leaf nitrogen content per dry mass (Nmass)"^^<http://www.w3.org/2001/XMLSchema#string>	1.23	<http://qudt.org/vocab/unit/PERCENT>	"%"^^<http://www.w3.org/2001/XMLSchema#string>
<http://www.wikidata.org/entity/Q218155>	"Quercus ilex"^^<http://www.w3.org/2001/XMLSchema#string>	"Leaf nitrogen content"	"Leaf nitrogen content per dry mass (Nmass)"^^<http://www.w3.org/2001/XMLSchema#string>	1.39	<http://qudt.org/vocab/unit/PERCENT>	"%"^^<http://www.w3.org/2001/XMLSchema#string>
<http://www.wikidata.org/entity/Q218155>	"Quercus ilex"^^<http://www.w3.org/2001/XMLSchema#string>	"Leaf nitrogen content"	"Leaf nitrogen content per dry mass (Nmass)"^^<http://www.w3.org/2001/XMLSchema#string>	1.57	<http://qudt.org/vocab/unit/PERCENT>	"%"^^<http://www.w3.org/2001/XMLSchema#string>
<http://www.wikidata.org/entity/Q218155>	"Quercus ilex"^^<http://www.w3.org/2001/XMLSchema#string>	"Leaf phosphorus content"	"Leaf phosphorus content per dry mass (Pmass)"^^<http://www.w3.org/2001/XMLSchema#string>	1000.0	<http://qudt.org/vocab/unit/PPM>	"ppm"^^<http://www.w3.org/2001/XMLSchema#string>
<http://www.wikidata.org/entity/Q218155>	"Quercus ilex"^^<http://www.w3.org/2001/XMLSchema#string>	"Specific leaf area"	"SLA: undefined if petiole in- or excluded"^^<http://www.w3.org/2001/XMLSchema#string>	73.0	<http://qudt.org/vocab/unit/CentiM2-PER-GM>	"SLA cm2/g"^^<http://www.w3.org/2001/XMLSchema#string>
<http://www.wikidata.org/entity/Q218155>	"Quercus ilex"^^<http://www.w3.org/2001/XMLSchema#string>	"Specific leaf area"	"SLA: undefined if petiole in- or excluded"^^<http://www.w3.org/2001/XMLSchema#string>	90.5	<http://qudt.org/vocab/unit/CentiM2-PER-GM>	"SLA cm2/g"^^<http://www.w3.org/2001/XMLSchema#string>
<http://www.wikidata.org/entity/Q218155>	"Quercus ilex"^^<http://www.w3.org/2001/XMLSchema#string>	"Specific leaf area"	"SLA: undefined if petiole in- or excluded"^^<http://www.w3.org/2001/XMLSchema#string>	90.1	<http://qudt.org/vocab/unit/CentiM2-PER-GM>	"SLA cm2/g"^^<http://www.w3.org/2001/XMLSchema#string>
<http://www.wikidata.org/entity/Q218155>	"Quercus ilex"^^<http://www.w3.org/2001/XMLSchema#string>	"Specific leaf area"	"SLA: undefined if petiole in- or excluded"^^<http://www.w3.org/2001/XMLSchema#string>	80.6	<http://qudt.org/vocab/unit/CentiM2-PER-GM>	"SLA cm2/g"^^<http://www.w3.org/2001/XMLSchema#string>
<http://www.wikidata.org/entity/Q218155>	"Quercus ilex"^^<http://www.w3.org/2001/XMLSchema#string>	"Specific leaf area"	"SLA: undefined if petiole in- or excluded"^^<http://www.w3.org/2001/XMLSchema#string>	76.8	<http://qudt.org/vocab/unit/CentiM2-PER-GM>	"SLA cm2/g"^^<http://www.w3.org/2001/XMLSchema#string>
<http://www.wikidata.org/entity/Q218155>	"Quercus ilex"^^<http://www.w3.org/2001/XMLSchema#string>	"Specific leaf area"	"SLA: undefined if petiole in- or excluded"^^<http://www.w3.org/2001/XMLSchema#string>	75.2	<http://qudt.org/vocab/unit/CentiM2-PER-GM>	"SLA cm2/g"^^<http://www.w3.org/2001/XMLSchema#string>
<http://www.wikidata.org/entity/Q218155>	"Quercus ilex"^^<http://www.w3.org/2001/XMLSchema#string>	"Specific leaf area"	"SLA: undefined if petiole in- or excluded"^^<http://www.w3.org/2001/XMLSchema#string>	75.0	<http://qudt.org/vocab/unit/CentiM2-PER-GM>	"SLA cm2/g"^^<http://www.w3.org/2001/XMLSchema#string>
<http://www.wikidata.org/entity/Q218155>	"Quercus ilex"^^<http://www.w3.org/2001/XMLSchema#string>	"Specific leaf area"	"SLA: undefined if petiole in- or excluded"^^<http://www.w3.org/2001/XMLSchema#string>	73.1	<http://qudt.org/vocab/unit/CentiM2-PER-GM>	"SLA cm2/g"^^<http://www.w3.org/2001/XMLSchema#string>
<http://www.wikidata.org/entity/Q218155>	"Quercus ilex"^^<http://www.w3.org/2001/XMLSchema#string>	"Specific leaf area"	"SLA: undefined if petiole in- or excluded"^^<http://www.w3.org/2001/XMLSchema#string>	66.7	<http://qudt.org/vocab/unit/CentiM2-PER-GM>	"SLA cm2/g"^^<http://www.w3.org/2001/XMLSchema#string>
<http://www.wikidata.org/entity/Q218417>	"Betula glandulosa"^^<http://www.w3.org/2001/XMLSchema#string>	"Leaf nitrogen content"	"Leaf nitrogen content per dry mass (Nmass)"^^<http://www.w3.org/2001/XMLSchema#string>	2.38	<http://qudt.org/vocab/unit/PERCENT>	"%"^^<http://www.w3.org/2001/XMLSchema#string>
<http://www.wikidata.org/entity/Q218425>	"Picea mariana"^^<http://www.w3.org/2001/XMLSchema#string>	"Leaf nitrogen content"	"Leaf nitrogen content per dry mass (Nmass)"^^<http://www.w3.org/2001/XMLSchema#string>	0.98	<http://qudt.org/vocab/unit/PERCENT>	"%"^^<http://www.w3.org/2001/XMLSchema#string>
<http://www.wikidata.org/entity/Q218425>	"Picea mariana"^^<http://www.w3.org/2001/XMLSchema#string>	"Leaf nitrogen content"	"Leaf nitrogen content per dry mass (Nmass)"^^<http://www.w3.org/2001/XMLSchema#string>	0.59	<http://qudt.org/vocab/unit/PERCENT>	"%"^^<http://www.w3.org/2001/XMLSchema#string>
<http://www.wikidata.org/entity/Q218425>	"Picea mariana"^^<http://www.w3.org/2001/XMLSchema#string>	"Leaf nitrogen content"	"Leaf nitrogen content per dry mass (Nmass)"^^<http://www.w3.org/2001/XMLSchema#string>	0.7	<http://qudt.org/vocab/unit/PERCENT>	"%"^^<http://www.w3.org/2001/XMLSchema#string>
<http://www.wikidata.org/entity/Q218425>	"Picea mariana"^^<http://www.w3.org/2001/XMLSchema#string>	"Leaf nitrogen content"	"Leaf nitrogen content per dry mass (Nmass)"^^<http://www.w3.org/2001/XMLSchema#string>	0.71	<http://qudt.org/vocab/unit/PERCENT>	"%"^^<http://www.w3.org/2001/XMLSchema#string>
<http://www.wikidata.org/entity/Q218425>	"Picea mariana"^^<http://www.w3.org/2001/XMLSchema#string>	"Leaf nitrogen content"	"Leaf nitrogen content per dry mass (Nmass)"^^<http://www.w3.org/2001/XMLSchema#string>	0.85	<http://qudt.org/vocab/unit/PERCENT>	"%"^^<http://www.w3.org/2001/XMLSchema#string>
<http://www.wikidata.org/entity/Q218425>	"Picea mariana"^^<http://www.w3.org/2001/XMLSchema#string>	"Leaf nitrogen content"	"Leaf nitrogen content per dry mass (Nmass)"^^<http://www.w3.org/2001/XMLSchema#string>	0.78	<http://qudt.org/vocab/unit/PERCENT>	"%"^^<http://www.w3.org/2001/XMLSchema#string>
<http://www.wikidata.org/entity/Q218425>	"Picea mariana"^^<http://www.w3.org/2001/XMLSchema#string>	"Leaf phosphorus content"	"Leaf phosphorus content per dry mass (Pmass)"^^<http://www.w3.org/2001/XMLSchema#string>	0.124	<http://qudt.org/vocab/unit/PERCENT>	"percent"^^<http://www.w3.org/2001/XMLSchema#string>
<http://www.wikidata.org/entity/Q218425>	"Picea mariana"^^<http://www.w3.org/2001/XMLSchema#string>	"Leaf phosphorus content"	"Leaf phosphorus content per dry mass (Pmass)"^^<http://www.w3.org/2001/XMLSchema#string>	0.077	<http://qudt.org/vocab/unit/PERCENT>	"percent"^^<http://www.w3.org/2001/XMLSchema#string>
<http://www.wikidata.org/entity/Q218425>	"Picea mariana"^^<http://www.w3.org/2001/XMLSchema#string>	"Leaf phosphorus content"	"Leaf phosphorus content per dry mass (Pmass)"^^<http://www.w3.org/2001/XMLSchema#string>	0.122	<http://qudt.org/vocab/unit/PERCENT>	"percent"^^<http://www.w3.org/2001/XMLSchema#string>
<http://www.wikidata.org/entity/Q218425>	"Picea mariana"^^<http://www.w3.org/2001/XMLSchema#string>	"Leaf phosphorus content"	"Leaf phosphorus content per dry mass (Pmass)"^^<http://www.w3.org/2001/XMLSchema#string>	0.118	<http://qudt.org/vocab/unit/PERCENT>	"percent"^^<http://www.w3.org/2001/XMLSchema#string>
<http://www.wikidata.org/entity/Q218425>	"Picea mariana"^^<http://www.w3.org/2001/XMLSchema#string>	"Leaf phosphorus content"	"Leaf phosphorus content per dry mass (Pmass)"^^<http://www.w3.org/2001/XMLSchema#string>	0.114	<http://qudt.org/vocab/unit/PERCENT>	"percent"^^<http://www.w3.org/2001/XMLSchema#string>
<http://www.wikidata.org/entity/Q218425>	"Picea mariana"^^<http://www.w3.org/2001/XMLSchema#string>	"Leaf phosphorus content"	"Leaf phosphorus content per dry mass (Pmass)"^^<http://www.w3.org/2001/XMLSchema#string>	0.111	<http://qudt.org/vocab/unit/PERCENT>	"percent"^^<http://www.w3.org/2001/XMLSchema#string>
<http://www.wikidata.org/entity/Q218425>	"Picea mariana"^^<http://www.w3.org/2001/XMLSchema#string>	"Leaf phosphorus content"	"Leaf phosphorus content per dry mass (Pmass)"^^<http://www.w3.org/2001/XMLSchema#string>	0.108	<http://qudt.org/vocab/unit/PERCENT>	"percent"^^<http://www.w3.org/2001/XMLSchema#string>
<http://www.wikidata.org/entity/Q218425>	"Picea mariana"^^<http://www.w3.org/2001/XMLSchema#string>	"Leaf phosphorus content"	"Leaf phosphorus content per dry mass (Pmass)"^^<http://www.w3.org/2001/XMLSchema#string>	0.084	<http://qudt.org/vocab/unit/PERCENT>	"percent"^^<http://www.w3.org/2001/XMLSchema#string>
<http://www.wikidata.org/entity/Q218425>	"Picea mariana"^^<http://www.w3.org/2001/XMLSchema#string>	"Leaf phosphorus content"	"Leaf phosphorus content per dry mass (Pmass)"^^<http://www.w3.org/2001/XMLSchema#string>	0.117	<http://qudt.org/vocab/unit/PERCENT>	"percent"^^<http://www.w3.org/2001/XMLSchema#string>
<http://www.wikidata.org/entity/Q218425>	"Picea mariana"^^<http://www.w3.org/2001/XMLSchema#string>	"Leaf phosphorus content"	"Leaf phosphorus content per dry mass (Pmass)"^^<http://www.w3.org/2001/XMLSchema#string>	0.116	<http://qudt.org/vocab/unit/PERCENT>	"percent"^^<http://www.w3.org/2001/XMLSchema#string>
<http://www.wikidata.org/entity/Q218425>	"Picea mariana"^^<http://www.w3.org/2001/XMLSchema#string>	"Leaf phosphorus content"	"Leaf phosphorus content per dry mass (Pmass)"^^<http://www.w3.org/2001/XMLSchema#string>	0.125	<http://qudt.org/vocab/unit/PERCENT>	"percent"^^<http://www.w3.org/2001/XMLSchema#string>
<http://www.wikidata.org/entity/Q218425>	"Picea mariana"^^<http://www.w3.org/2001/XMLSchema#string>	"Leaf phosphorus content"	"Leaf phosphorus content per dry mass (Pmass)"^^<http://www.w3.org/2001/XMLSchema#string>	0.135	<http://qudt.org/vocab/unit/PERCENT>	"percent"^^<http://www.w3.org/2001/XMLSchema#string>
<http://www.wikidata.org/entity/Q218425>	"Picea mariana"^^<http://www.w3.org/2001/XMLSchema#string>	"Leaf phosphorus content"	"Leaf phosphorus content per dry mass (Pmass)"^^<http://www.w3.org/2001/XMLSchema#string>	967.0	<http://qudt.org/vocab/unit/MilliGM-PER-KiloGM>	"mg/kg"^^<http://www.w3.org/2001/XMLSchema#string>
<http://www.wikidata.org/entity/Q218425>	"Picea mariana"^^<http://www.w3.org/2001/XMLSchema#string>	"Leaf phosphorus content"	"Leaf phosphorus content per dry mass (Pmass)"^^<http://www.w3.org/2001/XMLSchema#string>	1900.0	<http://qudt.org/vocab/unit/PPM>	"ppm"^^<http://www.w3.org/2001/XMLSchema#string>
<http://www.wikidata.org/entity/Q218425>	"Picea mariana"^^<http://www.w3.org/2001/XMLSchema#string>	"Specific leaf area"	"SLA: undefined if petiole in- or excluded"^^<http://www.w3.org/2001/XMLSchema#string>	56.1875	<http://qudt.org/vocab/unit/CentiM2-PER-GM>	"cm^2/g"^^<http://www.w3.org/2001/XMLSchema#string>
<http://www.wikidata.org/entity/Q21876051>	"Osteospermum moniliferum"^^<http://www.w3.org/2001/XMLSchema#string>	"Leaf nitrogen content"	"Leaf nitrogen content per dry mass (Nmass)"^^<http://www.w3.org/2001/XMLSchema#string>	1.508	<http://qudt.org/vocab/unit/PERCENT>	"%"^^<http://www.w3.org/2001/XMLSchema#string>
<http://www.wikidata.org/entity/Q21876051>	"Osteospermum moniliferum"^^<http://www.w3.org/2001/XMLSchema#string>	"Leaf nitrogen content"	"Leaf nitrogen content per dry mass (Nmass)"^^<http://www.w3.org/2001/XMLSchema#string>	1.56	<http://qudt.org/vocab/unit/PERCENT>	"%"^^<http://www.w3.org/2001/XMLSchema#string>
<http://www.wikidata.org/entity/Q21876051>	"Osteospermum moniliferum"^^<http://www.w3.org/2001/XMLSchema#string>	"Leaf nitrogen content"	"Leaf nitrogen content per dry mass (Nmass)"^^<http://www.w3.org/2001/XMLSchema#string>	1.166	<http://qudt.org/vocab/unit/PERCENT>	"%"^^<http://www.w3.org/2001/XMLSchema#string>
<http://www.wikidata.org/entity/Q21876051>	"Osteospermum moniliferum"^^<http://www.w3.org/2001/XMLSchema#string>	"Leaf nitrogen content"	"Leaf nitrogen content per dry mass (Nmass)"^^<http://www.w3.org/2001/XMLSchema#string>	1.376	<http://qudt.org/vocab/unit/PERCENT>	"%"^^<http://www.w3.org/2001/XMLSchema#string>
<http://www.wikidata.org/entity/Q21976301>	"Medicago falcata"^^<http://www.w3.org/2001/XMLSchema#string>	"Leaf nitrogen content"	"Leaf nitrogen content per dry mass (Nmass)"^^<http://www.w3.org/2001/XMLSchema#string>	28.2	<http://qudt.org/vocab/unit/MilliGM-PER-GM>	"mg/g"^^<http://www.w3.org/2001/XMLSchema#string>
<http://www.wikidata.org/entity/Q21976301>	"Medicago falcata"^^<http://www.w3.org/2001/XMLSchema#string>	"Leaf nitrogen content"	"Leaf nitrogen content per dry mass (Nmass)"^^<http://www.w3.org/2001/XMLSchema#string>	2.82	<http://qudt.org/vocab/unit/PERCENT>	"%"^^<http://www.w3.org/2001/XMLSchema#string>
<http://www.wikidata.org/entity/Q21976301>	"Medicago falcata"^^<http://www.w3.org/2001/XMLSchema#string>	"Leaf phosphorus content"	"Leaf phosphorus content per dry mass (Pmass)"^^<http://www.w3.org/2001/XMLSchema#string>	2.72	<http://qudt.org/vocab/unit/MilliGM-PER-GM>	"mg/g"^^<http://www.w3.org/2001/XMLSchema#string>
<http://www.wikidata.org/entity/Q22104145>	"Diplacus aurantiacus"^^<http://www.w3.org/2001/XMLSchema#string>	"Leaf nitrogen content"	"Leaf nitrogen content per dry mass (Nmass)"^^<http://www.w3.org/2001/XMLSchema#string>	2.4	<http://qudt.org/vocab/unit/PERCENT>	"%"^^<http://www.w3.org/2001/XMLSchema#string>
<http://www.wikidata.org/entity/Q22113514>	"Aquilegia caerulea"^^<http://www.w3.org/2001/XMLSchema#string>	"Specific leaf area"	"SLA: undefined if petiole in- or excluded"^^<http://www.w3.org/2001/XMLSchema#string>	193.9024	<http://qudt.org/vocab/unit/CentiM2-PER-GM>	"SLA cm2/g"^^<http://www.w3.org/2001/XMLSchema#string>
<http://www.wikidata.org/entity/Q2253450>	"Verbascum sinuatum"^^<http://www.w3.org/2001/XMLSchema#string>	"Leaf nitrogen content"	"Leaf nitrogen content per dry mass (Nmass)"^^<http://www.w3.org/2001/XMLSchema#string>	2.08	<http://qudt.org/vocab/unit/PERCENT>	"%"^^<http://www.w3.org/2001/XMLSchema#string>
<http://www.wikidata.org/entity/Q2266358>	"Quercus gambelii"^^<http://www.w3.org/2001/XMLSchema#string>	"Leaf nitrogen content"	"Leaf nitrogen content per dry mass (Nmass)"^^<http://www.w3.org/2001/XMLSchema#string>	2.897	<http://qudt.org/vocab/unit/PERCENT>	"%"^^<http://www.w3.org/2001/XMLSchema#string>
<http://www.wikidata.org/entity/Q2266358>	"Quercus gambelii"^^<http://www.w3.org/2001/XMLSchema#string>	"Leaf nitrogen content"	"Leaf nitrogen content per dry mass (Nmass)"^^<http://www.w3.org/2001/XMLSchema#string>	1.913	<http://qudt.org/vocab/unit/PERCENT>	"%"^^<http://www.w3.org/2001/XMLSchema#string>
<http://www.wikidata.org/entity/Q2266358>	"Quercus gambelii"^^<http://www.w3.org/2001/XMLSchema#string>	"Leaf nitrogen content"	"Leaf nitrogen content per dry mass (Nmass)"^^<http://www.w3.org/2001/XMLSchema#string>	2.207	<http://qudt.org/vocab/unit/PERCENT>	"%"^^<http://www.w3.org/2001/XMLSchema#string>
<http://www.wikidata.org/entity/Q2266358>	"Quercus gambelii"^^<http://www.w3.org/2001/XMLSchema#string>	"Leaf nitrogen content"	"Leaf nitrogen content per dry mass (Nmass)"^^<http://www.w3.org/2001/XMLSchema#string>	2.275	<http://qudt.org/vocab/unit/PERCENT>	"%"^^<http://www.w3.org/2001/XMLSchema#string>
<http://www.wikidata.org/entity/Q2266358>	"Quercus gambelii"^^<http://www.w3.org/2001/XMLSchema#string>	"Leaf nitrogen content"	"Leaf nitrogen content per dry mass (Nmass)"^^<http://www.w3.org/2001/XMLSchema#string>	2.426	<http://qudt.org/vocab/unit/PERCENT>	"%"^^<http://www.w3.org/2001/XMLSchema#string>
<http://www.wikidata.org/entity/Q2266358>	"Quercus gambelii"^^<http://www.w3.org/2001/XMLSchema#string>	"Leaf phosphorus content"	"Leaf phosphorus content per dry mass (Pmass)"^^<http://www.w3.org/2001/XMLSchema#string>	0.212	<http://qudt.org/vocab/unit/PERCENT>	"%"^^<http://www.w3.org/2001/XMLSchema#string>
<http://www.wikidata.org/entity/Q2266358>	"Quercus gambelii"^^<http://www.w3.org/2001/XMLSchema#string>	"Leaf phosphorus content"	"Leaf phosphorus content per dry mass (Pmass)"^^<http://www.w3.org/2001/XMLSchema#string>	0.098	<http://qudt.org/vocab/unit/PERCENT>	"%"^^<http://www.w3.org/2001/XMLSchema#string>
<http://www.wikidata.org/entity/Q2266358>	"Quercus gambelii"^^<http://www.w3.org/2001/XMLSchema#string>	"Leaf phosphorus content"	"Leaf phosphorus content per dry mass (Pmass)"^^<http://www.w3.org/2001/XMLSchema#string>	0.206	<http://qudt.org/vocab/unit/PERCENT>	"%"^^<http://www.w3.org/2001/XMLSchema#string>
<http://www.wikidata.org/entity/Q22699>	"Castanea sativa"^^<http://www.w3.org/2001/XMLSchema#string>	"Specific leaf area"	"SLA: undefined if petiole in- or excluded"^^<http://www.w3.org/2001/XMLSchema#string>	133.1	<http://qudt.org/vocab/unit/CentiM2-PER-GM>	"SLA cm2/g"^^<http://www.w3.org/2001/XMLSchema#string>
<http://www.wikidata.org/entity/Q22701>	"Sambucus nigra"^^<http://www.w3.org/2001/XMLSchema#string>	"Specific leaf area"	"SLA: undefined if petiole in- or excluded"^^<http://www.w3.org/2001/XMLSchema#string>	192.4	<http://qudt.org/vocab/unit/CentiM2-PER-GM>	"SLA cm2/g"^^<http://www.w3.org/2001/XMLSchema#string>
<http://www.wikidata.org/entity/Q2333372>	"Pieris japonica"^^<http://www.w3.org/2001/XMLSchema#string>	"Leaf nitrogen content"	"Leaf nitrogen content per dry mass (Nmass)"^^<http://www.w3.org/2001/XMLSchema#string>	1.5	<http://qudt.org/vocab/unit/PERCENT>	"%"^^<http://www.w3.org/2001/XMLSchema#string>
<http://www.wikidata.org/entity/Q234126>	"Aegle marmelos"^^<http://www.w3.org/2001/XMLSchema#string>	"Leaf nitrogen content"	"Leaf nitrogen content per dry mass (Nmass)"^^<http://www.w3.org/2001/XMLSchema#string>	1.93	<http://qudt.org/vocab/unit/PERCENT>	"%"^^<http://www.w3.org/2001/XMLSchema#string>
<http://www.wikidata.org/entity/Q2365593>	"Lupinus perennis"^^<http://www.w3.org/2001/XMLSchema#string>	"Leaf nitrogen content"	"Leaf nitrogen content per dry mass (Nmass)"^^<http://www.w3.org/2001/XMLSchema#string>	3.275337	<http://qudt.org/vocab/unit/PERCENT>	"%"^^<http://www.w3.org/2001/XMLSchema#string>
<http://www.wikidata.org/entity/Q2367334>	"Boswellia serrata"^^<http://www.w3.org/2001/XMLSchema#string>	"Leaf nitrogen content"	"Leaf nitrogen content per dry mass (Nmass)"^^<http://www.w3.org/2001/XMLSchema#string>	1.32	<http://qudt.org/vocab/unit/PERCENT>	"%"^^<http://www.w3.org/2001/XMLSchema#string>
<http://www.wikidata.org/entity/Q2385259>	"Pterocarpus marsupium"^^<http://www.w3.org/2001/XMLSchema#string>	"Leaf nitrogen content"	"Leaf nitrogen content per dry mass (Nmass)"^^<http://www.w3.org/2001/XMLSchema#string>	2.48	<http://qudt.org/vocab/unit/PERCENT>	"%"^^<http://www.w3.org/2001/XMLSchema#string>
<http://www.wikidata.org/entity/Q2386378>	"Magnolia obovata"^^<http://www.w3.org/2001/XMLSchema#string>	"Leaf nitrogen content"	"Leaf nitrogen content per dry mass (Nmass)"^^<http://www.w3.org/2001/XMLSchema#string>	2.54	<http://qudt.org/vocab/unit/PERCENT>	"%"^^<http://www.w3.org/2001/XMLSchema#string>
<http://www.wikidata.org/entity/Q2386378>	"Magnolia obovata"^^<http://www.w3.org/2001/XMLSchema#string>	"Specific leaf area"	"SLA: undefined if petiole in- or excluded"^^<http://www.w3.org/2001/XMLSchema#string>	310.9453	<http://qudt.org/vocab/unit/CentiM2-PER-GM>	"SLA cm2/g"^^<http://www.w3.org/2001/XMLSchema#string>
<http://www.wikidata.org/entity/Q2395449>	"Lactuca tatarica"^^<http://www.w3.org/2001/XMLSchema#string>	"Leaf nitrogen content"	"Leaf nitrogen content per dry mass (Nmass)"^^<http://www.w3.org/2001/XMLSchema#string>	2.26	<http://qudt.org/vocab/unit/PERCENT>	"%"^^<http://www.w3.org/2001/XMLSchema#string>
<http://www.wikidata.org/entity/Q2395449>	"Lactuca tatarica"^^<http://www.w3.org/2001/XMLSchema#string>	"Leaf nitrogen content"	"Leaf nitrogen content per dry mass (Nmass)"^^<http://www.w3.org/2001/XMLSchema#string>	22.6	<http://qudt.org/vocab/unit/MilliGM-PER-GM>	"mg/g"^^<http://www.w3.org/2001/XMLSchema#string>
<http://www.wikidata.org/entity/Q2395449>	"Lactuca tatarica"^^<http://www.w3.org/2001/XMLSchema#string>	"Leaf phosphorus content"	"Leaf phosphorus content per dry mass (Pmass)"^^<http://www.w3.org/2001/XMLSchema#string>	1.78	<http://qudt.org/vocab/unit/MilliGM-PER-GM>	"mg/g"^^<http://www.w3.org/2001/XMLSchema#string>
<http://www.wikidata.org/entity/Q24055165>	"Limonium migjornense"^^<http://www.w3.org/2001/XMLSchema#string>	"Leaf nitrogen content"	"Leaf nitrogen content per dry mass (Nmass)"^^<http://www.w3.org/2001/XMLSchema#string>	2.47	<http://qudt.org/vocab/unit/PERCENT>	"%"^^<http://www.w3.org/2001/XMLSchema#string>
<http://www.wikidata.org/entity/Q2415950>	"Eriostemon australasius"^^<http://www.w3.org/2001/XMLSchema#string>	"Leaf nitrogen content"	"Leaf nitrogen content per dry mass (Nmass)"^^<http://www.w3.org/2001/XMLSchema#string>	1.198121	<http://qudt.org/vocab/unit/PERCENT>	"%"^^<http://www.w3.org/2001/XMLSchema#string>
<http://www.wikidata.org/entity/Q243922>	"Caragana pygmaea"^^<http://www.w3.org/2001/XMLSchema#string>	"Leaf nitrogen content"	"Leaf nitrogen content per dry mass (Nmass)"^^<http://www.w3.org/2001/XMLSchema#string>	33.6	<http://qudt.org/vocab/unit/MilliGM-PER-GM>	"mg/g"^^<http://www.w3.org/2001/XMLSchema#string>
<http://www.wikidata.org/entity/Q243922>	"Caragana pygmaea"^^<http://www.w3.org/2001/XMLSchema#string>	"Leaf phosphorus content"	"Leaf phosphorus content per dry mass (Pmass)"^^<http://www.w3.org/2001/XMLSchema#string>	2.61	<http://qudt.org/vocab/unit/MilliGM-PER-GM>	"mg/g"^^<http://www.w3.org/2001/XMLSchema#string>
<http://www.wikidata.org/entity/Q244583>	"Cardamine bulbifera"^^<http://www.w3.org/2001/XMLSchema#string>	"Leaf nitrogen content"	"Leaf nitrogen content per dry mass (Nmass)"^^<http://www.w3.org/2001/XMLSchema#string>	3.85	<http://qudt.org/vocab/unit/PERCENT>	"%"^^<http://www.w3.org/2001/XMLSchema#string>
<http://www.wikidata.org/entity/Q244583>	"Cardamine bulbifera"^^<http://www.w3.org/2001/XMLSchema#string>	"Leaf nitrogen content"	"Leaf nitrogen content per dry mass (Nmass)"^^<http://www.w3.org/2001/XMLSchema#string>	2.865	<http://qudt.org/vocab/unit/PERCENT>	"%"^^<http://www.w3.org/2001/XMLSchema#string>
<http://www.wikidata.org/entity/Q2452407>	"Cercis canadensis"^^<http://www.w3.org/2001/XMLSchema#string>	"Leaf phosphorus content"	"Leaf phosphorus content per dry mass (Pmass)"^^<http://www.w3.org/2001/XMLSchema#string>	0.13	<http://qudt.org/vocab/unit/PERCENT>	"%"^^<http://www.w3.org/2001/XMLSchema#string>
<http://www.wikidata.org/entity/Q2453141>	"Trifolium purpureum"^^<http://www.w3.org/2001/XMLSchema#string>	"Specific leaf area"	"SLA: undefined if petiole in- or excluded"^^<http://www.w3.org/2001/XMLSchema#string>	264.183	<http://qudt.org/vocab/unit/CentiM2-PER-GM>	"SLA cm2/g"^^<http://www.w3.org/2001/XMLSchema#string>
<http://www.wikidata.org/entity/Q2462343>	"Impatiens capensis"^^<http://www.w3.org/2001/XMLSchema#string>	"Specific leaf area"	"SLA: undefined if petiole in- or excluded"^^<http://www.w3.org/2001/XMLSchema#string>	0.0008	<http://qudt.org/vocab/unit/GM-PER-CentiM2>	"g/cm2"^^<http://www.w3.org/2001/XMLSchema#string>
<http://www.wikidata.org/entity/Q247714>	"Rhododendron tomentosum"^^<http://www.w3.org/2001/XMLSchema#string>	"Leaf nitrogen content"	"Leaf nitrogen content per dry mass (Nmass)"^^<http://www.w3.org/2001/XMLSchema#string>	1.49	<http://qudt.org/vocab/unit/PERCENT>	"%"^^<http://www.w3.org/2001/XMLSchema#string>
<http://www.wikidata.org/entity/Q247714>	"Rhododendron tomentosum"^^<http://www.w3.org/2001/XMLSchema#string>	"Leaf nitrogen content"	"Leaf nitrogen content per dry mass (Nmass)"^^<http://www.w3.org/2001/XMLSchema#string>	1.2	<http://qudt.org/vocab/unit/PERCENT>	"%"^^<http://www.w3.org/2001/XMLSchema#string>
<http://www.wikidata.org/entity/Q24852568>	"Pongamia pinnata"^^<http://www.w3.org/2001/XMLSchema#string>	"Leaf nitrogen content"	"Leaf nitrogen content per dry mass (Nmass)"^^<http://www.w3.org/2001/XMLSchema#string>	2.79	<http://qudt.org/vocab/unit/PERCENT>	"%"^^<http://www.w3.org/2001/XMLSchema#string>
<http://www.wikidata.org/entity/Q24853240>	"Firmiana colorata"^^<http://www.w3.org/2001/XMLSchema#string>	"Leaf nitrogen content"	"Leaf nitrogen content per dry mass (Nmass)"^^<http://www.w3.org/2001/XMLSchema#string>	1.65	<http://qudt.org/vocab/unit/PERCENT>	"%"^^<http://www.w3.org/2001/XMLSchema#string>
<http://www.wikidata.org/entity/Q2498293>	"Camellia oleifera"^^<http://www.w3.org/2001/XMLSchema#string>	"Leaf nitrogen content"	"Leaf nitrogen content per dry mass (Nmass)"^^<http://www.w3.org/2001/XMLSchema#string>	0.91	<http://qudt.org/vocab/unit/PERCENT>	"%"^^<http://www.w3.org/2001/XMLSchema#string>
<http://www.wikidata.org/entity/Q2498293>	"Camellia oleifera"^^<http://www.w3.org/2001/XMLSchema#string>	"Leaf nitrogen content"	"Leaf nitrogen content per dry mass (Nmass)"^^<http://www.w3.org/2001/XMLSchema#string>	9.1	<http://qudt.org/vocab/unit/MilliGM-PER-GM>	"mg/g"^^<http://www.w3.org/2001/XMLSchema#string>
<http://www.wikidata.org/entity/Q2504492>	"Phalaris paradoxa"^^<http://www.w3.org/2001/XMLSchema#string>	"Specific leaf area"	"SLA: undefined if petiole in- or excluded"^^<http://www.w3.org/2001/XMLSchema#string>	266.5501	<http://qudt.org/vocab/unit/CentiM2-PER-GM>	"SLA cm2/g"^^<http://www.w3.org/2001/XMLSchema#string>
<http://www.wikidata.org/entity/Q2510557>	"Mallotus philippensis"^^<http://www.w3.org/2001/XMLSchema#string>	"Leaf nitrogen content"	"Leaf nitrogen content per dry mass (Nmass)"^^<http://www.w3.org/2001/XMLSchema#string>	2.49	<http://qudt.org/vocab/unit/PERCENT>	"%"^^<http://www.w3.org/2001/XMLSchema#string>
<http://www.wikidata.org/entity/Q2518929>	"Saussurea alpina"^^<http://www.w3.org/2001/XMLSchema#string>	"Specific leaf area"	"SLA: undefined if petiole in- or excluded"^^<http://www.w3.org/2001/XMLSchema#string>	173.8	<http://qudt.org/vocab/unit/CentiM2-PER-GM>	"SLA cm2/g"^^<http://www.w3.org/2001/XMLSchema#string>
<http://www.wikidata.org/entity/Q2532820>	"Rudbeckia hirta"^^<http://www.w3.org/2001/XMLSchema#string>	"Leaf nitrogen content"	"Leaf nitrogen content per dry mass (Nmass)"^^<http://www.w3.org/2001/XMLSchema#string>	28.33854	<http://qudt.org/vocab/unit/MilliGM-PER-GM>	"mg/g"^^<http://www.w3.org/2001/XMLSchema#string>
<http://www.wikidata.org/entity/Q2532820>	"Rudbeckia hirta"^^<http://www.w3.org/2001/XMLSchema#string>	"Specific leaf area"	"SLA: petiole  excluded"^^<http://www.w3.org/2001/XMLSchema#string>	247.08	<http://qudt.org/vocab/unit/CentiM2-PER-GM>	"cm2/g"^^<http://www.w3.org/2001/XMLSchema#string>
<http://www.wikidata.org/entity/Q253477>	"Trifolium hirtum"^^<http://www.w3.org/2001/XMLSchema#string>	"Specific leaf area"	"SLA: undefined if petiole in- or excluded"^^<http://www.w3.org/2001/XMLSchema#string>	179.11	<http://qudt.org/vocab/unit/CentiM2-PER-GM>	"SLA cm2/g"^^<http://www.w3.org/2001/XMLSchema#string>
<http://www.wikidata.org/entity/Q25408>	"Achillea millefolium"^^<http://www.w3.org/2001/XMLSchema#string>	"Leaf nitrogen content"	"Leaf nitrogen content per dry mass (Nmass)"^^<http://www.w3.org/2001/XMLSchema#string>	1.837914	<http://qudt.org/vocab/unit/PERCENT>	"%"^^<http://www.w3.org/2001/XMLSchema#string>
<http://www.wikidata.org/entity/Q25408>	"Achillea millefolium"^^<http://www.w3.org/2001/XMLSchema#string>	"Leaf nitrogen content"	"Leaf nitrogen content per dry mass (Nmass)"^^<http://www.w3.org/2001/XMLSchema#string>	2.8	<http://qudt.org/vocab/unit/PERCENT>	"%"^^<http://www.w3.org/2001/XMLSchema#string>
<http://www.wikidata.org/entity/Q25408>	"Achillea millefolium"^^<http://www.w3.org/2001/XMLSchema#string>	"Leaf nitrogen content"	"Leaf nitrogen content per dry mass (Nmass)"^^<http://www.w3.org/2001/XMLSchema#string>	21.5	<http://qudt.org/vocab/unit/MilliGM-PER-GM>	"(mg g-1)"^^<http://www.w3.org/2001/XMLSchema#string>
<http://www.wikidata.org/entity/Q25408>	"Achillea millefolium"^^<http://www.w3.org/2001/XMLSchema#string>	"Specific leaf area"	"SLA: undefined if petiole in- or excluded"^^<http://www.w3.org/2001/XMLSchema#string>	202.6206	<http://qudt.org/vocab/unit/CentiM2-PER-GM>	"SLA cm2/g"^^<http://www.w3.org/2001/XMLSchema#string>
<http://www.wikidata.org/entity/Q25408>	"Achillea millefolium"^^<http://www.w3.org/2001/XMLSchema#string>	"Specific leaf area"	"SLA: undefined if petiole in- or excluded"^^<http://www.w3.org/2001/XMLSchema#string>	196.3	<http://qudt.org/vocab/unit/CentiM2-PER-GM>	"SLA cm2/g"^^<http://www.w3.org/2001/XMLSchema#string>
<http://www.wikidata.org/entity/Q25408>	"Achillea millefolium"^^<http://www.w3.org/2001/XMLSchema#string>	"Specific leaf area"	"SLA: undefined if petiole in- or excluded"^^<http://www.w3.org/2001/XMLSchema#string>	121.0	<http://qudt.org/vocab/unit/CentiM2-PER-GM>	"SLA cm2/g"^^<http://www.w3.org/2001/XMLSchema#string>
<http://www.wikidata.org/entity/Q2541561>	"Hordelymus europaeus"^^<http://www.w3.org/2001/XMLSchema#string>	"Leaf nitrogen content"	"Leaf nitrogen content per dry mass (Nmass)"^^<http://www.w3.org/2001/XMLSchema#string>	3.413756	<http://qudt.org/vocab/unit/PERCENT>	"%"^^<http://www.w3.org/2001/XMLSchema#string>
<http://www.wikidata.org/entity/Q254436>	"Solidago canadensis"^^<http://www.w3.org/2001/XMLSchema#string>	"Specific leaf area"	"SLA: undefined if petiole in- or excluded"^^<http://www.w3.org/2001/XMLSchema#string>	154.4	<http://qudt.org/vocab/unit/CentiM2-PER-GM>	"SLA cm2/g"^^<http://www.w3.org/2001/XMLSchema#string>
<http://www.wikidata.org/entity/Q254436>	"Solidago canadensis"^^<http://www.w3.org/2001/XMLSchema#string>	"Specific leaf area"	"SLA: petiole  included"^^<http://www.w3.org/2001/XMLSchema#string>	14.98	<http://qudt.org/vocab/unit/M2-PER-KiloGM>	"m2 kg-1"^^<http://www.w3.org/2001/XMLSchema#string>
<http://www.wikidata.org/entity/Q254436>	"Solidago canadensis"^^<http://www.w3.org/2001/XMLSchema#string>	"Specific leaf area"	"SLA: petiole  included"^^<http://www.w3.org/2001/XMLSchema#string>	15.03	<http://qudt.org/vocab/unit/M2-PER-KiloGM>	"m2 kg-1"^^<http://www.w3.org/2001/XMLSchema#string>
<http://www.wikidata.org/entity/Q254436>	"Solidago canadensis"^^<http://www.w3.org/2001/XMLSchema#string>	"Specific leaf area"	"SLA: petiole  included"^^<http://www.w3.org/2001/XMLSchema#string>	15.44	<http://qudt.org/vocab/unit/M2-PER-KiloGM>	"m2 kg-1"^^<http://www.w3.org/2001/XMLSchema#string>
<http://www.wikidata.org/entity/Q254436>	"Solidago canadensis"^^<http://www.w3.org/2001/XMLSchema#string>	"Specific leaf area"	"SLA: petiole  included"^^<http://www.w3.org/2001/XMLSchema#string>	15.69	<http://qudt.org/vocab/unit/M2-PER-KiloGM>	"m2 kg-1"^^<http://www.w3.org/2001/XMLSchema#string>
<http://www.wikidata.org/entity/Q254436>	"Solidago canadensis"^^<http://www.w3.org/2001/XMLSchema#string>	"Specific leaf area"	"SLA: petiole  included"^^<http://www.w3.org/2001/XMLSchema#string>	16.19	<http://qudt.org/vocab/unit/M2-PER-KiloGM>	"m2 kg-1"^^<http://www.w3.org/2001/XMLSchema#string>
<http://www.wikidata.org/entity/Q254436>	"Solidago canadensis"^^<http://www.w3.org/2001/XMLSchema#string>	"Specific leaf area"	"SLA: petiole  included"^^<http://www.w3.org/2001/XMLSchema#string>	17.34	<http://qudt.org/vocab/unit/M2-PER-KiloGM>	"m2 kg-1"^^<http://www.w3.org/2001/XMLSchema#string>
<http://www.wikidata.org/entity/Q254436>	"Solidago canadensis"^^<http://www.w3.org/2001/XMLSchema#string>	"Specific leaf area"	"SLA: petiole  included"^^<http://www.w3.org/2001/XMLSchema#string>	17.35	<http://qudt.org/vocab/unit/M2-PER-KiloGM>	"m2 kg-1"^^<http://www.w3.org/2001/XMLSchema#string>
<http://www.wikidata.org/entity/Q254436>	"Solidago canadensis"^^<http://www.w3.org/2001/XMLSchema#string>	"Specific leaf area"	"SLA: undefined if petiole in- or excluded"^^<http://www.w3.org/2001/XMLSchema#string>	149.8	<http://qudt.org/vocab/unit/CentiM2-PER-GM>	"SLA cm2/g"^^<http://www.w3.org/2001/XMLSchema#string>
<http://www.wikidata.org/entity/Q254436>	"Solidago canadensis"^^<http://www.w3.org/2001/XMLSchema#string>	"Specific leaf area"	"SLA: undefined if petiole in- or excluded"^^<http://www.w3.org/2001/XMLSchema#string>	150.3	<http://qudt.org/vocab/unit/CentiM2-PER-GM>	"SLA cm2/g"^^<http://www.w3.org/2001/XMLSchema#string>
<http://www.wikidata.org/entity/Q254436>	"Solidago canadensis"^^<http://www.w3.org/2001/XMLSchema#string>	"Specific leaf area"	"SLA: undefined if petiole in- or excluded"^^<http://www.w3.org/2001/XMLSchema#string>	156.9	<http://qudt.org/vocab/unit/CentiM2-PER-GM>	"SLA cm2/g"^^<http://www.w3.org/2001/XMLSchema#string>
<http://www.wikidata.org/entity/Q254436>	"Solidago canadensis"^^<http://www.w3.org/2001/XMLSchema#string>	"Specific leaf area"	"SLA: undefined if petiole in- or excluded"^^<http://www.w3.org/2001/XMLSchema#string>	161.9	<http://qudt.org/vocab/unit/CentiM2-PER-GM>	"SLA cm2/g"^^<http://www.w3.org/2001/XMLSchema#string>
<http://www.wikidata.org/entity/Q254436>	"Solidago canadensis"^^<http://www.w3.org/2001/XMLSchema#string>	"Specific leaf area"	"SLA: undefined if petiole in- or excluded"^^<http://www.w3.org/2001/XMLSchema#string>	173.5	<http://qudt.org/vocab/unit/CentiM2-PER-GM>	"SLA cm2/g"^^<http://www.w3.org/2001/XMLSchema#string>
<http://www.wikidata.org/entity/Q254436>	"Solidago canadensis"^^<http://www.w3.org/2001/XMLSchema#string>	"Specific leaf area"	"SLA: undefined if petiole in- or excluded"^^<http://www.w3.org/2001/XMLSchema#string>	173.4	<http://qudt.org/vocab/unit/CentiM2-PER-GM>	"SLA cm2/g"^^<http://www.w3.org/2001/XMLSchema#string>
<http://www.wikidata.org/entity/Q2544599>	"Cichorium intybus"^^<http://www.w3.org/2001/XMLSchema#string>	"Leaf nitrogen content"	"Leaf nitrogen content per dry mass (Nmass)"^^<http://www.w3.org/2001/XMLSchema#string>	3.55	<http://qudt.org/vocab/unit/PERCENT>	"%"^^<http://www.w3.org/2001/XMLSchema#string>
<http://www.wikidata.org/entity/Q2555142>	"Phleum alpinum"^^<http://www.w3.org/2001/XMLSchema#string>	"Specific leaf area"	"SLA: undefined if petiole in- or excluded"^^<http://www.w3.org/2001/XMLSchema#string>	240.6802	<http://qudt.org/vocab/unit/CentiM2-PER-GM>	"SLA cm2/g"^^<http://www.w3.org/2001/XMLSchema#string>
<http://www.wikidata.org/entity/Q256508>	"Phleum pratense"^^<http://www.w3.org/2001/XMLSchema#string>	"Leaf nitrogen content"	"Leaf nitrogen content per dry mass (Nmass)"^^<http://www.w3.org/2001/XMLSchema#string>	21.0	<http://qudt.org/vocab/unit/MilliGM-PER-GM>	"(mg g-1)"^^<http://www.w3.org/2001/XMLSchema#string>
<http://www.wikidata.org/entity/Q259318>	"Vitex agnus-castus"^^<http://www.w3.org/2001/XMLSchema#string>	"Leaf nitrogen content"	"Leaf nitrogen content per dry mass (Nmass)"^^<http://www.w3.org/2001/XMLSchema#string>	3.34	<http://qudt.org/vocab/unit/PERCENT>	"%"^^<http://www.w3.org/2001/XMLSchema#string>
<http://www.wikidata.org/entity/Q2600501>	"Quercus stellata"^^<http://www.w3.org/2001/XMLSchema#string>	"Leaf nitrogen content"	"Leaf nitrogen content per dry mass (Nmass)"^^<http://www.w3.org/2001/XMLSchema#string>	1.73	<http://qudt.org/vocab/unit/PERCENT>	"%"^^<http://www.w3.org/2001/XMLSchema#string>
<http://www.wikidata.org/entity/Q261051>	"Gnaphalium norvegicum"^^<http://www.w3.org/2001/XMLSchema#string>	"Specific leaf area"	"SLA: undefined if petiole in- or excluded"^^<http://www.w3.org/2001/XMLSchema#string>	203.5	<http://qudt.org/vocab/unit/CentiM2-PER-GM>	"SLA cm2/g"^^<http://www.w3.org/2001/XMLSchema#string>
<http://www.wikidata.org/entity/Q261309>	"Pinus monticola"^^<http://www.w3.org/2001/XMLSchema#string>	"Leaf nitrogen content"	"Leaf nitrogen content per dry mass (Nmass)"^^<http://www.w3.org/2001/XMLSchema#string>	1.46	<http://qudt.org/vocab/unit/PERCENT>	"%"^^<http://www.w3.org/2001/XMLSchema#string>
<http://www.wikidata.org/entity/Q2617622>	"Equisetum scirpoides"^^<http://www.w3.org/2001/XMLSchema#string>	"Leaf phosphorus content"	"Leaf phosphorus content per dry mass (Pmass)"^^<http://www.w3.org/2001/XMLSchema#string>	0.071	<http://qudt.org/vocab/unit/PERCENT>	"%"^^<http://www.w3.org/2001/XMLSchema#string>
<http://www.wikidata.org/entity/Q26297>	"Rumex acetosa"^^<http://www.w3.org/2001/XMLSchema#string>	"Leaf nitrogen content"	"Leaf nitrogen content per dry mass (Nmass)"^^<http://www.w3.org/2001/XMLSchema#string>	3.72	<http://qudt.org/vocab/unit/PERCENT>	"%"^^<http://www.w3.org/2001/XMLSchema#string>
<http://www.wikidata.org/entity/Q26297>	"Rumex acetosa"^^<http://www.w3.org/2001/XMLSchema#string>	"Leaf nitrogen content"	"Leaf nitrogen content per dry mass (Nmass)"^^<http://www.w3.org/2001/XMLSchema#string>	37.2	<http://qudt.org/vocab/unit/MilliGM-PER-GM>	"(mg g-1)"^^<http://www.w3.org/2001/XMLSchema#string>
<http://www.wikidata.org/entity/Q26297>	"Rumex acetosa"^^<http://www.w3.org/2001/XMLSchema#string>	"Specific leaf area"	"SLA: undefined if petiole in- or excluded"^^<http://www.w3.org/2001/XMLSchema#string>	214.0	<http://qudt.org/vocab/unit/CentiM2-PER-GM>	"SLA cm2/g"^^<http://www.w3.org/2001/XMLSchema#string>
<http://www.wikidata.org/entity/Q2630262>	"Anagyris foetida"^^<http://www.w3.org/2001/XMLSchema#string>	"Leaf nitrogen content"	"Leaf nitrogen content per dry mass (Nmass)"^^<http://www.w3.org/2001/XMLSchema#string>	3.72	<http://qudt.org/vocab/unit/PERCENT>	"%"^^<http://www.w3.org/2001/XMLSchema#string>
<http://www.wikidata.org/entity/Q26325>	"Juniperus communis"^^<http://www.w3.org/2001/XMLSchema#string>	"Leaf nitrogen content"	"Leaf nitrogen content per dry mass (Nmass)"^^<http://www.w3.org/2001/XMLSchema#string>	0.72	<http://qudt.org/vocab/unit/PERCENT>	"%"^^<http://www.w3.org/2001/XMLSchema#string>
<http://www.wikidata.org/entity/Q26325>	"Juniperus communis"^^<http://www.w3.org/2001/XMLSchema#string>	"Leaf nitrogen content"	"Leaf nitrogen content per dry mass (Nmass)"^^<http://www.w3.org/2001/XMLSchema#string>	1.4	<http://qudt.org/vocab/unit/PERCENT>	"%"^^<http://www.w3.org/2001/XMLSchema#string>
<http://www.wikidata.org/entity/Q26354>	"Hedera helix"^^<http://www.w3.org/2001/XMLSchema#string>	"Leaf nitrogen content"	"Leaf nitrogen content per dry mass (Nmass)"^^<http://www.w3.org/2001/XMLSchema#string>	1.893	<http://qudt.org/vocab/unit/PERCENT>	"%"^^<http://www.w3.org/2001/XMLSchema#string>
<http://www.wikidata.org/entity/Q26354>	"Hedera helix"^^<http://www.w3.org/2001/XMLSchema#string>	"Leaf nitrogen content"	"Leaf nitrogen content per dry mass (Nmass)"^^<http://www.w3.org/2001/XMLSchema#string>	1.427	<http://qudt.org/vocab/unit/PERCENT>	"%"^^<http://www.w3.org/2001/XMLSchema#string>
<http://www.wikidata.org/entity/Q26354>	"Hedera helix"^^<http://www.w3.org/2001/XMLSchema#string>	"Leaf nitrogen content"	"Leaf nitrogen content per dry mass (Nmass)"^^<http://www.w3.org/2001/XMLSchema#string>	1.436	<http://qudt.org/vocab/unit/PERCENT>	"%"^^<http://www.w3.org/2001/XMLSchema#string>
<http://www.wikidata.org/entity/Q26354>	"Hedera helix"^^<http://www.w3.org/2001/XMLSchema#string>	"Leaf nitrogen content"	"Leaf nitrogen content per dry mass (Nmass)"^^<http://www.w3.org/2001/XMLSchema#string>	1.606	<http://qudt.org/vocab/unit/PERCENT>	"%"^^<http://www.w3.org/2001/XMLSchema#string>
<http://www.wikidata.org/entity/Q26354>	"Hedera helix"^^<http://www.w3.org/2001/XMLSchema#string>	"Leaf nitrogen content"	"Leaf nitrogen content per dry mass (Nmass)"^^<http://www.w3.org/2001/XMLSchema#string>	1.889	<http://qudt.org/vocab/unit/PERCENT>	"%"^^<http://www.w3.org/2001/XMLSchema#string>
<http://www.wikidata.org/entity/Q26615>	"Calluna vulgaris"^^<http://www.w3.org/2001/XMLSchema#string>	"Leaf nitrogen content"	"Leaf nitrogen content per dry mass (Nmass)"^^<http://www.w3.org/2001/XMLSchema#string>	1.38	<http://qudt.org/vocab/unit/PERCENT>	"%"^^<http://www.w3.org/2001/XMLSchema#string>
<http://www.wikidata.org/entity/Q26615>	"Calluna vulgaris"^^<http://www.w3.org/2001/XMLSchema#string>	"Leaf phosphorus content"	"Leaf phosphorus content per dry mass (Pmass)"^^<http://www.w3.org/2001/XMLSchema#string>	0.097	<http://qudt.org/vocab/unit/PERCENT>	"%"^^<http://www.w3.org/2001/XMLSchema#string>
<http://www.wikidata.org/entity/Q2661699>	"Cryptocarya alba"^^<http://www.w3.org/2001/XMLSchema#string>	"Leaf nitrogen content"	"Leaf nitrogen content per dry mass (Nmass)"^^<http://www.w3.org/2001/XMLSchema#string>	0.85	<http://qudt.org/vocab/unit/PERCENT>	"%"^^<http://www.w3.org/2001/XMLSchema#string>
<http://www.wikidata.org/entity/Q2672321>	"Diospyros melanoxylon"^^<http://www.w3.org/2001/XMLSchema#string>	"Leaf nitrogen content"	"Leaf nitrogen content per dry mass (Nmass)"^^<http://www.w3.org/2001/XMLSchema#string>	1.47	<http://qudt.org/vocab/unit/PERCENT>	"%"^^<http://www.w3.org/2001/XMLSchema#string>
<http://www.wikidata.org/entity/Q2672802>	"Sapindus saponaria"^^<http://www.w3.org/2001/XMLSchema#string>	"Leaf nitrogen content"	"Leaf nitrogen content per dry mass (Nmass)"^^<http://www.w3.org/2001/XMLSchema#string>	4.0	<http://qudt.org/vocab/unit/PERCENT>	"%"^^<http://www.w3.org/2001/XMLSchema#string>
<http://www.wikidata.org/entity/Q2673522>	"Acacia auriculiformis"^^<http://www.w3.org/2001/XMLSchema#string>	"Leaf phosphorus content"	"Leaf phosphorus content per dry mass (Pmass)"^^<http://www.w3.org/2001/XMLSchema#string>	0.12	<http://qudt.org/vocab/unit/PERCENT>	"%"^^<http://www.w3.org/2001/XMLSchema#string>
<http://www.wikidata.org/entity/Q26745>	"Acer platanoides"^^<http://www.w3.org/2001/XMLSchema#string>	"Specific leaf area"	"SLA: undefined if petiole in- or excluded"^^<http://www.w3.org/2001/XMLSchema#string>	174.9	<http://qudt.org/vocab/unit/CentiM2-PER-GM>	"SLA cm2/g"^^<http://www.w3.org/2001/XMLSchema#string>
<http://www.wikidata.org/entity/Q2681906>	"Flueggea virosa"^^<http://www.w3.org/2001/XMLSchema#string>	"Leaf nitrogen content"	"Leaf nitrogen content per dry mass (Nmass)"^^<http://www.w3.org/2001/XMLSchema#string>	3.25	<http://qudt.org/vocab/unit/PERCENT>	"%"^^<http://www.w3.org/2001/XMLSchema#string>
<http://www.wikidata.org/entity/Q26899>	"Aesculus hippocastanum"^^<http://www.w3.org/2001/XMLSchema#string>	"Specific leaf area"	"SLA: undefined if petiole in- or excluded"^^<http://www.w3.org/2001/XMLSchema#string>	137.0	<http://qudt.org/vocab/unit/CentiM2-PER-GM>	"SLA cm2/g"^^<http://www.w3.org/2001/XMLSchema#string>
<http://www.wikidata.org/entity/Q269224>	"Acer palmatum"^^<http://www.w3.org/2001/XMLSchema#string>	"Leaf nitrogen content"	"Leaf nitrogen content per dry mass (Nmass)"^^<http://www.w3.org/2001/XMLSchema#string>	1.87	<http://qudt.org/vocab/unit/PERCENT>	"%"^^<http://www.w3.org/2001/XMLSchema#string>
<http://www.wikidata.org/entity/Q269224>	"Acer palmatum"^^<http://www.w3.org/2001/XMLSchema#string>	"Specific leaf area"	"SLA: undefined if petiole in- or excluded"^^<http://www.w3.org/2001/XMLSchema#string>	299.8501	<http://qudt.org/vocab/unit/CentiM2-PER-GM>	"SLA cm2/g"^^<http://www.w3.org/2001/XMLSchema#string>
<http://www.wikidata.org/entity/Q2697123>	"Thymus praecox"^^<http://www.w3.org/2001/XMLSchema#string>	"Leaf phosphorus content"	"Leaf phosphorus content per dry mass (Pmass)"^^<http://www.w3.org/2001/XMLSchema#string>	0.183	<http://qudt.org/vocab/unit/PERCENT>	"%"^^<http://www.w3.org/2001/XMLSchema#string>
<http://www.wikidata.org/entity/Q2700694>	"Prunus grayana"^^<http://www.w3.org/2001/XMLSchema#string>	"Leaf nitrogen content"	"Leaf nitrogen content per dry mass (Nmass)"^^<http://www.w3.org/2001/XMLSchema#string>	2.05	<http://qudt.org/vocab/unit/PERCENT>	"%"^^<http://www.w3.org/2001/XMLSchema#string>
<http://www.wikidata.org/entity/Q2700694>	"Prunus grayana"^^<http://www.w3.org/2001/XMLSchema#string>	"Specific leaf area"	"SLA: undefined if petiole in- or excluded"^^<http://www.w3.org/2001/XMLSchema#string>	530.7856	<http://qudt.org/vocab/unit/CentiM2-PER-GM>	"SLA cm2/g"^^<http://www.w3.org/2001/XMLSchema#string>
<http://www.wikidata.org/entity/Q2701053>	"Acacia longifolia"^^<http://www.w3.org/2001/XMLSchema#string>	"Leaf nitrogen content"	"Leaf nitrogen content per dry mass (Nmass)"^^<http://www.w3.org/2001/XMLSchema#string>	2.39	<http://qudt.org/vocab/unit/PERCENT>	"%"^^<http://www.w3.org/2001/XMLSchema#string>
<http://www.wikidata.org/entity/Q2701053>	"Acacia longifolia"^^<http://www.w3.org/2001/XMLSchema#string>	"Leaf nitrogen content"	"Leaf nitrogen content per dry mass (Nmass)"^^<http://www.w3.org/2001/XMLSchema#string>	2.525	<http://qudt.org/vocab/unit/PERCENT>	"%"^^<http://www.w3.org/2001/XMLSchema#string>
<http://www.wikidata.org/entity/Q2701053>	"Acacia longifolia"^^<http://www.w3.org/2001/XMLSchema#string>	"Leaf nitrogen content"	"Leaf nitrogen content per dry mass (Nmass)"^^<http://www.w3.org/2001/XMLSchema#string>	2.76	<http://qudt.org/vocab/unit/PERCENT>	"%"^^<http://www.w3.org/2001/XMLSchema#string>
<http://www.wikidata.org/entity/Q2701053>	"Acacia longifolia"^^<http://www.w3.org/2001/XMLSchema#string>	"Leaf nitrogen content"	"Leaf nitrogen content per dry mass (Nmass)"^^<http://www.w3.org/2001/XMLSchema#string>	2.97	<http://qudt.org/vocab/unit/PERCENT>	"%"^^<http://www.w3.org/2001/XMLSchema#string>
<http://www.wikidata.org/entity/Q2701053>	"Acacia longifolia"^^<http://www.w3.org/2001/XMLSchema#string>	"Leaf nitrogen content"	"Leaf nitrogen content per dry mass (Nmass)"^^<http://www.w3.org/2001/XMLSchema#string>	2.476	<http://qudt.org/vocab/unit/PERCENT>	"%"^^<http://www.w3.org/2001/XMLSchema#string>
<http://www.wikidata.org/entity/Q2701553>	"Panicum maximum"^^<http://www.w3.org/2001/XMLSchema#string>	"Leaf nitrogen content"	"Leaf nitrogen content per dry mass (Nmass)"^^<http://www.w3.org/2001/XMLSchema#string>	1.08	<http://qudt.org/vocab/unit/PERCENT>	"%"^^<http://www.w3.org/2001/XMLSchema#string>
<http://www.wikidata.org/entity/Q2701553>	"Panicum maximum"^^<http://www.w3.org/2001/XMLSchema#string>	"Leaf nitrogen content"	"Leaf nitrogen content per dry mass (Nmass)"^^<http://www.w3.org/2001/XMLSchema#string>	1.31	<http://qudt.org/vocab/unit/PERCENT>	"%"^^<http://www.w3.org/2001/XMLSchema#string>
<http://www.wikidata.org/entity/Q2701553>	"Panicum maximum"^^<http://www.w3.org/2001/XMLSchema#string>	"Leaf nitrogen content"	"Leaf nitrogen content per dry mass (Nmass)"^^<http://www.w3.org/2001/XMLSchema#string>	1.49	<http://qudt.org/vocab/unit/PERCENT>	"%"^^<http://www.w3.org/2001/XMLSchema#string>
<http://www.wikidata.org/entity/Q2701553>	"Panicum maximum"^^<http://www.w3.org/2001/XMLSchema#string>	"Leaf nitrogen content"	"Leaf nitrogen content per dry mass (Nmass)"^^<http://www.w3.org/2001/XMLSchema#string>	1.78	<http://qudt.org/vocab/unit/PERCENT>	"%"^^<http://www.w3.org/2001/XMLSchema#string>
<http://www.wikidata.org/entity/Q2701553>	"Panicum maximum"^^<http://www.w3.org/2001/XMLSchema#string>	"Leaf nitrogen content"	"Leaf nitrogen content per dry mass (Nmass)"^^<http://www.w3.org/2001/XMLSchema#string>	1.79	<http://qudt.org/vocab/unit/PERCENT>	"%"^^<http://www.w3.org/2001/XMLSchema#string>
<http://www.wikidata.org/entity/Q2701553>	"Panicum maximum"^^<http://www.w3.org/2001/XMLSchema#string>	"Leaf nitrogen content"	"Leaf nitrogen content per dry mass (Nmass)"^^<http://www.w3.org/2001/XMLSchema#string>	1.92	<http://qudt.org/vocab/unit/PERCENT>	"%"^^<http://www.w3.org/2001/XMLSchema#string>
<http://www.wikidata.org/entity/Q2701553>	"Panicum maximum"^^<http://www.w3.org/2001/XMLSchema#string>	"Leaf nitrogen content"	"Leaf nitrogen content per dry mass (Nmass)"^^<http://www.w3.org/2001/XMLSchema#string>	2.45	<http://qudt.org/vocab/unit/PERCENT>	"%"^^<http://www.w3.org/2001/XMLSchema#string>
<http://www.wikidata.org/entity/Q2701553>	"Panicum maximum"^^<http://www.w3.org/2001/XMLSchema#string>	"Leaf nitrogen content"	"Leaf nitrogen content per dry mass (Nmass)"^^<http://www.w3.org/2001/XMLSchema#string>	2.22	<http://qudt.org/vocab/unit/PERCENT>	"%"^^<http://www.w3.org/2001/XMLSchema#string>
<http://www.wikidata.org/entity/Q2701553>	"Panicum maximum"^^<http://www.w3.org/2001/XMLSchema#string>	"Leaf nitrogen content"	"Leaf nitrogen content per dry mass (Nmass)"^^<http://www.w3.org/2001/XMLSchema#string>	2.14	<http://qudt.org/vocab/unit/PERCENT>	"%"^^<http://www.w3.org/2001/XMLSchema#string>
<http://www.wikidata.org/entity/Q2707790>	"Eucalyptus baxteri"^^<http://www.w3.org/2001/XMLSchema#string>	"Specific leaf area"	"SLA: undefined if petiole in- or excluded"^^<http://www.w3.org/2001/XMLSchema#string>	250.0	<http://qudt.org/vocab/unit/GM-PER-M2>	"g/m2"^^<http://www.w3.org/2001/XMLSchema#string>
<http://www.wikidata.org/entity/Q2707920>	"Prunus pensylvanica"^^<http://www.w3.org/2001/XMLSchema#string>	"Leaf nitrogen content"	"Leaf nitrogen content per dry mass (Nmass)"^^<http://www.w3.org/2001/XMLSchema#string>	2.4	<http://qudt.org/vocab/unit/PERCENT>	"%"^^<http://www.w3.org/2001/XMLSchema#string>
<http://www.wikidata.org/entity/Q2708719>	"Synoum glandulosum"^^<http://www.w3.org/2001/XMLSchema#string>	"Leaf phosphorus content"	"Leaf phosphorus content per dry mass (Pmass)"^^<http://www.w3.org/2001/XMLSchema#string>	0.084	<http://qudt.org/vocab/unit/PERCENT>	"%"^^<http://www.w3.org/2001/XMLSchema#string>
<http://www.wikidata.org/entity/Q2709178>	"Grevillea buxifolia"^^<http://www.w3.org/2001/XMLSchema#string>	"Leaf nitrogen content"	"Leaf nitrogen content per dry mass (Nmass)"^^<http://www.w3.org/2001/XMLSchema#string>	0.7078822	<http://qudt.org/vocab/unit/PERCENT>	"%"^^<http://www.w3.org/2001/XMLSchema#string>
<http://www.wikidata.org/entity/Q2709178>	"Grevillea buxifolia"^^<http://www.w3.org/2001/XMLSchema#string>	"Leaf phosphorus content"	"Leaf phosphorus content per dry mass (Pmass)"^^<http://www.w3.org/2001/XMLSchema#string>	0.023	<http://qudt.org/vocab/unit/PERCENT>	"%"^^<http://www.w3.org/2001/XMLSchema#string>
<http://www.wikidata.org/entity/Q2709956>	"Geum triflorum"^^<http://www.w3.org/2001/XMLSchema#string>	"Leaf nitrogen content"	"Leaf nitrogen content per dry mass (Nmass)"^^<http://www.w3.org/2001/XMLSchema#string>	1.62	<http://qudt.org/vocab/unit/PERCENT>	"%"^^<http://www.w3.org/2001/XMLSchema#string>
<http://www.wikidata.org/entity/Q2709956>	"Geum triflorum"^^<http://www.w3.org/2001/XMLSchema#string>	"Leaf nitrogen content"	"Leaf nitrogen content per dry mass (Nmass)"^^<http://www.w3.org/2001/XMLSchema#string>	1.43	<http://qudt.org/vocab/unit/PERCENT>	"%"^^<http://www.w3.org/2001/XMLSchema#string>
<http://www.wikidata.org/entity/Q2709956>	"Geum triflorum"^^<http://www.w3.org/2001/XMLSchema#string>	"Leaf nitrogen content"	"Leaf nitrogen content per dry mass (Nmass)"^^<http://www.w3.org/2001/XMLSchema#string>	1.38	<http://qudt.org/vocab/unit/PERCENT>	"%"^^<http://www.w3.org/2001/XMLSchema#string>
<http://www.wikidata.org/entity/Q2709968>	"Eucalyptus microcarpa"^^<http://www.w3.org/2001/XMLSchema#string>	"Leaf nitrogen content"	"Leaf nitrogen content per dry mass (Nmass)"^^<http://www.w3.org/2001/XMLSchema#string>	0.97	<http://qudt.org/vocab/unit/PERCENT>	"%"^^<http://www.w3.org/2001/XMLSchema#string>
<http://www.wikidata.org/entity/Q2710065>	"Embothrium coccineum"^^<http://www.w3.org/2001/XMLSchema#string>	"Leaf nitrogen content"	"Leaf nitrogen content per dry mass (Nmass)"^^<http://www.w3.org/2001/XMLSchema#string>	1.52	<http://qudt.org/vocab/unit/PERCENT>	"%"^^<http://www.w3.org/2001/XMLSchema#string>
<http://www.wikidata.org/entity/Q2710783>	"Metrosideros polymorpha"^^<http://www.w3.org/2001/XMLSchema#string>	"Leaf phosphorus content"	"Leaf phosphorus content per dry mass (Pmass)"^^<http://www.w3.org/2001/XMLSchema#string>	0.01	<http://qudt.org/vocab/unit/PERCENT>	"%"^^<http://www.w3.org/2001/XMLSchema#string>
<http://www.wikidata.org/entity/Q2712351>	"Eucalyptus conferruminata"^^<http://www.w3.org/2001/XMLSchema#string>	"Leaf nitrogen content"	"Leaf nitrogen content per dry mass (Nmass)"^^<http://www.w3.org/2001/XMLSchema#string>	0.999	<http://qudt.org/vocab/unit/PERCENT>	"%"^^<http://www.w3.org/2001/XMLSchema#string>
<http://www.wikidata.org/entity/Q2712437>	"Acacia holosericea"^^<http://www.w3.org/2001/XMLSchema#string>	"Leaf nitrogen content"	"Leaf nitrogen content per dry mass (Nmass)"^^<http://www.w3.org/2001/XMLSchema#string>	1.948	<http://qudt.org/vocab/unit/PERCENT>	"%"^^<http://www.w3.org/2001/XMLSchema#string>
<http://www.wikidata.org/entity/Q2715047>	"Cenchrus ciliaris"^^<http://www.w3.org/2001/XMLSchema#string>	"Leaf nitrogen content"	"Leaf nitrogen content per dry mass (Nmass)"^^<http://www.w3.org/2001/XMLSchema#string>	1.96	<http://qudt.org/vocab/unit/PERCENT>	"%"^^<http://www.w3.org/2001/XMLSchema#string>
<http://www.wikidata.org/entity/Q271582>	"Pinus pinaster"^^<http://www.w3.org/2001/XMLSchema#string>	"Leaf nitrogen content"	"Leaf nitrogen content per dry mass (Nmass)"^^<http://www.w3.org/2001/XMLSchema#string>	0.95	<http://qudt.org/vocab/unit/PERCENT>	"%"^^<http://www.w3.org/2001/XMLSchema#string>
<http://www.wikidata.org/entity/Q271582>	"Pinus pinaster"^^<http://www.w3.org/2001/XMLSchema#string>	"Leaf nitrogen content"	"Leaf nitrogen content per dry mass (Nmass)"^^<http://www.w3.org/2001/XMLSchema#string>	0.64	<http://qudt.org/vocab/unit/PERCENT>	"%"^^<http://www.w3.org/2001/XMLSchema#string>
<http://www.wikidata.org/entity/Q271582>	"Pinus pinaster"^^<http://www.w3.org/2001/XMLSchema#string>	"Leaf phosphorus content"	"Leaf phosphorus content per dry mass (Pmass)"^^<http://www.w3.org/2001/XMLSchema#string>	0.07	<http://qudt.org/vocab/unit/PERCENT>	"%"^^<http://www.w3.org/2001/XMLSchema#string>
<http://www.wikidata.org/entity/Q271582>	"Pinus pinaster"^^<http://www.w3.org/2001/XMLSchema#string>	"Leaf phosphorus content"	"Leaf phosphorus content per dry mass (Pmass)"^^<http://www.w3.org/2001/XMLSchema#string>	0.072	<http://qudt.org/vocab/unit/PERCENT>	"%"^^<http://www.w3.org/2001/XMLSchema#string>
<http://www.wikidata.org/entity/Q271582>	"Pinus pinaster"^^<http://www.w3.org/2001/XMLSchema#string>	"Specific leaf area"	"SLA: undefined if petiole in- or excluded"^^<http://www.w3.org/2001/XMLSchema#string>	0.006	<http://qudt.org/vocab/unit/M2-PER-GM>	"m2/g"^^<http://www.w3.org/2001/XMLSchema#string>
<http://www.wikidata.org/entity/Q2716393>	"Rhododendron lapponicum"^^<http://www.w3.org/2001/XMLSchema#string>	"Leaf nitrogen content"	"Leaf nitrogen content per dry mass (Nmass)"^^<http://www.w3.org/2001/XMLSchema#string>	1.83	<http://qudt.org/vocab/unit/PERCENT>	"%"^^<http://www.w3.org/2001/XMLSchema#string>
<http://www.wikidata.org/entity/Q2716465>	"Potentilla gracilis"^^<http://www.w3.org/2001/XMLSchema#string>	"Specific leaf area"	"SLA: undefined if petiole in- or excluded"^^<http://www.w3.org/2001/XMLSchema#string>	120.0	<http://qudt.org/vocab/unit/CentiM2-PER-GM>	"SLA cm2/g"^^<http://www.w3.org/2001/XMLSchema#string>
<http://www.wikidata.org/entity/Q2716551>	"Gevuina avellana"^^<http://www.w3.org/2001/XMLSchema#string>	"Leaf nitrogen content"	"Leaf nitrogen content per dry mass (Nmass)"^^<http://www.w3.org/2001/XMLSchema#string>	0.8	<http://qudt.org/vocab/unit/PERCENT>	"%"^^<http://www.w3.org/2001/XMLSchema#string>
<http://www.wikidata.org/entity/Q2716882>	"Pterocarpus angolensis"^^<http://www.w3.org/2001/XMLSchema#string>	"Leaf nitrogen content"	"Leaf nitrogen content per dry mass (Nmass)"^^<http://www.w3.org/2001/XMLSchema#string>	3.01	<http://qudt.org/vocab/unit/PERCENT>	"%"^^<http://www.w3.org/2001/XMLSchema#string>
<http://www.wikidata.org/entity/Q2717654>	"Bridelia retusa"^^<http://www.w3.org/2001/XMLSchema#string>	"Leaf nitrogen content"	"Leaf nitrogen content per dry mass (Nmass)"^^<http://www.w3.org/2001/XMLSchema#string>	1.95	<http://qudt.org/vocab/unit/PERCENT>	"%"^^<http://www.w3.org/2001/XMLSchema#string>
<http://www.wikidata.org/entity/Q2719381>	"Terminalia arjuna"^^<http://www.w3.org/2001/XMLSchema#string>	"Leaf nitrogen content"	"Leaf nitrogen content per dry mass (Nmass)"^^<http://www.w3.org/2001/XMLSchema#string>	1.46	<http://qudt.org/vocab/unit/PERCENT>	"%"^^<http://www.w3.org/2001/XMLSchema#string>
<http://www.wikidata.org/entity/Q2720146>	"Madhuca longifolia"^^<http://www.w3.org/2001/XMLSchema#string>	"Leaf nitrogen content"	"Leaf nitrogen content per dry mass (Nmass)"^^<http://www.w3.org/2001/XMLSchema#string>	1.77	<http://qudt.org/vocab/unit/PERCENT>	"%"^^<http://www.w3.org/2001/XMLSchema#string>
<http://www.wikidata.org/entity/Q2721040>	"Acer obtusatum"^^<http://www.w3.org/2001/XMLSchema#string>	"Leaf nitrogen content"	"Leaf nitrogen content per dry mass (Nmass)"^^<http://www.w3.org/2001/XMLSchema#string>	1.771	<http://qudt.org/vocab/unit/PERCENT>	"%"^^<http://www.w3.org/2001/XMLSchema#string>
<http://www.wikidata.org/entity/Q272661>	"Echinacea purpurea"^^<http://www.w3.org/2001/XMLSchema#string>	"Leaf nitrogen content"	"Leaf nitrogen content per dry mass (Nmass)"^^<http://www.w3.org/2001/XMLSchema#string>	16.86248	<http://qudt.org/vocab/unit/MilliGM-PER-GM>	"mg/g"^^<http://www.w3.org/2001/XMLSchema#string>
<http://www.wikidata.org/entity/Q272661>	"Echinacea purpurea"^^<http://www.w3.org/2001/XMLSchema#string>	"Specific leaf area"	"SLA: petiole  excluded"^^<http://www.w3.org/2001/XMLSchema#string>	72.2	<http://qudt.org/vocab/unit/CentiM2-PER-GM>	"cm2/g"^^<http://www.w3.org/2001/XMLSchema#string>
<http://www.wikidata.org/entity/Q272945>	"Strychnos nux-vomica"^^<http://www.w3.org/2001/XMLSchema#string>	"Leaf nitrogen content"	"Leaf nitrogen content per dry mass (Nmass)"^^<http://www.w3.org/2001/XMLSchema#string>	2.62	<http://qudt.org/vocab/unit/PERCENT>	"%"^^<http://www.w3.org/2001/XMLSchema#string>
<http://www.wikidata.org/entity/Q27344>	"Buxus sempervirens"^^<http://www.w3.org/2001/XMLSchema#string>	"Leaf phosphorus content"	"Leaf phosphorus content per dry mass (Pmass)"^^<http://www.w3.org/2001/XMLSchema#string>	0.102	<http://qudt.org/vocab/unit/PERCENT>	"%"^^<http://www.w3.org/2001/XMLSchema#string>
<http://www.wikidata.org/entity/Q27344>	"Buxus sempervirens"^^<http://www.w3.org/2001/XMLSchema#string>	"Specific leaf area"	"SLA: undefined if petiole in- or excluded"^^<http://www.w3.org/2001/XMLSchema#string>	61.0	<http://qudt.org/vocab/unit/CentiM2-PER-GM>	"SLA cm2/g"^^<http://www.w3.org/2001/XMLSchema#string>
<http://www.wikidata.org/entity/Q27344>	"Buxus sempervirens"^^<http://www.w3.org/2001/XMLSchema#string>	"Specific leaf area"	"SLA: undefined if petiole in- or excluded"^^<http://www.w3.org/2001/XMLSchema#string>	61.0	<http://qudt.org/vocab/unit/CentiM2-PER-GM>	"cm2/g"^^<http://www.w3.org/2001/XMLSchema#string>
<http://www.wikidata.org/entity/Q27501>	"Bidens cernua"^^<http://www.w3.org/2001/XMLSchema#string>	"Leaf nitrogen content"	"Leaf nitrogen content per dry mass (Nmass)"^^<http://www.w3.org/2001/XMLSchema#string>	16.82349	<http://qudt.org/vocab/unit/MilliGM-PER-GM>	"mg/g"^^<http://www.w3.org/2001/XMLSchema#string>
<http://www.wikidata.org/entity/Q27501>	"Bidens cernua"^^<http://www.w3.org/2001/XMLSchema#string>	"Specific leaf area"	"SLA: petiole  excluded"^^<http://www.w3.org/2001/XMLSchema#string>	83.2	<http://qudt.org/vocab/unit/CentiM2-PER-GM>	"cm2/g"^^<http://www.w3.org/2001/XMLSchema#string>
<http://www.wikidata.org/entity/Q275620>	"Annona squamosa"^^<http://www.w3.org/2001/XMLSchema#string>	"Leaf nitrogen content"	"Leaf nitrogen content per dry mass (Nmass)"^^<http://www.w3.org/2001/XMLSchema#string>	3.17	<http://qudt.org/vocab/unit/PERCENT>	"%"^^<http://www.w3.org/2001/XMLSchema#string>
<http://www.wikidata.org/entity/Q276262>	"Elymus repens"^^<http://www.w3.org/2001/XMLSchema#string>	"Leaf nitrogen content"	"Leaf nitrogen content per dry mass (Nmass)"^^<http://www.w3.org/2001/XMLSchema#string>	1.783322	<http://qudt.org/vocab/unit/PERCENT>	"%"^^<http://www.w3.org/2001/XMLSchema#string>
<http://www.wikidata.org/entity/Q276262>	"Elymus repens"^^<http://www.w3.org/2001/XMLSchema#string>	"Specific leaf area"	"SLA: undefined if petiole in- or excluded"^^<http://www.w3.org/2001/XMLSchema#string>	241.3118	<http://qudt.org/vocab/unit/CentiM2-PER-GM>	"SLA cm2/g"^^<http://www.w3.org/2001/XMLSchema#string>
<http://www.wikidata.org/entity/Q276342>	"Hieracium sabaudum"^^<http://www.w3.org/2001/XMLSchema#string>	"Leaf nitrogen content"	"Leaf nitrogen content per dry mass (Nmass)"^^<http://www.w3.org/2001/XMLSchema#string>	2.028571	<http://qudt.org/vocab/unit/PERCENT>	"%"^^<http://www.w3.org/2001/XMLSchema#string>
<http://www.wikidata.org/entity/Q276342>	"Hieracium sabaudum"^^<http://www.w3.org/2001/XMLSchema#string>	"Leaf nitrogen content"	"Leaf nitrogen content per dry mass (Nmass)"^^<http://www.w3.org/2001/XMLSchema#string>	1.70503	<http://qudt.org/vocab/unit/PERCENT>	"%"^^<http://www.w3.org/2001/XMLSchema#string>
<http://www.wikidata.org/entity/Q27989>	"Campanula rotundifolia"^^<http://www.w3.org/2001/XMLSchema#string>	"Leaf nitrogen content"	"Leaf nitrogen content per dry mass (Nmass)"^^<http://www.w3.org/2001/XMLSchema#string>	23.7	<http://qudt.org/vocab/unit/MilliGM-PER-GM>	"(mg g-1)"^^<http://www.w3.org/2001/XMLSchema#string>
<http://www.wikidata.org/entity/Q27989>	"Campanula rotundifolia"^^<http://www.w3.org/2001/XMLSchema#string>	"Specific leaf area"	"SLA: undefined if petiole in- or excluded"^^<http://www.w3.org/2001/XMLSchema#string>	200.0	<http://qudt.org/vocab/unit/CentiM2-PER-GM>	"SLA cm2/g"^^<http://www.w3.org/2001/XMLSchema#string>
<http://www.wikidata.org/entity/Q27989>	"Campanula rotundifolia"^^<http://www.w3.org/2001/XMLSchema#string>	"Specific leaf area"	"SLA: undefined if petiole in- or excluded"^^<http://www.w3.org/2001/XMLSchema#string>	206.6	<http://qudt.org/vocab/unit/CentiM2-PER-GM>	"SLA cm2/g"^^<http://www.w3.org/2001/XMLSchema#string>
<http://www.wikidata.org/entity/Q28017>	"Raphanus raphanistrum"^^<http://www.w3.org/2001/XMLSchema#string>	"Specific leaf area"	"SLA: undefined if petiole in- or excluded"^^<http://www.w3.org/2001/XMLSchema#string>	267.0584	<http://qudt.org/vocab/unit/CentiM2-PER-GM>	"SLA cm2/g"^^<http://www.w3.org/2001/XMLSchema#string>
<http://www.wikidata.org/entity/Q281286>	"Micropholis maguirei"^^<http://www.w3.org/2001/XMLSchema#string>	"Leaf nitrogen content"	"Leaf nitrogen content per dry mass (Nmass)"^^<http://www.w3.org/2001/XMLSchema#string>	0.71	<http://qudt.org/vocab/unit/PERCENT>	"%"^^<http://www.w3.org/2001/XMLSchema#string>
<http://www.wikidata.org/entity/Q281286>	"Micropholis maguirei"^^<http://www.w3.org/2001/XMLSchema#string>	"Leaf nitrogen content"	"Leaf nitrogen content per dry mass (Nmass)"^^<http://www.w3.org/2001/XMLSchema#string>	0.81	<http://qudt.org/vocab/unit/PERCENT>	"%"^^<http://www.w3.org/2001/XMLSchema#string>
<http://www.wikidata.org/entity/Q281286>	"Micropholis maguirei"^^<http://www.w3.org/2001/XMLSchema#string>	"Leaf nitrogen content"	"Leaf nitrogen content per dry mass (Nmass)"^^<http://www.w3.org/2001/XMLSchema#string>	0.88	<http://qudt.org/vocab/unit/PERCENT>	"%"^^<http://www.w3.org/2001/XMLSchema#string>
<http://www.wikidata.org/entity/Q281286>	"Micropholis maguirei"^^<http://www.w3.org/2001/XMLSchema#string>	"Leaf nitrogen content"	"Leaf nitrogen content per dry mass (Nmass)"^^<http://www.w3.org/2001/XMLSchema#string>	0.77	<http://qudt.org/vocab/unit/PERCENT>	"%"^^<http://www.w3.org/2001/XMLSchema#string>
<http://www.wikidata.org/entity/Q281286>	"Micropholis maguirei"^^<http://www.w3.org/2001/XMLSchema#string>	"Leaf nitrogen content"	"Leaf nitrogen content per dry mass (Nmass)"^^<http://www.w3.org/2001/XMLSchema#string>	0.72	<http://qudt.org/vocab/unit/PERCENT>	"%"^^<http://www.w3.org/2001/XMLSchema#string>
<http://www.wikidata.org/entity/Q281286>	"Micropholis maguirei"^^<http://www.w3.org/2001/XMLSchema#string>	"Leaf nitrogen content"	"Leaf nitrogen content per dry mass (Nmass)"^^<http://www.w3.org/2001/XMLSchema#string>	0.89	<http://qudt.org/vocab/unit/PERCENT>	"%"^^<http://www.w3.org/2001/XMLSchema#string>
<http://www.wikidata.org/entity/Q281286>	"Micropholis maguirei"^^<http://www.w3.org/2001/XMLSchema#string>	"Leaf nitrogen content"	"Leaf nitrogen content per dry mass (Nmass)"^^<http://www.w3.org/2001/XMLSchema#string>	0.62	<http://qudt.org/vocab/unit/PERCENT>	"%"^^<http://www.w3.org/2001/XMLSchema#string>
<http://www.wikidata.org/entity/Q281286>	"Micropholis maguirei"^^<http://www.w3.org/2001/XMLSchema#string>	"Leaf nitrogen content"	"Leaf nitrogen content per dry mass (Nmass)"^^<http://www.w3.org/2001/XMLSchema#string>	0.66	<http://qudt.org/vocab/unit/PERCENT>	"%"^^<http://www.w3.org/2001/XMLSchema#string>
<http://www.wikidata.org/entity/Q2822205>	"Acacia suaveolens"^^<http://www.w3.org/2001/XMLSchema#string>	"Leaf phosphorus content"	"Leaf phosphorus content per dry mass (Pmass)"^^<http://www.w3.org/2001/XMLSchema#string>	0.022	<http://qudt.org/vocab/unit/PERCENT>	"%"^^<http://www.w3.org/2001/XMLSchema#string>
<http://www.wikidata.org/entity/Q284736>	"Aralia elata"^^<http://www.w3.org/2001/XMLSchema#string>	"Leaf nitrogen content"	"Leaf nitrogen content per dry mass (Nmass)"^^<http://www.w3.org/2001/XMLSchema#string>	2.77	<http://qudt.org/vocab/unit/PERCENT>	"%"^^<http://www.w3.org/2001/XMLSchema#string>
<http://www.wikidata.org/entity/Q284736>	"Aralia elata"^^<http://www.w3.org/2001/XMLSchema#string>	"Specific leaf area"	"SLA: undefined if petiole in- or excluded"^^<http://www.w3.org/2001/XMLSchema#string>	269.324	<http://qudt.org/vocab/unit/CentiM2-PER-GM>	"SLA cm2/g"^^<http://www.w3.org/2001/XMLSchema#string>
<http://www.wikidata.org/entity/Q28557>	"Phragmites australis"^^<http://www.w3.org/2001/XMLSchema#string>	"Leaf nitrogen content"	"Leaf nitrogen content per dry mass (Nmass)"^^<http://www.w3.org/2001/XMLSchema#string>	1.81	<http://qudt.org/vocab/unit/PERCENT>	"%"^^<http://www.w3.org/2001/XMLSchema#string>
<http://www.wikidata.org/entity/Q28557>	"Phragmites australis"^^<http://www.w3.org/2001/XMLSchema#string>	"Leaf nitrogen content"	"Leaf nitrogen content per dry mass (Nmass)"^^<http://www.w3.org/2001/XMLSchema#string>	18.1	<http://qudt.org/vocab/unit/MilliGM-PER-GM>	"mg/g"^^<http://www.w3.org/2001/XMLSchema#string>
<http://www.wikidata.org/entity/Q28557>	"Phragmites australis"^^<http://www.w3.org/2001/XMLSchema#string>	"Leaf phosphorus content"	"Leaf phosphorus content per dry mass (Pmass)"^^<http://www.w3.org/2001/XMLSchema#string>	1.15	<http://qudt.org/vocab/unit/MilliGM-PER-GM>	"mg/g"^^<http://www.w3.org/2001/XMLSchema#string>
<http://www.wikidata.org/entity/Q285744>	"Acer rufinerve"^^<http://www.w3.org/2001/XMLSchema#string>	"Leaf nitrogen content"	"Leaf nitrogen content per dry mass (Nmass)"^^<http://www.w3.org/2001/XMLSchema#string>	1.52	<http://qudt.org/vocab/unit/PERCENT>	"%"^^<http://www.w3.org/2001/XMLSchema#string>
<http://www.wikidata.org/entity/Q285744>	"Acer rufinerve"^^<http://www.w3.org/2001/XMLSchema#string>	"Specific leaf area"	"SLA: undefined if petiole in- or excluded"^^<http://www.w3.org/2001/XMLSchema#string>	271.7391	<http://qudt.org/vocab/unit/CentiM2-PER-GM>	"SLA cm2/g"^^<http://www.w3.org/2001/XMLSchema#string>
<http://www.wikidata.org/entity/Q2882726>	"Banksia oblongifolia"^^<http://www.w3.org/2001/XMLSchema#string>	"Specific leaf area"	"SLA: undefined if petiole in- or excluded"^^<http://www.w3.org/2001/XMLSchema#string>	210.0	<http://qudt.org/vocab/unit/GM-PER-M2>	"g/m2"^^<http://www.w3.org/2001/XMLSchema#string>
<http://www.wikidata.org/entity/Q289828>	"Euterpe precatoria"^^<http://www.w3.org/2001/XMLSchema#string>	"Specific leaf area"	"SLA: undefined if petiole in- or excluded"^^<http://www.w3.org/2001/XMLSchema#string>	23.25581	<http://qudt.org/vocab/unit/M2-PER-KiloGM>	"m2/kg"^^<http://www.w3.org/2001/XMLSchema#string>
<http://www.wikidata.org/entity/Q289828>	"Euterpe precatoria"^^<http://www.w3.org/2001/XMLSchema#string>	"Specific leaf area"	"SLA: undefined if petiole in- or excluded"^^<http://www.w3.org/2001/XMLSchema#string>	25.0	<http://qudt.org/vocab/unit/M2-PER-KiloGM>	"m2/kg"^^<http://www.w3.org/2001/XMLSchema#string>
<http://www.wikidata.org/entity/Q289828>	"Euterpe precatoria"^^<http://www.w3.org/2001/XMLSchema#string>	"Specific leaf area"	"SLA: undefined if petiole in- or excluded"^^<http://www.w3.org/2001/XMLSchema#string>	20.40816	<http://qudt.org/vocab/unit/M2-PER-KiloGM>	"m2/kg"^^<http://www.w3.org/2001/XMLSchema#string>
<http://www.wikidata.org/entity/Q289828>	"Euterpe precatoria"^^<http://www.w3.org/2001/XMLSchema#string>	"Specific leaf area"	"SLA: undefined if petiole in- or excluded"^^<http://www.w3.org/2001/XMLSchema#string>	17.85714	<http://qudt.org/vocab/unit/M2-PER-KiloGM>	"m2/kg"^^<http://www.w3.org/2001/XMLSchema#string>
<http://www.wikidata.org/entity/Q2911250>	"Boronia ledifolia"^^<http://www.w3.org/2001/XMLSchema#string>	"Leaf nitrogen content"	"Leaf nitrogen content per dry mass (Nmass)"^^<http://www.w3.org/2001/XMLSchema#string>	1.191103	<http://qudt.org/vocab/unit/PERCENT>	"%"^^<http://www.w3.org/2001/XMLSchema#string>
<http://www.wikidata.org/entity/Q2913365>	"Lycopus americanus"^^<http://www.w3.org/2001/XMLSchema#string>	"Leaf nitrogen content"	"Leaf nitrogen content per dry mass (Nmass)"^^<http://www.w3.org/2001/XMLSchema#string>	20.03562	<http://qudt.org/vocab/unit/MilliGM-PER-GM>	"mg/g"^^<http://www.w3.org/2001/XMLSchema#string>
<http://www.wikidata.org/entity/Q2913365>	"Lycopus americanus"^^<http://www.w3.org/2001/XMLSchema#string>	"Specific leaf area"	"SLA: petiole  excluded"^^<http://www.w3.org/2001/XMLSchema#string>	103.1	<http://qudt.org/vocab/unit/CentiM2-PER-GM>	"cm2/g"^^<http://www.w3.org/2001/XMLSchema#string>
<http://www.wikidata.org/entity/Q2921547>	"Bougainvillea spectabilis"^^<http://www.w3.org/2001/XMLSchema#string>	"Leaf nitrogen content"	"Leaf nitrogen content per dry mass (Nmass)"^^<http://www.w3.org/2001/XMLSchema#string>	2.73	<http://qudt.org/vocab/unit/PERCENT>	"%"^^<http://www.w3.org/2001/XMLSchema#string>
<http://www.wikidata.org/entity/Q292660>	"Aextoxicon punctatum"^^<http://www.w3.org/2001/XMLSchema#string>	"Leaf nitrogen content"	"Leaf nitrogen content per dry mass (Nmass)"^^<http://www.w3.org/2001/XMLSchema#string>	0.98	<http://qudt.org/vocab/unit/PERCENT>	"%"^^<http://www.w3.org/2001/XMLSchema#string>
<http://www.wikidata.org/entity/Q2938847>	"Carissa spinarum"^^<http://www.w3.org/2001/XMLSchema#string>	"Leaf nitrogen content"	"Leaf nitrogen content per dry mass (Nmass)"^^<http://www.w3.org/2001/XMLSchema#string>	1.284	<http://qudt.org/vocab/unit/PERCENT>	"%"^^<http://www.w3.org/2001/XMLSchema#string>
<http://www.wikidata.org/entity/Q2962163>	"Cheirodendron trigynum"^^<http://www.w3.org/2001/XMLSchema#string>	"Leaf phosphorus content"	"Leaf phosphorus content per dry mass (Pmass)"^^<http://www.w3.org/2001/XMLSchema#string>	0.09	<http://qudt.org/vocab/unit/PERCENT>	"%"^^<http://www.w3.org/2001/XMLSchema#string>
<http://www.wikidata.org/entity/Q29907>	"Lotus corniculatus"^^<http://www.w3.org/2001/XMLSchema#string>	"Leaf phosphorus content"	"Leaf phosphorus content per dry mass (Pmass)"^^<http://www.w3.org/2001/XMLSchema#string>	0.13	<http://qudt.org/vocab/unit/PERCENT>	"%"^^<http://www.w3.org/2001/XMLSchema#string>
<http://www.wikidata.org/entity/Q29951>	"Rumex acetosella"^^<http://www.w3.org/2001/XMLSchema#string>	"Leaf phosphorus content"	"Leaf phosphorus content per dry mass (Pmass)"^^<http://www.w3.org/2001/XMLSchema#string>	0.29	<http://qudt.org/vocab/unit/PERCENT>	"%"^^<http://www.w3.org/2001/XMLSchema#string>
<http://www.wikidata.org/entity/Q2996868>	"Coprosma ernodeoides"^^<http://www.w3.org/2001/XMLSchema#string>	"Leaf nitrogen content"	"Leaf nitrogen content per dry mass (Nmass)"^^<http://www.w3.org/2001/XMLSchema#string>	0.99	<http://qudt.org/vocab/unit/PERCENT>	"%"^^<http://www.w3.org/2001/XMLSchema#string>
<http://www.wikidata.org/entity/Q2998195>	"Corymbia terminalis"^^<http://www.w3.org/2001/XMLSchema#string>	"Leaf nitrogen content"	"Leaf nitrogen content per dry mass (Nmass)"^^<http://www.w3.org/2001/XMLSchema#string>	1.164	<http://qudt.org/vocab/unit/PERCENT>	"%"^^<http://www.w3.org/2001/XMLSchema#string>
<http://www.wikidata.org/entity/Q3006577>	"Lomatia hirsuta"^^<http://www.w3.org/2001/XMLSchema#string>	"Leaf nitrogen content"	"Leaf nitrogen content per dry mass (Nmass)"^^<http://www.w3.org/2001/XMLSchema#string>	0.84	<http://qudt.org/vocab/unit/PERCENT>	"%"^^<http://www.w3.org/2001/XMLSchema#string>
<http://www.wikidata.org/entity/Q3013132>	"Hakea amplexicaulis"^^<http://www.w3.org/2001/XMLSchema#string>	"Leaf nitrogen content"	"Leaf nitrogen content per dry mass (Nmass)"^^<http://www.w3.org/2001/XMLSchema#string>	0.359	<http://qudt.org/vocab/unit/PERCENT>	"%"^^<http://www.w3.org/2001/XMLSchema#string>
<http://www.wikidata.org/entity/Q3013132>	"Hakea amplexicaulis"^^<http://www.w3.org/2001/XMLSchema#string>	"Leaf phosphorus content"	"Leaf phosphorus content per dry mass (Pmass)"^^<http://www.w3.org/2001/XMLSchema#string>	0.013	<http://qudt.org/vocab/unit/PERCENT>	"%"^^<http://www.w3.org/2001/XMLSchema#string>
<http://www.wikidata.org/entity/Q3013856>	"Schizachyrium scoparium"^^<http://www.w3.org/2001/XMLSchema#string>	"Leaf nitrogen content"	"Leaf nitrogen content per dry mass (Nmass)"^^<http://www.w3.org/2001/XMLSchema#string>	1.5033	<http://qudt.org/vocab/unit/PERCENT>	"%"^^<http://www.w3.org/2001/XMLSchema#string>
<http://www.wikidata.org/entity/Q3020855>	"Eucalyptus tricarpa"^^<http://www.w3.org/2001/XMLSchema#string>	"Specific leaf area"	"SLA: undefined if petiole in- or excluded"^^<http://www.w3.org/2001/XMLSchema#string>	38.0	<http://qudt.org/vocab/unit/CentiM2-PER-GM>	"SLA cm2/g"^^<http://www.w3.org/2001/XMLSchema#string>
<http://www.wikidata.org/entity/Q3024342>	"Styphelia tameiameiae"^^<http://www.w3.org/2001/XMLSchema#string>	"Leaf nitrogen content"	"Leaf nitrogen content per dry mass (Nmass)"^^<http://www.w3.org/2001/XMLSchema#string>	0.82	<http://qudt.org/vocab/unit/PERCENT>	"%"^^<http://www.w3.org/2001/XMLSchema#string>
<http://www.wikidata.org/entity/Q3024698>	"Panicum repens"^^<http://www.w3.org/2001/XMLSchema#string>	"Specific leaf area"	"SLA: undefined if petiole in- or excluded"^^<http://www.w3.org/2001/XMLSchema#string>	6.21	<http://qudt.org/vocab/unit/M2-PER-KiloGM>	"m2 kg-1"^^<http://www.w3.org/2001/XMLSchema#string>
<http://www.wikidata.org/entity/Q3024698>	"Panicum repens"^^<http://www.w3.org/2001/XMLSchema#string>	"Specific leaf area"	"SLA: undefined if petiole in- or excluded"^^<http://www.w3.org/2001/XMLSchema#string>	5.65	<http://qudt.org/vocab/unit/M2-PER-KiloGM>	"m2 kg-1"^^<http://www.w3.org/2001/XMLSchema#string>
<http://www.wikidata.org/entity/Q3024698>	"Panicum repens"^^<http://www.w3.org/2001/XMLSchema#string>	"Specific leaf area"	"SLA: undefined if petiole in- or excluded"^^<http://www.w3.org/2001/XMLSchema#string>	6.72	<http://qudt.org/vocab/unit/M2-PER-KiloGM>	"m2 kg-1"^^<http://www.w3.org/2001/XMLSchema#string>
<http://www.wikidata.org/entity/Q3046578>	"Sorghastrum nutans"^^<http://www.w3.org/2001/XMLSchema#string>	"Leaf nitrogen content"	"Leaf nitrogen content per dry mass (Nmass)"^^<http://www.w3.org/2001/XMLSchema#string>	1.966225	<http://qudt.org/vocab/unit/PERCENT>	"%"^^<http://www.w3.org/2001/XMLSchema#string>
<http://www.wikidata.org/entity/Q3046578>	"Sorghastrum nutans"^^<http://www.w3.org/2001/XMLSchema#string>	"Leaf nitrogen content"	"Leaf nitrogen content per dry mass (Nmass)"^^<http://www.w3.org/2001/XMLSchema#string>	1.39	<http://qudt.org/vocab/unit/PERCENT>	"%"^^<http://www.w3.org/2001/XMLSchema#string>
<http://www.wikidata.org/entity/Q3046578>	"Sorghastrum nutans"^^<http://www.w3.org/2001/XMLSchema#string>	"Leaf nitrogen content"	"Leaf nitrogen content per dry mass (Nmass)"^^<http://www.w3.org/2001/XMLSchema#string>	0.9	<http://qudt.org/vocab/unit/PERCENT>	"%"^^<http://www.w3.org/2001/XMLSchema#string>
<http://www.wikidata.org/entity/Q3055688>	"Eperua glabriflora"^^<http://www.w3.org/2001/XMLSchema#string>	"Leaf nitrogen content"	"Leaf nitrogen content per dry mass (Nmass)"^^<http://www.w3.org/2001/XMLSchema#string>	1.49	<http://qudt.org/vocab/unit/PERCENT>	"%"^^<http://www.w3.org/2001/XMLSchema#string>
<http://www.wikidata.org/entity/Q3055688>	"Eperua glabriflora"^^<http://www.w3.org/2001/XMLSchema#string>	"Leaf phosphorus content"	"Leaf phosphorus content per dry mass (Pmass)"^^<http://www.w3.org/2001/XMLSchema#string>	0.088	<http://qudt.org/vocab/unit/PERCENT>	"%"^^<http://www.w3.org/2001/XMLSchema#string>
<http://www.wikidata.org/entity/Q3057603>	"Erythrophleum chlorostachys"^^<http://www.w3.org/2001/XMLSchema#string>	"Leaf phosphorus content"	"Leaf phosphorus content per dry mass (Pmass)"^^<http://www.w3.org/2001/XMLSchema#string>	0.081	<http://qudt.org/vocab/unit/PERCENT>	"%"^^<http://www.w3.org/2001/XMLSchema#string>
<http://www.wikidata.org/entity/Q3061622>	"Krameria erecta"^^<http://www.w3.org/2001/XMLSchema#string>	"Leaf nitrogen content"	"Leaf nitrogen content per dry mass (Nmass)"^^<http://www.w3.org/2001/XMLSchema#string>	1.77	<http://qudt.org/vocab/unit/PERCENT>	"%"^^<http://www.w3.org/2001/XMLSchema#string>
<http://www.wikidata.org/entity/Q3061622>	"Krameria erecta"^^<http://www.w3.org/2001/XMLSchema#string>	"Leaf nitrogen content"	"Leaf nitrogen content per dry mass (Nmass)"^^<http://www.w3.org/2001/XMLSchema#string>	1.32	<http://qudt.org/vocab/unit/PERCENT>	"%"^^<http://www.w3.org/2001/XMLSchema#string>
<http://www.wikidata.org/entity/Q3061622>	"Krameria erecta"^^<http://www.w3.org/2001/XMLSchema#string>	"Leaf nitrogen content"	"Leaf nitrogen content per dry mass (Nmass)"^^<http://www.w3.org/2001/XMLSchema#string>	1.91	<http://qudt.org/vocab/unit/PERCENT>	"%"^^<http://www.w3.org/2001/XMLSchema#string>
<http://www.wikidata.org/entity/Q3071424>	"Ficus rumphii"^^<http://www.w3.org/2001/XMLSchema#string>	"Leaf nitrogen content"	"Leaf nitrogen content per dry mass (Nmass)"^^<http://www.w3.org/2001/XMLSchema#string>	1.55	<http://qudt.org/vocab/unit/PERCENT>	"%"^^<http://www.w3.org/2001/XMLSchema#string>
<http://www.wikidata.org/entity/Q3071706>	"Ficus religiosa"^^<http://www.w3.org/2001/XMLSchema#string>	"Leaf nitrogen content"	"Leaf nitrogen content per dry mass (Nmass)"^^<http://www.w3.org/2001/XMLSchema#string>	1.48	<http://qudt.org/vocab/unit/PERCENT>	"%"^^<http://www.w3.org/2001/XMLSchema#string>
<http://www.wikidata.org/entity/Q30959>	"Datura stramonium"^^<http://www.w3.org/2001/XMLSchema#string>	"Leaf nitrogen content"	"Leaf nitrogen content per dry mass (Nmass)"^^<http://www.w3.org/2001/XMLSchema#string>	5.72	<http://qudt.org/vocab/unit/PERCENT>	"%"^^<http://www.w3.org/2001/XMLSchema#string>
<http://www.wikidata.org/entity/Q30973979>	"Taraxacum croceum"^^<http://www.w3.org/2001/XMLSchema#string>	"Specific leaf area"	"SLA: undefined if petiole in- or excluded"^^<http://www.w3.org/2001/XMLSchema#string>	347.5	<http://qudt.org/vocab/unit/CentiM2-PER-GM>	"SLA cm2/g"^^<http://www.w3.org/2001/XMLSchema#string>
<http://www.wikidata.org/entity/Q310455>	"Scolymus maculatus"^^<http://www.w3.org/2001/XMLSchema#string>	"Specific leaf area"	"SLA: undefined if petiole in- or excluded"^^<http://www.w3.org/2001/XMLSchema#string>	347.4208	<http://qudt.org/vocab/unit/CentiM2-PER-GM>	"SLA cm2/g"^^<http://www.w3.org/2001/XMLSchema#string>
<http://www.wikidata.org/entity/Q310876>	"Melaleuca leucadendra"^^<http://www.w3.org/2001/XMLSchema#string>	"Leaf phosphorus content"	"Leaf phosphorus content per dry mass (Pmass)"^^<http://www.w3.org/2001/XMLSchema#string>	0.082	<http://qudt.org/vocab/unit/PERCENT>	"%"^^<http://www.w3.org/2001/XMLSchema#string>
<http://www.wikidata.org/entity/Q3109336>	"Glyceria canadensis"^^<http://www.w3.org/2001/XMLSchema#string>	"Leaf nitrogen content"	"Leaf nitrogen content per dry mass (Nmass)"^^<http://www.w3.org/2001/XMLSchema#string>	19.68249	<http://qudt.org/vocab/unit/MilliGM-PER-GM>	"mg/g"^^<http://www.w3.org/2001/XMLSchema#string>
<http://www.wikidata.org/entity/Q3109336>	"Glyceria canadensis"^^<http://www.w3.org/2001/XMLSchema#string>	"Specific leaf area"	"SLA: petiole  excluded"^^<http://www.w3.org/2001/XMLSchema#string>	98.57	<http://qudt.org/vocab/unit/CentiM2-PER-GM>	"cm2/g"^^<http://www.w3.org/2001/XMLSchema#string>
<http://www.wikidata.org/entity/Q311432>	"Dichrostachys cinerea"^^<http://www.w3.org/2001/XMLSchema#string>	"Leaf nitrogen content"	"Leaf nitrogen content per dry mass (Nmass)"^^<http://www.w3.org/2001/XMLSchema#string>	3.14	<http://qudt.org/vocab/unit/PERCENT>	"%"^^<http://www.w3.org/2001/XMLSchema#string>
<http://www.wikidata.org/entity/Q311844>	"Dittrichia viscosa"^^<http://www.w3.org/2001/XMLSchema#string>	"Leaf nitrogen content"	"Leaf nitrogen content per dry mass (Nmass)"^^<http://www.w3.org/2001/XMLSchema#string>	3.4	<http://qudt.org/vocab/unit/PERCENT>	"%"^^<http://www.w3.org/2001/XMLSchema#string>
<http://www.wikidata.org/entity/Q3122680>	"Gymnosporia senegalensis"^^<http://www.w3.org/2001/XMLSchema#string>	"Leaf nitrogen content"	"Leaf nitrogen content per dry mass (Nmass)"^^<http://www.w3.org/2001/XMLSchema#string>	1.16	<http://qudt.org/vocab/unit/PERCENT>	"%"^^<http://www.w3.org/2001/XMLSchema#string>
<http://www.wikidata.org/entity/Q3156354>	"Lolium rigidum"^^<http://www.w3.org/2001/XMLSchema#string>	"Specific leaf area"	"SLA: undefined if petiole in- or excluded"^^<http://www.w3.org/2001/XMLSchema#string>	289.4593	<http://qudt.org/vocab/unit/CentiM2-PER-GM>	"SLA cm2/g"^^<http://www.w3.org/2001/XMLSchema#string>
<http://www.wikidata.org/entity/Q3179247>	"Clethra barbinervis"^^<http://www.w3.org/2001/XMLSchema#string>	"Leaf nitrogen content"	"Leaf nitrogen content per dry mass (Nmass)"^^<http://www.w3.org/2001/XMLSchema#string>	1.78	<http://qudt.org/vocab/unit/PERCENT>	"%"^^<http://www.w3.org/2001/XMLSchema#string>
<http://www.wikidata.org/entity/Q3179247>	"Clethra barbinervis"^^<http://www.w3.org/2001/XMLSchema#string>	"Specific leaf area"	"SLA: undefined if petiole in- or excluded"^^<http://www.w3.org/2001/XMLSchema#string>	329.7066	<http://qudt.org/vocab/unit/CentiM2-PER-GM>	"SLA cm2/g"^^<http://www.w3.org/2001/XMLSchema#string>
<http://www.wikidata.org/entity/Q3192236>	"Kalmia angustifolia"^^<http://www.w3.org/2001/XMLSchema#string>	"Specific leaf area"	"SLA: undefined if petiole in- or excluded (1)"^^<http://www.w3.org/2001/XMLSchema#string>	5.5	<http://qudt.org/vocab/unit/M2-PER-KiloGM>	"m2/Kg"^^<http://www.w3.org/2001/XMLSchema#string>
<http://www.wikidata.org/entity/Q31931>	"Syzygium jambos"^^<http://www.w3.org/2001/XMLSchema#string>	"Leaf nitrogen content"	"Leaf nitrogen content per dry mass (Nmass)"^^<http://www.w3.org/2001/XMLSchema#string>	1.35	<http://qudt.org/vocab/unit/PERCENT>	"%"^^<http://www.w3.org/2001/XMLSchema#string>
<http://www.wikidata.org/entity/Q32465>	"Lepidium latifolium"^^<http://www.w3.org/2001/XMLSchema#string>	"Leaf nitrogen content"	"Leaf nitrogen content per dry mass (Nmass)"^^<http://www.w3.org/2001/XMLSchema#string>	48.8	<http://qudt.org/vocab/unit/MilliGM-PER-GM>	"mg/g"^^<http://www.w3.org/2001/XMLSchema#string>
<http://www.wikidata.org/entity/Q32465>	"Lepidium latifolium"^^<http://www.w3.org/2001/XMLSchema#string>	"Leaf phosphorus content"	"Leaf phosphorus content per dry mass (Pmass)"^^<http://www.w3.org/2001/XMLSchema#string>	4.34	<http://qudt.org/vocab/unit/MilliGM-PER-GM>	"mg/g"^^<http://www.w3.org/2001/XMLSchema#string>
<http://www.wikidata.org/entity/Q3269614>	"Hydrangea hirta"^^<http://www.w3.org/2001/XMLSchema#string>	"Leaf nitrogen content"	"Leaf nitrogen content per dry mass (Nmass)"^^<http://www.w3.org/2001/XMLSchema#string>	2.96	<http://qudt.org/vocab/unit/PERCENT>	"%"^^<http://www.w3.org/2001/XMLSchema#string>
<http://www.wikidata.org/entity/Q3269614>	"Hydrangea hirta"^^<http://www.w3.org/2001/XMLSchema#string>	"Leaf nitrogen content"	"Leaf nitrogen content per dry mass (Nmass)"^^<http://www.w3.org/2001/XMLSchema#string>	2.9	<http://qudt.org/vocab/unit/PERCENT>	"%"^^<http://www.w3.org/2001/XMLSchema#string>
<http://www.wikidata.org/entity/Q3269614>	"Hydrangea hirta"^^<http://www.w3.org/2001/XMLSchema#string>	"Leaf nitrogen content"	"Leaf nitrogen content per dry mass (Nmass)"^^<http://www.w3.org/2001/XMLSchema#string>	2.41	<http://qudt.org/vocab/unit/PERCENT>	"%"^^<http://www.w3.org/2001/XMLSchema#string>
<http://www.wikidata.org/entity/Q3281558>	"Sibbaldia procumbens"^^<http://www.w3.org/2001/XMLSchema#string>	"Specific leaf area"	"SLA: undefined if petiole in- or excluded"^^<http://www.w3.org/2001/XMLSchema#string>	158.0	<http://qudt.org/vocab/unit/CentiM2-PER-GM>	"SLA cm2/g"^^<http://www.w3.org/2001/XMLSchema#string>
<http://www.wikidata.org/entity/Q329046>	"Arbutus unedo"^^<http://www.w3.org/2001/XMLSchema#string>	"Leaf nitrogen content"	"Leaf nitrogen content per dry mass (Nmass)"^^<http://www.w3.org/2001/XMLSchema#string>	1.52	<http://qudt.org/vocab/unit/PERCENT>	"%"^^<http://www.w3.org/2001/XMLSchema#string>
<http://www.wikidata.org/entity/Q329046>	"Arbutus unedo"^^<http://www.w3.org/2001/XMLSchema#string>	"Leaf nitrogen content"	"Leaf nitrogen content per dry mass (Nmass)"^^<http://www.w3.org/2001/XMLSchema#string>	1.49	<http://qudt.org/vocab/unit/PERCENT>	"%"^^<http://www.w3.org/2001/XMLSchema#string>
<http://www.wikidata.org/entity/Q329046>	"Arbutus unedo"^^<http://www.w3.org/2001/XMLSchema#string>	"Leaf nitrogen content"	"Leaf nitrogen content per dry mass (Nmass)"^^<http://www.w3.org/2001/XMLSchema#string>	1.53	<http://qudt.org/vocab/unit/PERCENT>	"%"^^<http://www.w3.org/2001/XMLSchema#string>
<http://www.wikidata.org/entity/Q329046>	"Arbutus unedo"^^<http://www.w3.org/2001/XMLSchema#string>	"Leaf nitrogen content"	"Leaf nitrogen content per dry mass (Nmass)"^^<http://www.w3.org/2001/XMLSchema#string>	1.08	<http://qudt.org/vocab/unit/PERCENT>	"%"^^<http://www.w3.org/2001/XMLSchema#string>
<http://www.wikidata.org/entity/Q329046>	"Arbutus unedo"^^<http://www.w3.org/2001/XMLSchema#string>	"Leaf nitrogen content"	"Leaf nitrogen content per dry mass (Nmass)"^^<http://www.w3.org/2001/XMLSchema#string>	1.19	<http://qudt.org/vocab/unit/PERCENT>	"%"^^<http://www.w3.org/2001/XMLSchema#string>
<http://www.wikidata.org/entity/Q329046>	"Arbutus unedo"^^<http://www.w3.org/2001/XMLSchema#string>	"Leaf nitrogen content"	"Leaf nitrogen content per dry mass (Nmass)"^^<http://www.w3.org/2001/XMLSchema#string>	1.28	<http://qudt.org/vocab/unit/PERCENT>	"%"^^<http://www.w3.org/2001/XMLSchema#string>
<http://www.wikidata.org/entity/Q329046>	"Arbutus unedo"^^<http://www.w3.org/2001/XMLSchema#string>	"Leaf nitrogen content"	"Leaf nitrogen content per dry mass (Nmass)"^^<http://www.w3.org/2001/XMLSchema#string>	1.33	<http://qudt.org/vocab/unit/PERCENT>	"%"^^<http://www.w3.org/2001/XMLSchema#string>
<http://www.wikidata.org/entity/Q329046>	"Arbutus unedo"^^<http://www.w3.org/2001/XMLSchema#string>	"Leaf nitrogen content"	"Leaf nitrogen content per dry mass (Nmass)"^^<http://www.w3.org/2001/XMLSchema#string>	1.64	<http://qudt.org/vocab/unit/PERCENT>	"%"^^<http://www.w3.org/2001/XMLSchema#string>
<http://www.wikidata.org/entity/Q329046>	"Arbutus unedo"^^<http://www.w3.org/2001/XMLSchema#string>	"Leaf nitrogen content"	"Leaf nitrogen content per dry mass (Nmass)"^^<http://www.w3.org/2001/XMLSchema#string>	1.73	<http://qudt.org/vocab/unit/PERCENT>	"%"^^<http://www.w3.org/2001/XMLSchema#string>
<http://www.wikidata.org/entity/Q329046>	"Arbutus unedo"^^<http://www.w3.org/2001/XMLSchema#string>	"Leaf nitrogen content"	"Leaf nitrogen content per dry mass (Nmass)"^^<http://www.w3.org/2001/XMLSchema#string>	1.86	<http://qudt.org/vocab/unit/PERCENT>	"%"^^<http://www.w3.org/2001/XMLSchema#string>
<http://www.wikidata.org/entity/Q329046>	"Arbutus unedo"^^<http://www.w3.org/2001/XMLSchema#string>	"Leaf nitrogen content"	"Leaf nitrogen content per dry mass (Nmass)"^^<http://www.w3.org/2001/XMLSchema#string>	1.48	<http://qudt.org/vocab/unit/PERCENT>	"%"^^<http://www.w3.org/2001/XMLSchema#string>
<http://www.wikidata.org/entity/Q329046>	"Arbutus unedo"^^<http://www.w3.org/2001/XMLSchema#string>	"Leaf nitrogen content"	"Leaf nitrogen content per dry mass (Nmass)"^^<http://www.w3.org/2001/XMLSchema#string>	1.41	<http://qudt.org/vocab/unit/PERCENT>	"%"^^<http://www.w3.org/2001/XMLSchema#string>
<http://www.wikidata.org/entity/Q3296747>	"Acacia floribunda"^^<http://www.w3.org/2001/XMLSchema#string>	"Leaf phosphorus content"	"Leaf phosphorus content per dry mass (Pmass)"^^<http://www.w3.org/2001/XMLSchema#string>	0.057	<http://qudt.org/vocab/unit/PERCENT>	"%"^^<http://www.w3.org/2001/XMLSchema#string>
<http://www.wikidata.org/entity/Q3303753>	"Cordia alliodora"^^<http://www.w3.org/2001/XMLSchema#string>	"Leaf nitrogen content"	"Leaf nitrogen content per dry mass (Nmass)"^^<http://www.w3.org/2001/XMLSchema#string>	4.1	<http://qudt.org/vocab/unit/PERCENT>	"%"^^<http://www.w3.org/2001/XMLSchema#string>
<http://www.wikidata.org/entity/Q3303753>	"Cordia alliodora"^^<http://www.w3.org/2001/XMLSchema#string>	"Leaf nitrogen content"	"Leaf nitrogen content per dry mass (Nmass)"^^<http://www.w3.org/2001/XMLSchema#string>	2.3	<http://qudt.org/vocab/unit/PERCENT>	"%"^^<http://www.w3.org/2001/XMLSchema#string>
<http://www.wikidata.org/entity/Q33221>	"Pterospermum acerifolium"^^<http://www.w3.org/2001/XMLSchema#string>	"Leaf nitrogen content"	"Leaf nitrogen content per dry mass (Nmass)"^^<http://www.w3.org/2001/XMLSchema#string>	1.43	<http://qudt.org/vocab/unit/PERCENT>	"%"^^<http://www.w3.org/2001/XMLSchema#string>
<http://www.wikidata.org/entity/Q3331467>	"Myoporum sandwicense"^^<http://www.w3.org/2001/XMLSchema#string>	"Leaf phosphorus content"	"Leaf phosphorus content per dry mass (Pmass)"^^<http://www.w3.org/2001/XMLSchema#string>	0.16	<http://qudt.org/vocab/unit/PERCENT>	"%"^^<http://www.w3.org/2001/XMLSchema#string>
<http://www.wikidata.org/entity/Q3335799>	"Eucalyptus paniculata"^^<http://www.w3.org/2001/XMLSchema#string>	"Leaf phosphorus content"	"Leaf phosphorus content per dry mass (Pmass)"^^<http://www.w3.org/2001/XMLSchema#string>	0.048	<http://qudt.org/vocab/unit/PERCENT>	"%"^^<http://www.w3.org/2001/XMLSchema#string>
<http://www.wikidata.org/entity/Q33482>	"Platycladus orientalis"^^<http://www.w3.org/2001/XMLSchema#string>	"Leaf nitrogen content"	"Leaf nitrogen content per dry mass (Nmass)"^^<http://www.w3.org/2001/XMLSchema#string>	1.36	<http://qudt.org/vocab/unit/PERCENT>	"%"^^<http://www.w3.org/2001/XMLSchema#string>
<http://www.wikidata.org/entity/Q3376077>	"Persoonia levis"^^<http://www.w3.org/2001/XMLSchema#string>	"Leaf nitrogen content"	"Leaf nitrogen content per dry mass (Nmass)"^^<http://www.w3.org/2001/XMLSchema#string>	0.5906089	<http://qudt.org/vocab/unit/PERCENT>	"%"^^<http://www.w3.org/2001/XMLSchema#string>
<http://www.wikidata.org/entity/Q3411901>	"Caryocar brasiliense"^^<http://www.w3.org/2001/XMLSchema#string>	"Leaf nitrogen content"	"Leaf nitrogen content per dry mass (Nmass)"^^<http://www.w3.org/2001/XMLSchema#string>	1.3	<http://qudt.org/vocab/unit/PERCENT>	"%"^^<http://www.w3.org/2001/XMLSchema#string>
<http://www.wikidata.org/entity/Q3411901>	"Caryocar brasiliense"^^<http://www.w3.org/2001/XMLSchema#string>	"Leaf nitrogen content"	"Leaf nitrogen content per dry mass (Nmass)"^^<http://www.w3.org/2001/XMLSchema#string>	1.33	<http://qudt.org/vocab/unit/PERCENT>	"%"^^<http://www.w3.org/2001/XMLSchema#string>
<http://www.wikidata.org/entity/Q3411901>	"Caryocar brasiliense"^^<http://www.w3.org/2001/XMLSchema#string>	"Leaf nitrogen content"	"Leaf nitrogen content per dry mass (Nmass)"^^<http://www.w3.org/2001/XMLSchema#string>	1.36619	<http://qudt.org/vocab/unit/PERCENT>	"%"^^<http://www.w3.org/2001/XMLSchema#string>
<http://www.wikidata.org/entity/Q3411901>	"Caryocar brasiliense"^^<http://www.w3.org/2001/XMLSchema#string>	"Leaf nitrogen content"	"Leaf nitrogen content per dry mass (Nmass)"^^<http://www.w3.org/2001/XMLSchema#string>	1.5	<http://qudt.org/vocab/unit/PERCENT>	"%"^^<http://www.w3.org/2001/XMLSchema#string>
<http://www.wikidata.org/entity/Q3411901>	"Caryocar brasiliense"^^<http://www.w3.org/2001/XMLSchema#string>	"Leaf phosphorus content"	"Leaf phosphorus content per dry mass (Pmass)"^^<http://www.w3.org/2001/XMLSchema#string>	0.07	<http://qudt.org/vocab/unit/PERCENT>	"%"^^<http://www.w3.org/2001/XMLSchema#string>
<http://www.wikidata.org/entity/Q3411901>	"Caryocar brasiliense"^^<http://www.w3.org/2001/XMLSchema#string>	"Leaf phosphorus content"	"Leaf phosphorus content per dry mass (Pmass)"^^<http://www.w3.org/2001/XMLSchema#string>	0.1	<http://qudt.org/vocab/unit/PERCENT>	"%"^^<http://www.w3.org/2001/XMLSchema#string>
<http://www.wikidata.org/entity/Q3446537>	"Rubus hirtus"^^<http://www.w3.org/2001/XMLSchema#string>	"Leaf nitrogen content"	"Leaf nitrogen content per dry mass (Nmass)"^^<http://www.w3.org/2001/XMLSchema#string>	1.961	<http://qudt.org/vocab/unit/PERCENT>	"%"^^<http://www.w3.org/2001/XMLSchema#string>
<http://www.wikidata.org/entity/Q3460133>	"Melaleuca uncinata"^^<http://www.w3.org/2001/XMLSchema#string>	"Leaf nitrogen content"	"Leaf nitrogen content per dry mass (Nmass)"^^<http://www.w3.org/2001/XMLSchema#string>	1.273491	<http://qudt.org/vocab/unit/PERCENT>	"%"^^<http://www.w3.org/2001/XMLSchema#string>
<http://www.wikidata.org/entity/Q3460133>	"Melaleuca uncinata"^^<http://www.w3.org/2001/XMLSchema#string>	"Leaf phosphorus content"	"Leaf phosphorus content per dry mass (Pmass)"^^<http://www.w3.org/2001/XMLSchema#string>	0.078	<http://qudt.org/vocab/unit/PERCENT>	"%"^^<http://www.w3.org/2001/XMLSchema#string>
<http://www.wikidata.org/entity/Q3460133>	"Melaleuca uncinata"^^<http://www.w3.org/2001/XMLSchema#string>	"Leaf phosphorus content"	"Leaf phosphorus content per dry mass (Pmass)"^^<http://www.w3.org/2001/XMLSchema#string>	0.092	<http://qudt.org/vocab/unit/PERCENT>	"%"^^<http://www.w3.org/2001/XMLSchema#string>
<http://www.wikidata.org/entity/Q3469828>	"Salix myrsinites"^^<http://www.w3.org/2001/XMLSchema#string>	"Leaf phosphorus content"	"Leaf phosphorus content per dry mass (Pmass)"^^<http://www.w3.org/2001/XMLSchema#string>	0.118	<http://qudt.org/vocab/unit/PERCENT>	"%"^^<http://www.w3.org/2001/XMLSchema#string>
<http://www.wikidata.org/entity/Q3469828>	"Salix myrsinites"^^<http://www.w3.org/2001/XMLSchema#string>	"Specific leaf area"	"SLA: undefined if petiole in- or excluded"^^<http://www.w3.org/2001/XMLSchema#string>	96.0904	<http://qudt.org/vocab/unit/CentiM2-PER-GM>	"SLA cm2/g"^^<http://www.w3.org/2001/XMLSchema#string>
<http://www.wikidata.org/entity/Q3497072>	"Carex norvegica"^^<http://www.w3.org/2001/XMLSchema#string>	"Specific leaf area"	"SLA: undefined if petiole in- or excluded"^^<http://www.w3.org/2001/XMLSchema#string>	409.4	<http://qudt.org/vocab/unit/CentiM2-PER-GM>	"SLA cm2/g"^^<http://www.w3.org/2001/XMLSchema#string>
<http://www.wikidata.org/entity/Q35608>	"Bauhinia racemosa"^^<http://www.w3.org/2001/XMLSchema#string>	"Leaf nitrogen content"	"Leaf nitrogen content per dry mass (Nmass)"^^<http://www.w3.org/2001/XMLSchema#string>	2.47	<http://qudt.org/vocab/unit/PERCENT>	"%"^^<http://www.w3.org/2001/XMLSchema#string>
<http://www.wikidata.org/entity/Q3595461>	"Diospyros malabarica"^^<http://www.w3.org/2001/XMLSchema#string>	"Leaf nitrogen content"	"Leaf nitrogen content per dry mass (Nmass)"^^<http://www.w3.org/2001/XMLSchema#string>	1.63	<http://qudt.org/vocab/unit/PERCENT>	"%"^^<http://www.w3.org/2001/XMLSchema#string>
<http://www.wikidata.org/entity/Q3595915>	"Terminalia chebula"^^<http://www.w3.org/2001/XMLSchema#string>	"Leaf nitrogen content"	"Leaf nitrogen content per dry mass (Nmass)"^^<http://www.w3.org/2001/XMLSchema#string>	1.94	<http://qudt.org/vocab/unit/PERCENT>	"%"^^<http://www.w3.org/2001/XMLSchema#string>
<http://www.wikidata.org/entity/Q36146>	"Ficus carica"^^<http://www.w3.org/2001/XMLSchema#string>	"Leaf nitrogen content"	"Leaf nitrogen content per dry mass (Nmass)"^^<http://www.w3.org/2001/XMLSchema#string>	3.16	<http://qudt.org/vocab/unit/PERCENT>	"%"^^<http://www.w3.org/2001/XMLSchema#string>
<http://www.wikidata.org/entity/Q3643454>	"Brachystegia spiciformis"^^<http://www.w3.org/2001/XMLSchema#string>	"Leaf nitrogen content"	"Leaf nitrogen content per dry mass (Nmass)"^^<http://www.w3.org/2001/XMLSchema#string>	1.0	<http://qudt.org/vocab/unit/PERCENT>	"%"^^<http://www.w3.org/2001/XMLSchema#string>
<http://www.wikidata.org/entity/Q3644005>	"Acacia cyclops"^^<http://www.w3.org/2001/XMLSchema#string>	"Leaf nitrogen content"	"Leaf nitrogen content per dry mass (Nmass)"^^<http://www.w3.org/2001/XMLSchema#string>	1.145	<http://qudt.org/vocab/unit/PERCENT>	"%"^^<http://www.w3.org/2001/XMLSchema#string>
<http://www.wikidata.org/entity/Q3645945>	"Cordia dichotoma"^^<http://www.w3.org/2001/XMLSchema#string>	"Leaf nitrogen content"	"Leaf nitrogen content per dry mass (Nmass)"^^<http://www.w3.org/2001/XMLSchema#string>	2.12	<http://qudt.org/vocab/unit/PERCENT>	"%"^^<http://www.w3.org/2001/XMLSchema#string>
<http://www.wikidata.org/entity/Q368248>	"Pinus taeda"^^<http://www.w3.org/2001/XMLSchema#string>	"Leaf nitrogen content"	"Leaf nitrogen content per dry mass (Nmass)"^^<http://www.w3.org/2001/XMLSchema#string>	1.31	<http://qudt.org/vocab/unit/PERCENT>	"%"^^<http://www.w3.org/2001/XMLSchema#string>
<http://www.wikidata.org/entity/Q368248>	"Pinus taeda"^^<http://www.w3.org/2001/XMLSchema#string>	"Leaf nitrogen content"	"Leaf nitrogen content per dry mass (Nmass)"^^<http://www.w3.org/2001/XMLSchema#string>	1.22	<http://qudt.org/vocab/unit/PERCENT>	"%"^^<http://www.w3.org/2001/XMLSchema#string>
<http://www.wikidata.org/entity/Q368248>	"Pinus taeda"^^<http://www.w3.org/2001/XMLSchema#string>	"Leaf nitrogen content"	"Leaf nitrogen content per dry mass (Nmass)"^^<http://www.w3.org/2001/XMLSchema#string>	1.12	<http://qudt.org/vocab/unit/PERCENT>	"%"^^<http://www.w3.org/2001/XMLSchema#string>
<http://www.wikidata.org/entity/Q368248>	"Pinus taeda"^^<http://www.w3.org/2001/XMLSchema#string>	"Specific leaf area"	"SLA: undefined if petiole in- or excluded"^^<http://www.w3.org/2001/XMLSchema#string>	197.6378	<http://qudt.org/vocab/unit/GM-PER-M2>	"g/m2"^^<http://www.w3.org/2001/XMLSchema#string>
<http://www.wikidata.org/entity/Q368248>	"Pinus taeda"^^<http://www.w3.org/2001/XMLSchema#string>	"Specific leaf area"	"SLA: undefined if petiole in- or excluded"^^<http://www.w3.org/2001/XMLSchema#string>	193.0769	<http://qudt.org/vocab/unit/GM-PER-M2>	"g/m2"^^<http://www.w3.org/2001/XMLSchema#string>
<http://www.wikidata.org/entity/Q368248>	"Pinus taeda"^^<http://www.w3.org/2001/XMLSchema#string>	"Specific leaf area"	"SLA: undefined if petiole in- or excluded"^^<http://www.w3.org/2001/XMLSchema#string>	222.1239	<http://qudt.org/vocab/unit/GM-PER-M2>	"g/m2"^^<http://www.w3.org/2001/XMLSchema#string>
<http://www.wikidata.org/entity/Q368248>	"Pinus taeda"^^<http://www.w3.org/2001/XMLSchema#string>	"Specific leaf area"	"SLA: undefined if petiole in- or excluded"^^<http://www.w3.org/2001/XMLSchema#string>	226.1261	<http://qudt.org/vocab/unit/GM-PER-M2>	"g/m2"^^<http://www.w3.org/2001/XMLSchema#string>
<http://www.wikidata.org/entity/Q368248>	"Pinus taeda"^^<http://www.w3.org/2001/XMLSchema#string>	"Specific leaf area"	"SLA: undefined if petiole in- or excluded"^^<http://www.w3.org/2001/XMLSchema#string>	234.5794	<http://qudt.org/vocab/unit/GM-PER-M2>	"g/m2"^^<http://www.w3.org/2001/XMLSchema#string>
<http://www.wikidata.org/entity/Q368248>	"Pinus taeda"^^<http://www.w3.org/2001/XMLSchema#string>	"Specific leaf area"	"SLA: undefined if petiole in- or excluded"^^<http://www.w3.org/2001/XMLSchema#string>	275.8242	<http://qudt.org/vocab/unit/GM-PER-M2>	"g/m2"^^<http://www.w3.org/2001/XMLSchema#string>
<http://www.wikidata.org/entity/Q368248>	"Pinus taeda"^^<http://www.w3.org/2001/XMLSchema#string>	"Specific leaf area"	"SLA: undefined if petiole in- or excluded"^^<http://www.w3.org/2001/XMLSchema#string>	258.7629	<http://qudt.org/vocab/unit/GM-PER-M2>	"g/m2"^^<http://www.w3.org/2001/XMLSchema#string>
<http://www.wikidata.org/entity/Q3705155>	"Delphinium pictum"^^<http://www.w3.org/2001/XMLSchema#string>	"Leaf nitrogen content"	"Leaf nitrogen content per dry mass (Nmass)"^^<http://www.w3.org/2001/XMLSchema#string>	3.91	<http://qudt.org/vocab/unit/PERCENT>	"%"^^<http://www.w3.org/2001/XMLSchema#string>
<http://www.wikidata.org/entity/Q3715743>	"Dubautia scabra"^^<http://www.w3.org/2001/XMLSchema#string>	"Leaf nitrogen content"	"Leaf nitrogen content per dry mass (Nmass)"^^<http://www.w3.org/2001/XMLSchema#string>	0.81	<http://qudt.org/vocab/unit/PERCENT>	"%"^^<http://www.w3.org/2001/XMLSchema#string>
<http://www.wikidata.org/entity/Q3774513>	"Quercus chapmanii"^^<http://www.w3.org/2001/XMLSchema#string>	"Leaf nitrogen content"	"Leaf nitrogen content per dry mass (Nmass)"^^<http://www.w3.org/2001/XMLSchema#string>	1.39	<http://qudt.org/vocab/unit/PERCENT>	"%"^^<http://www.w3.org/2001/XMLSchema#string>
<http://www.wikidata.org/entity/Q384029>	"Verbena hastata"^^<http://www.w3.org/2001/XMLSchema#string>	"Leaf nitrogen content"	"Leaf nitrogen content per dry mass (Nmass)"^^<http://www.w3.org/2001/XMLSchema#string>	20.93651	<http://qudt.org/vocab/unit/MilliGM-PER-GM>	"mg/g"^^<http://www.w3.org/2001/XMLSchema#string>
<http://www.wikidata.org/entity/Q384029>	"Verbena hastata"^^<http://www.w3.org/2001/XMLSchema#string>	"Specific leaf area"	"SLA: petiole  excluded"^^<http://www.w3.org/2001/XMLSchema#string>	158.34	<http://qudt.org/vocab/unit/CentiM2-PER-GM>	"cm2/g"^^<http://www.w3.org/2001/XMLSchema#string>
<http://www.wikidata.org/entity/Q3847237>	"Kandelia candel"^^<http://www.w3.org/2001/XMLSchema#string>	"Leaf nitrogen content"	"Leaf nitrogen content per dry mass (Nmass)"^^<http://www.w3.org/2001/XMLSchema#string>	1.35	<http://qudt.org/vocab/unit/PERCENT>	"%"^^<http://www.w3.org/2001/XMLSchema#string>
<http://www.wikidata.org/entity/Q3847968>	"Bothriochloa ischaemum"^^<http://www.w3.org/2001/XMLSchema#string>	"Leaf nitrogen content"	"Leaf nitrogen content per dry mass (Nmass)"^^<http://www.w3.org/2001/XMLSchema#string>	1.03	<http://qudt.org/vocab/unit/PERCENT>	"%"^^<http://www.w3.org/2001/XMLSchema#string>
<http://www.wikidata.org/entity/Q3854088>	"Melaleuca viridiflora"^^<http://www.w3.org/2001/XMLSchema#string>	"Leaf phosphorus content"	"Leaf phosphorus content per dry mass (Pmass)"^^<http://www.w3.org/2001/XMLSchema#string>	0.037	<http://qudt.org/vocab/unit/PERCENT>	"%"^^<http://www.w3.org/2001/XMLSchema#string>
<http://www.wikidata.org/entity/Q3854088>	"Melaleuca viridiflora"^^<http://www.w3.org/2001/XMLSchema#string>	"Leaf phosphorus content"	"Leaf phosphorus content per dry mass (Pmass)"^^<http://www.w3.org/2001/XMLSchema#string>	0.028	<http://qudt.org/vocab/unit/PERCENT>	"%"^^<http://www.w3.org/2001/XMLSchema#string>
<http://www.wikidata.org/entity/Q38732209>	"Eupatorium maculatum"^^<http://www.w3.org/2001/XMLSchema#string>	"Leaf nitrogen content"	"Leaf nitrogen content per dry mass (Nmass)"^^<http://www.w3.org/2001/XMLSchema#string>	32.38912	<http://qudt.org/vocab/unit/MilliGM-PER-GM>	"mg/g"^^<http://www.w3.org/2001/XMLSchema#string>
<http://www.wikidata.org/entity/Q38732209>	"Eupatorium maculatum"^^<http://www.w3.org/2001/XMLSchema#string>	"Specific leaf area"	"SLA: petiole  excluded"^^<http://www.w3.org/2001/XMLSchema#string>	288.36	<http://qudt.org/vocab/unit/CentiM2-PER-GM>	"cm2/g"^^<http://www.w3.org/2001/XMLSchema#string>
<http://www.wikidata.org/entity/Q387442>	"Spathodea campanulata"^^<http://www.w3.org/2001/XMLSchema#string>	"Leaf nitrogen content"	"Leaf nitrogen content per dry mass (Nmass)"^^<http://www.w3.org/2001/XMLSchema#string>	1.93	<http://qudt.org/vocab/unit/PERCENT>	"%"^^<http://www.w3.org/2001/XMLSchema#string>
<http://www.wikidata.org/entity/Q3892049>	"Jacaratia spinosa"^^<http://www.w3.org/2001/XMLSchema#string>	"Leaf nitrogen content"	"Leaf nitrogen content per dry mass (Nmass)"^^<http://www.w3.org/2001/XMLSchema#string>	3.5	<http://qudt.org/vocab/unit/PERCENT>	"%"^^<http://www.w3.org/2001/XMLSchema#string>
<http://www.wikidata.org/entity/Q3898872>	"Pelargonium carnosum"^^<http://www.w3.org/2001/XMLSchema#string>	"Leaf nitrogen content"	"Leaf nitrogen content per dry mass (Nmass)"^^<http://www.w3.org/2001/XMLSchema#string>	3.11	<http://qudt.org/vocab/unit/PERCENT>	"%"^^<http://www.w3.org/2001/XMLSchema#string>
<http://www.wikidata.org/entity/Q3898876>	"Pelargonium cucullatum"^^<http://www.w3.org/2001/XMLSchema#string>	"Leaf nitrogen content"	"Leaf nitrogen content per dry mass (Nmass)"^^<http://www.w3.org/2001/XMLSchema#string>	1.46	<http://qudt.org/vocab/unit/PERCENT>	"%"^^<http://www.w3.org/2001/XMLSchema#string>
<http://www.wikidata.org/entity/Q3898877>	"Pelargonium zonale"^^<http://www.w3.org/2001/XMLSchema#string>	"Leaf nitrogen content"	"Leaf nitrogen content per dry mass (Nmass)"^^<http://www.w3.org/2001/XMLSchema#string>	1.14	<http://qudt.org/vocab/unit/PERCENT>	"%"^^<http://www.w3.org/2001/XMLSchema#string>
<http://www.wikidata.org/entity/Q39634>	"Salix reticulata"^^<http://www.w3.org/2001/XMLSchema#string>	"Leaf phosphorus content"	"Leaf phosphorus content per dry mass (Pmass)"^^<http://www.w3.org/2001/XMLSchema#string>	0.094	<http://qudt.org/vocab/unit/PERCENT>	"%"^^<http://www.w3.org/2001/XMLSchema#string>
<http://www.wikidata.org/entity/Q4111870>	"Quercus incana"^^<http://www.w3.org/2001/XMLSchema#string>	"Leaf nitrogen content"	"Leaf nitrogen content per dry mass (Nmass)"^^<http://www.w3.org/2001/XMLSchema#string>	0.95	<http://qudt.org/vocab/unit/PERCENT>	"%"^^<http://www.w3.org/2001/XMLSchema#string>
<http://www.wikidata.org/entity/Q4112157>	"Quercus hemisphaerica"^^<http://www.w3.org/2001/XMLSchema#string>	"Leaf nitrogen content"	"Leaf nitrogen content per dry mass (Nmass)"^^<http://www.w3.org/2001/XMLSchema#string>	1.21	<http://qudt.org/vocab/unit/PERCENT>	"%"^^<http://www.w3.org/2001/XMLSchema#string>
<http://www.wikidata.org/entity/Q4112855>	"Quercus nigra"^^<http://www.w3.org/2001/XMLSchema#string>	"Leaf nitrogen content"	"Leaf nitrogen content per dry mass (Nmass)"^^<http://www.w3.org/2001/XMLSchema#string>	1.29	<http://qudt.org/vocab/unit/PERCENT>	"%"^^<http://www.w3.org/2001/XMLSchema#string>
<http://www.wikidata.org/entity/Q4112997>	"Quercus geminata"^^<http://www.w3.org/2001/XMLSchema#string>	"Leaf nitrogen content"	"Leaf nitrogen content per dry mass (Nmass)"^^<http://www.w3.org/2001/XMLSchema#string>	0.87	<http://qudt.org/vocab/unit/PERCENT>	"%"^^<http://www.w3.org/2001/XMLSchema#string>
<http://www.wikidata.org/entity/Q4115564>	"Anemone cylindrica"^^<http://www.w3.org/2001/XMLSchema#string>	"Leaf nitrogen content"	"Leaf nitrogen content per dry mass (Nmass)"^^<http://www.w3.org/2001/XMLSchema#string>	1.868687	<http://qudt.org/vocab/unit/PERCENT>	"%"^^<http://www.w3.org/2001/XMLSchema#string>
<http://www.wikidata.org/entity/Q4115779>	"Lupinus argenteus"^^<http://www.w3.org/2001/XMLSchema#string>	"Leaf nitrogen content"	"Leaf nitrogen content per dry mass (Nmass)"^^<http://www.w3.org/2001/XMLSchema#string>	4.557	<http://qudt.org/vocab/unit/PERCENT>	"%"^^<http://www.w3.org/2001/XMLSchema#string>
<http://www.wikidata.org/entity/Q4117753>	"Phlomis italica"^^<http://www.w3.org/2001/XMLSchema#string>	"Leaf nitrogen content"	"Leaf nitrogen content per dry mass (Nmass)"^^<http://www.w3.org/2001/XMLSchema#string>	2.09	<http://qudt.org/vocab/unit/PERCENT>	"%"^^<http://www.w3.org/2001/XMLSchema#string>
<http://www.wikidata.org/entity/Q41726620>	"Hieracium canadense"^^<http://www.w3.org/2001/XMLSchema#string>	"Leaf nitrogen content"	"Leaf nitrogen content per dry mass (Nmass)"^^<http://www.w3.org/2001/XMLSchema#string>	21.39642	<http://qudt.org/vocab/unit/MilliGM-PER-GM>	"mg/g"^^<http://www.w3.org/2001/XMLSchema#string>
<http://www.wikidata.org/entity/Q41726620>	"Hieracium canadense"^^<http://www.w3.org/2001/XMLSchema#string>	"Specific leaf area"	"SLA: petiole  excluded"^^<http://www.w3.org/2001/XMLSchema#string>	235.02	<http://qudt.org/vocab/unit/CentiM2-PER-GM>	"cm2/g"^^<http://www.w3.org/2001/XMLSchema#string>
<http://www.wikidata.org/entity/Q4209416>	"Viburnum wrightii"^^<http://www.w3.org/2001/XMLSchema#string>	"Leaf nitrogen content"	"Leaf nitrogen content per dry mass (Nmass)"^^<http://www.w3.org/2001/XMLSchema#string>	1.15	<http://qudt.org/vocab/unit/PERCENT>	"%"^^<http://www.w3.org/2001/XMLSchema#string>
<http://www.wikidata.org/entity/Q4209416>	"Viburnum wrightii"^^<http://www.w3.org/2001/XMLSchema#string>	"Specific leaf area"	"SLA: undefined if petiole in- or excluded"^^<http://www.w3.org/2001/XMLSchema#string>	197.5894	<http://qudt.org/vocab/unit/CentiM2-PER-GM>	"SLA cm2/g"^^<http://www.w3.org/2001/XMLSchema#string>
<http://www.wikidata.org/entity/Q4249772>	"Agrostis mertensii"^^<http://www.w3.org/2001/XMLSchema#string>	"Specific leaf area"	"SLA: undefined if petiole in- or excluded"^^<http://www.w3.org/2001/XMLSchema#string>	221.4	<http://qudt.org/vocab/unit/CentiM2-PER-GM>	"SLA cm2/g"^^<http://www.w3.org/2001/XMLSchema#string>
<http://www.wikidata.org/entity/Q4253018>	"Lasiopetalum ferrugineum"^^<http://www.w3.org/2001/XMLSchema#string>	"Leaf nitrogen content"	"Leaf nitrogen content per dry mass (Nmass)"^^<http://www.w3.org/2001/XMLSchema#string>	1.157952	<http://qudt.org/vocab/unit/PERCENT>	"%"^^<http://www.w3.org/2001/XMLSchema#string>
<http://www.wikidata.org/entity/Q42688778>	"Hydrangea arguta"^^<http://www.w3.org/2001/XMLSchema#string>	"Leaf phosphorus content"	"Leaf phosphorus content per dry mass (Pmass)"^^<http://www.w3.org/2001/XMLSchema#string>	0.1	<http://qudt.org/vocab/unit/PERCENT>	"%"^^<http://www.w3.org/2001/XMLSchema#string>
<http://www.wikidata.org/entity/Q42707873>	"Monoon longifolium"^^<http://www.w3.org/2001/XMLSchema#string>	"Leaf nitrogen content"	"Leaf nitrogen content per dry mass (Nmass)"^^<http://www.w3.org/2001/XMLSchema#string>	2.12	<http://qudt.org/vocab/unit/PERCENT>	"%"^^<http://www.w3.org/2001/XMLSchema#string>
<http://www.wikidata.org/entity/Q42734255>	"Cleistoblechnum eburneum"^^<http://www.w3.org/2001/XMLSchema#string>	"Leaf nitrogen content"	"Leaf nitrogen content per dry mass (Nmass)"^^<http://www.w3.org/2001/XMLSchema#string>	10.5	<http://qudt.org/vocab/unit/MilliGM-PER-GM>	"mg/g"^^<http://www.w3.org/2001/XMLSchema#string>
<http://www.wikidata.org/entity/Q42734255>	"Cleistoblechnum eburneum"^^<http://www.w3.org/2001/XMLSchema#string>	"Leaf phosphorus content"	"Leaf phosphorus content per dry mass (Pmass)"^^<http://www.w3.org/2001/XMLSchema#string>	0.23	<http://qudt.org/vocab/unit/MilliGM-PER-GM>	"mg/g"^^<http://www.w3.org/2001/XMLSchema#string>
<http://www.wikidata.org/entity/Q427775>	"Dimorphandra mollis"^^<http://www.w3.org/2001/XMLSchema#string>	"Leaf nitrogen content"	"Leaf nitrogen content per dry mass (Nmass)"^^<http://www.w3.org/2001/XMLSchema#string>	2.84	<http://qudt.org/vocab/unit/PERCENT>	"%"^^<http://www.w3.org/2001/XMLSchema#string>
<http://www.wikidata.org/entity/Q428023>	"Abies balsamea"^^<http://www.w3.org/2001/XMLSchema#string>	"Leaf nitrogen content"	"Leaf nitrogen content per dry mass (Nmass)"^^<http://www.w3.org/2001/XMLSchema#string>	1.6	<http://qudt.org/vocab/unit/PERCENT>	"%"^^<http://www.w3.org/2001/XMLSchema#string>
<http://www.wikidata.org/entity/Q428023>	"Abies balsamea"^^<http://www.w3.org/2001/XMLSchema#string>	"Leaf nitrogen content"	"Leaf nitrogen content per dry mass (Nmass)"^^<http://www.w3.org/2001/XMLSchema#string>	1.54	<http://qudt.org/vocab/unit/PERCENT>	"%"^^<http://www.w3.org/2001/XMLSchema#string>
<http://www.wikidata.org/entity/Q428023>	"Abies balsamea"^^<http://www.w3.org/2001/XMLSchema#string>	"Leaf nitrogen content"	"Leaf nitrogen content per dry mass (Nmass)"^^<http://www.w3.org/2001/XMLSchema#string>	1.64	<http://qudt.org/vocab/unit/PERCENT>	"%"^^<http://www.w3.org/2001/XMLSchema#string>
<http://www.wikidata.org/entity/Q428023>	"Abies balsamea"^^<http://www.w3.org/2001/XMLSchema#string>	"Leaf nitrogen content"	"Leaf nitrogen content per dry mass (Nmass)"^^<http://www.w3.org/2001/XMLSchema#string>	1.77	<http://qudt.org/vocab/unit/PERCENT>	"%"^^<http://www.w3.org/2001/XMLSchema#string>
<http://www.wikidata.org/entity/Q428023>	"Abies balsamea"^^<http://www.w3.org/2001/XMLSchema#string>	"Leaf nitrogen content"	"Leaf nitrogen content per dry mass (Nmass)"^^<http://www.w3.org/2001/XMLSchema#string>	1.46	<http://qudt.org/vocab/unit/PERCENT>	"%"^^<http://www.w3.org/2001/XMLSchema#string>
<http://www.wikidata.org/entity/Q428023>	"Abies balsamea"^^<http://www.w3.org/2001/XMLSchema#string>	"Leaf nitrogen content"	"Leaf nitrogen content per dry mass (Nmass)"^^<http://www.w3.org/2001/XMLSchema#string>	1.585	<http://qudt.org/vocab/unit/PERCENT>	"%"^^<http://www.w3.org/2001/XMLSchema#string>
<http://www.wikidata.org/entity/Q428023>	"Abies balsamea"^^<http://www.w3.org/2001/XMLSchema#string>	"Leaf nitrogen content"	"Leaf nitrogen content per dry mass (Nmass)"^^<http://www.w3.org/2001/XMLSchema#string>	1.12	<http://qudt.org/vocab/unit/PERCENT>	"%"^^<http://www.w3.org/2001/XMLSchema#string>
<http://www.wikidata.org/entity/Q428023>	"Abies balsamea"^^<http://www.w3.org/2001/XMLSchema#string>	"Leaf nitrogen content"	"Leaf nitrogen content per dry mass (Nmass)"^^<http://www.w3.org/2001/XMLSchema#string>	1.41	<http://qudt.org/vocab/unit/PERCENT>	"%"^^<http://www.w3.org/2001/XMLSchema#string>
<http://www.wikidata.org/entity/Q428023>	"Abies balsamea"^^<http://www.w3.org/2001/XMLSchema#string>	"Leaf nitrogen content"	"Leaf nitrogen content per dry mass (Nmass)"^^<http://www.w3.org/2001/XMLSchema#string>	1.3	<http://qudt.org/vocab/unit/PERCENT>	"%"^^<http://www.w3.org/2001/XMLSchema#string>
<http://www.wikidata.org/entity/Q428023>	"Abies balsamea"^^<http://www.w3.org/2001/XMLSchema#string>	"Leaf nitrogen content"	"Leaf nitrogen content per dry mass (Nmass)"^^<http://www.w3.org/2001/XMLSchema#string>	10.8	<http://qudt.org/vocab/unit/MilliGM-PER-GM>	"mg/g"^^<http://www.w3.org/2001/XMLSchema#string>
<http://www.wikidata.org/entity/Q428023>	"Abies balsamea"^^<http://www.w3.org/2001/XMLSchema#string>	"Leaf nitrogen content"	"Leaf nitrogen content per dry mass (Nmass)"^^<http://www.w3.org/2001/XMLSchema#string>	1.83	<http://qudt.org/vocab/unit/PERCENT>	"%"^^<http://www.w3.org/2001/XMLSchema#string>
<http://www.wikidata.org/entity/Q428023>	"Abies balsamea"^^<http://www.w3.org/2001/XMLSchema#string>	"Leaf nitrogen content"	"Leaf nitrogen content per dry mass (Nmass)"^^<http://www.w3.org/2001/XMLSchema#string>	1.67	<http://qudt.org/vocab/unit/PERCENT>	"%"^^<http://www.w3.org/2001/XMLSchema#string>
<http://www.wikidata.org/entity/Q428023>	"Abies balsamea"^^<http://www.w3.org/2001/XMLSchema#string>	"Leaf nitrogen content"	"Leaf nitrogen content per dry mass (Nmass)"^^<http://www.w3.org/2001/XMLSchema#string>	1.72	<http://qudt.org/vocab/unit/PERCENT>	"%"^^<http://www.w3.org/2001/XMLSchema#string>
<http://www.wikidata.org/entity/Q428023>	"Abies balsamea"^^<http://www.w3.org/2001/XMLSchema#string>	"Leaf phosphorus content"	"Leaf phosphorus content per dry mass (Pmass)"^^<http://www.w3.org/2001/XMLSchema#string>	1200.0	<http://qudt.org/vocab/unit/PPM>	"ppm"^^<http://www.w3.org/2001/XMLSchema#string>
<http://www.wikidata.org/entity/Q428023>	"Abies balsamea"^^<http://www.w3.org/2001/XMLSchema#string>	"Specific leaf area"	"SLA: undefined if petiole in- or excluded"^^<http://www.w3.org/2001/XMLSchema#string>	42.8	<http://qudt.org/vocab/unit/CentiM2-PER-GM>	"cm2 g-1"^^<http://www.w3.org/2001/XMLSchema#string>
<http://www.wikidata.org/entity/Q43045386>	"Damburneya ambigens"^^<http://www.w3.org/2001/XMLSchema#string>	"Leaf nitrogen content"	"Leaf nitrogen content per dry mass (Nmass)"^^<http://www.w3.org/2001/XMLSchema#string>	1.69	<http://qudt.org/vocab/unit/PERCENT>	"%"^^<http://www.w3.org/2001/XMLSchema#string>
<http://www.wikidata.org/entity/Q43375432>	"Vachellia luederitzii"^^<http://www.w3.org/2001/XMLSchema#string>	"Leaf nitrogen content"	"Leaf nitrogen content per dry mass (Nmass)"^^<http://www.w3.org/2001/XMLSchema#string>	2.61	<http://qudt.org/vocab/unit/PERCENT>	"%"^^<http://www.w3.org/2001/XMLSchema#string>
<http://www.wikidata.org/entity/Q4338347>	"Carex parallela"^^<http://www.w3.org/2001/XMLSchema#string>	"Leaf nitrogen content"	"Leaf nitrogen content per dry mass (Nmass)"^^<http://www.w3.org/2001/XMLSchema#string>	1.34	<http://qudt.org/vocab/unit/PERCENT>	"%"^^<http://www.w3.org/2001/XMLSchema#string>
<http://www.wikidata.org/entity/Q4460549>	"Leptospermum polygalifolium"^^<http://www.w3.org/2001/XMLSchema#string>	"Leaf nitrogen content"	"Leaf nitrogen content per dry mass (Nmass)"^^<http://www.w3.org/2001/XMLSchema#string>	1.305342	<http://qudt.org/vocab/unit/PERCENT>	"%"^^<http://www.w3.org/2001/XMLSchema#string>
<http://www.wikidata.org/entity/Q4460549>	"Leptospermum polygalifolium"^^<http://www.w3.org/2001/XMLSchema#string>	"Leaf phosphorus content"	"Leaf phosphorus content per dry mass (Pmass)"^^<http://www.w3.org/2001/XMLSchema#string>	0.045	<http://qudt.org/vocab/unit/PERCENT>	"%"^^<http://www.w3.org/2001/XMLSchema#string>
<http://www.wikidata.org/entity/Q4460550>	"Leptospermum trinervium"^^<http://www.w3.org/2001/XMLSchema#string>	"Leaf nitrogen content"	"Leaf nitrogen content per dry mass (Nmass)"^^<http://www.w3.org/2001/XMLSchema#string>	0.8535782	<http://qudt.org/vocab/unit/PERCENT>	"%"^^<http://www.w3.org/2001/XMLSchema#string>
<http://www.wikidata.org/entity/Q4460550>	"Leptospermum trinervium"^^<http://www.w3.org/2001/XMLSchema#string>	"Leaf phosphorus content"	"Leaf phosphorus content per dry mass (Pmass)"^^<http://www.w3.org/2001/XMLSchema#string>	0.025	<http://qudt.org/vocab/unit/PERCENT>	"%"^^<http://www.w3.org/2001/XMLSchema#string>
<http://www.wikidata.org/entity/Q45150>	"Tabernaemontana divaricata"^^<http://www.w3.org/2001/XMLSchema#string>	"Leaf nitrogen content"	"Leaf nitrogen content per dry mass (Nmass)"^^<http://www.w3.org/2001/XMLSchema#string>	4.11	<http://qudt.org/vocab/unit/PERCENT>	"%"^^<http://www.w3.org/2001/XMLSchema#string>
<http://www.wikidata.org/entity/Q45757>	"Artocarpus heterophyllus"^^<http://www.w3.org/2001/XMLSchema#string>	"Leaf nitrogen content"	"Leaf nitrogen content per dry mass (Nmass)"^^<http://www.w3.org/2001/XMLSchema#string>	2.62	<http://qudt.org/vocab/unit/PERCENT>	"%"^^<http://www.w3.org/2001/XMLSchema#string>
<http://www.wikidata.org/entity/Q459986>	"Prumnopitys andina"^^<http://www.w3.org/2001/XMLSchema#string>	"Leaf nitrogen content"	"Leaf nitrogen content per dry mass (Nmass)"^^<http://www.w3.org/2001/XMLSchema#string>	0.93	<http://qudt.org/vocab/unit/PERCENT>	"%"^^<http://www.w3.org/2001/XMLSchema#string>
<http://www.wikidata.org/entity/Q460523>	"Pinus ponderosa"^^<http://www.w3.org/2001/XMLSchema#string>	"Leaf nitrogen content"	"Leaf nitrogen content per dry mass (Nmass)"^^<http://www.w3.org/2001/XMLSchema#string>	1.48	<http://qudt.org/vocab/unit/PERCENT>	"%"^^<http://www.w3.org/2001/XMLSchema#string>
<http://www.wikidata.org/entity/Q460523>	"Pinus ponderosa"^^<http://www.w3.org/2001/XMLSchema#string>	"Leaf nitrogen content"	"Leaf nitrogen content per dry mass (Nmass)"^^<http://www.w3.org/2001/XMLSchema#string>	1.18	<http://qudt.org/vocab/unit/PERCENT>	"%"^^<http://www.w3.org/2001/XMLSchema#string>
<http://www.wikidata.org/entity/Q460523>	"Pinus ponderosa"^^<http://www.w3.org/2001/XMLSchema#string>	"Leaf nitrogen content"	"Leaf nitrogen content per dry mass (Nmass)"^^<http://www.w3.org/2001/XMLSchema#string>	1.04	<http://qudt.org/vocab/unit/PERCENT>	"%"^^<http://www.w3.org/2001/XMLSchema#string>
<http://www.wikidata.org/entity/Q468664>	"Carpinus caroliniana"^^<http://www.w3.org/2001/XMLSchema#string>	"Leaf nitrogen content"	"Leaf nitrogen content per dry mass (Nmass)"^^<http://www.w3.org/2001/XMLSchema#string>	2.0	<http://qudt.org/vocab/unit/PERCENT>	"%"^^<http://www.w3.org/2001/XMLSchema#string>
<http://www.wikidata.org/entity/Q469151>	"Picea rubens"^^<http://www.w3.org/2001/XMLSchema#string>	"Leaf nitrogen content"	"Leaf nitrogen content per dry mass (Nmass)"^^<http://www.w3.org/2001/XMLSchema#string>	1.285	<http://qudt.org/vocab/unit/PERCENT>	"%"^^<http://www.w3.org/2001/XMLSchema#string>
<http://www.wikidata.org/entity/Q469151>	"Picea rubens"^^<http://www.w3.org/2001/XMLSchema#string>	"Leaf nitrogen content"	"Leaf nitrogen content per dry mass (Nmass)"^^<http://www.w3.org/2001/XMLSchema#string>	0.865	<http://qudt.org/vocab/unit/PERCENT>	"%"^^<http://www.w3.org/2001/XMLSchema#string>
<http://www.wikidata.org/entity/Q469151>	"Picea rubens"^^<http://www.w3.org/2001/XMLSchema#string>	"Leaf nitrogen content"	"Leaf nitrogen content per dry mass (Nmass)"^^<http://www.w3.org/2001/XMLSchema#string>	1.37	<http://qudt.org/vocab/unit/PERCENT>	"%"^^<http://www.w3.org/2001/XMLSchema#string>
<http://www.wikidata.org/entity/Q469151>	"Picea rubens"^^<http://www.w3.org/2001/XMLSchema#string>	"Leaf nitrogen content"	"Leaf nitrogen content per dry mass (Nmass)"^^<http://www.w3.org/2001/XMLSchema#string>	0.87	<http://qudt.org/vocab/unit/PERCENT>	"%"^^<http://www.w3.org/2001/XMLSchema#string>
<http://www.wikidata.org/entity/Q469151>	"Picea rubens"^^<http://www.w3.org/2001/XMLSchema#string>	"Leaf nitrogen content"	"Leaf nitrogen content per dry mass (Nmass)"^^<http://www.w3.org/2001/XMLSchema#string>	0.92	<http://qudt.org/vocab/unit/PERCENT>	"%"^^<http://www.w3.org/2001/XMLSchema#string>
<http://www.wikidata.org/entity/Q469151>	"Picea rubens"^^<http://www.w3.org/2001/XMLSchema#string>	"Leaf nitrogen content"	"Leaf nitrogen content per dry mass (Nmass)"^^<http://www.w3.org/2001/XMLSchema#string>	1.365	<http://qudt.org/vocab/unit/PERCENT>	"%"^^<http://www.w3.org/2001/XMLSchema#string>
<http://www.wikidata.org/entity/Q469151>	"Picea rubens"^^<http://www.w3.org/2001/XMLSchema#string>	"Leaf nitrogen content"	"Leaf nitrogen content per dry mass (Nmass)"^^<http://www.w3.org/2001/XMLSchema#string>	0.925	<http://qudt.org/vocab/unit/PERCENT>	"%"^^<http://www.w3.org/2001/XMLSchema#string>
<http://www.wikidata.org/entity/Q469151>	"Picea rubens"^^<http://www.w3.org/2001/XMLSchema#string>	"Leaf nitrogen content"	"Leaf nitrogen content per dry mass (Nmass)"^^<http://www.w3.org/2001/XMLSchema#string>	1.023333	<http://qudt.org/vocab/unit/PERCENT>	"%"^^<http://www.w3.org/2001/XMLSchema#string>
<http://www.wikidata.org/entity/Q469151>	"Picea rubens"^^<http://www.w3.org/2001/XMLSchema#string>	"Leaf nitrogen content"	"Leaf nitrogen content per dry mass (Nmass)"^^<http://www.w3.org/2001/XMLSchema#string>	1.025	<http://qudt.org/vocab/unit/PERCENT>	"%"^^<http://www.w3.org/2001/XMLSchema#string>
<http://www.wikidata.org/entity/Q469151>	"Picea rubens"^^<http://www.w3.org/2001/XMLSchema#string>	"Leaf nitrogen content"	"Leaf nitrogen content per dry mass (Nmass)"^^<http://www.w3.org/2001/XMLSchema#string>	1.105	<http://qudt.org/vocab/unit/PERCENT>	"%"^^<http://www.w3.org/2001/XMLSchema#string>
<http://www.wikidata.org/entity/Q469151>	"Picea rubens"^^<http://www.w3.org/2001/XMLSchema#string>	"Leaf nitrogen content"	"Leaf nitrogen content per dry mass (Nmass)"^^<http://www.w3.org/2001/XMLSchema#string>	1.115	<http://qudt.org/vocab/unit/PERCENT>	"%"^^<http://www.w3.org/2001/XMLSchema#string>
<http://www.wikidata.org/entity/Q469151>	"Picea rubens"^^<http://www.w3.org/2001/XMLSchema#string>	"Leaf nitrogen content"	"Leaf nitrogen content per dry mass (Nmass)"^^<http://www.w3.org/2001/XMLSchema#string>	1.125	<http://qudt.org/vocab/unit/PERCENT>	"%"^^<http://www.w3.org/2001/XMLSchema#string>
<http://www.wikidata.org/entity/Q469151>	"Picea rubens"^^<http://www.w3.org/2001/XMLSchema#string>	"Leaf nitrogen content"	"Leaf nitrogen content per dry mass (Nmass)"^^<http://www.w3.org/2001/XMLSchema#string>	1.145	<http://qudt.org/vocab/unit/PERCENT>	"%"^^<http://www.w3.org/2001/XMLSchema#string>
<http://www.wikidata.org/entity/Q469151>	"Picea rubens"^^<http://www.w3.org/2001/XMLSchema#string>	"Leaf nitrogen content"	"Leaf nitrogen content per dry mass (Nmass)"^^<http://www.w3.org/2001/XMLSchema#string>	1.29	<http://qudt.org/vocab/unit/PERCENT>	"%"^^<http://www.w3.org/2001/XMLSchema#string>
<http://www.wikidata.org/entity/Q469151>	"Picea rubens"^^<http://www.w3.org/2001/XMLSchema#string>	"Leaf nitrogen content"	"Leaf nitrogen content per dry mass (Nmass)"^^<http://www.w3.org/2001/XMLSchema#string>	1.216667	<http://qudt.org/vocab/unit/PERCENT>	"%"^^<http://www.w3.org/2001/XMLSchema#string>
<http://www.wikidata.org/entity/Q469151>	"Picea rubens"^^<http://www.w3.org/2001/XMLSchema#string>	"Leaf phosphorus content"	"Leaf phosphorus content per dry mass (Pmass)"^^<http://www.w3.org/2001/XMLSchema#string>	800.0	<http://qudt.org/vocab/unit/PPM>	"ppm"^^<http://www.w3.org/2001/XMLSchema#string>
<http://www.wikidata.org/entity/Q469151>	"Picea rubens"^^<http://www.w3.org/2001/XMLSchema#string>	"Leaf phosphorus content"	"Leaf phosphorus content per dry mass (Pmass)"^^<http://www.w3.org/2001/XMLSchema#string>	1200.0	<http://qudt.org/vocab/unit/PPM>	"ppm"^^<http://www.w3.org/2001/XMLSchema#string>
<http://www.wikidata.org/entity/Q469220>	"Salix nigra"^^<http://www.w3.org/2001/XMLSchema#string>	"Leaf nitrogen content"	"Leaf nitrogen content per dry mass (Nmass)"^^<http://www.w3.org/2001/XMLSchema#string>	2.5	<http://qudt.org/vocab/unit/PERCENT>	"%"^^<http://www.w3.org/2001/XMLSchema#string>
<http://www.wikidata.org/entity/Q469555>	"Quercus alba"^^<http://www.w3.org/2001/XMLSchema#string>	"Leaf nitrogen content"	"Leaf nitrogen content per dry mass (Nmass)"^^<http://www.w3.org/2001/XMLSchema#string>	2.37	<http://qudt.org/vocab/unit/PERCENT>	"%"^^<http://www.w3.org/2001/XMLSchema#string>
<http://www.wikidata.org/entity/Q469555>	"Quercus alba"^^<http://www.w3.org/2001/XMLSchema#string>	"Leaf nitrogen content"	"Leaf nitrogen content per dry mass (Nmass)"^^<http://www.w3.org/2001/XMLSchema#string>	2.230299	<http://qudt.org/vocab/unit/PERCENT>	"%"^^<http://www.w3.org/2001/XMLSchema#string>
<http://www.wikidata.org/entity/Q469555>	"Quercus alba"^^<http://www.w3.org/2001/XMLSchema#string>	"Leaf nitrogen content"	"Leaf nitrogen content per dry mass (Nmass)"^^<http://www.w3.org/2001/XMLSchema#string>	2.226887	<http://qudt.org/vocab/unit/PERCENT>	"%"^^<http://www.w3.org/2001/XMLSchema#string>
<http://www.wikidata.org/entity/Q469555>	"Quercus alba"^^<http://www.w3.org/2001/XMLSchema#string>	"Leaf nitrogen content"	"Leaf nitrogen content per dry mass (Nmass)"^^<http://www.w3.org/2001/XMLSchema#string>	2.14853	<http://qudt.org/vocab/unit/PERCENT>	"%"^^<http://www.w3.org/2001/XMLSchema#string>
<http://www.wikidata.org/entity/Q469555>	"Quercus alba"^^<http://www.w3.org/2001/XMLSchema#string>	"Leaf nitrogen content"	"Leaf nitrogen content per dry mass (Nmass)"^^<http://www.w3.org/2001/XMLSchema#string>	1.936302	<http://qudt.org/vocab/unit/PERCENT>	"%"^^<http://www.w3.org/2001/XMLSchema#string>
<http://www.wikidata.org/entity/Q469555>	"Quercus alba"^^<http://www.w3.org/2001/XMLSchema#string>	"Leaf nitrogen content"	"Leaf nitrogen content per dry mass (Nmass)"^^<http://www.w3.org/2001/XMLSchema#string>	1.92	<http://qudt.org/vocab/unit/PERCENT>	"%"^^<http://www.w3.org/2001/XMLSchema#string>
<http://www.wikidata.org/entity/Q469555>	"Quercus alba"^^<http://www.w3.org/2001/XMLSchema#string>	"Leaf phosphorus content"	"Leaf phosphorus content per dry mass (Pmass)"^^<http://www.w3.org/2001/XMLSchema#string>	1700.0	<http://qudt.org/vocab/unit/PPM>	"ppm"^^<http://www.w3.org/2001/XMLSchema#string>
<http://www.wikidata.org/entity/Q469555>	"Quercus alba"^^<http://www.w3.org/2001/XMLSchema#string>	"Leaf phosphorus content"	"Leaf phosphorus content per dry mass (Pmass)"^^<http://www.w3.org/2001/XMLSchema#string>	0.19	<http://qudt.org/vocab/unit/PERCENT>	"%"^^<http://www.w3.org/2001/XMLSchema#string>
<http://www.wikidata.org/entity/Q469576>	"Populus tremuloides"^^<http://www.w3.org/2001/XMLSchema#string>	"Leaf nitrogen content"	"Leaf nitrogen content per dry mass (Nmass)"^^<http://www.w3.org/2001/XMLSchema#string>	25.2	<http://qudt.org/vocab/unit/MilliGM-PER-GM>	"mg/g"^^<http://www.w3.org/2001/XMLSchema#string>
<http://www.wikidata.org/entity/Q469576>	"Populus tremuloides"^^<http://www.w3.org/2001/XMLSchema#string>	"Leaf nitrogen content"	"Leaf nitrogen content per dry mass (Nmass)"^^<http://www.w3.org/2001/XMLSchema#string>	2.46	<http://qudt.org/vocab/unit/PERCENT>	"%"^^<http://www.w3.org/2001/XMLSchema#string>
<http://www.wikidata.org/entity/Q469576>	"Populus tremuloides"^^<http://www.w3.org/2001/XMLSchema#string>	"Leaf nitrogen content"	"Leaf nitrogen content per dry mass (Nmass)"^^<http://www.w3.org/2001/XMLSchema#string>	2.3	<http://qudt.org/vocab/unit/PERCENT>	"%"^^<http://www.w3.org/2001/XMLSchema#string>
<http://www.wikidata.org/entity/Q469576>	"Populus tremuloides"^^<http://www.w3.org/2001/XMLSchema#string>	"Leaf nitrogen content"	"Leaf nitrogen content per dry mass (Nmass)"^^<http://www.w3.org/2001/XMLSchema#string>	2.09	<http://qudt.org/vocab/unit/PERCENT>	"%"^^<http://www.w3.org/2001/XMLSchema#string>
<http://www.wikidata.org/entity/Q469576>	"Populus tremuloides"^^<http://www.w3.org/2001/XMLSchema#string>	"Leaf nitrogen content"	"Leaf nitrogen content per dry mass (Nmass)"^^<http://www.w3.org/2001/XMLSchema#string>	2.09	<http://qudt.org/vocab/unit/PERCENT>	"percent"^^<http://www.w3.org/2001/XMLSchema#string>
<http://www.wikidata.org/entity/Q469576>	"Populus tremuloides"^^<http://www.w3.org/2001/XMLSchema#string>	"Leaf nitrogen content"	"Leaf nitrogen content per dry mass (Nmass)"^^<http://www.w3.org/2001/XMLSchema#string>	2.16	<http://qudt.org/vocab/unit/PERCENT>	"%"^^<http://www.w3.org/2001/XMLSchema#string>
<http://www.wikidata.org/entity/Q469576>	"Populus tremuloides"^^<http://www.w3.org/2001/XMLSchema#string>	"Leaf nitrogen content"	"Leaf nitrogen content per dry mass (Nmass)"^^<http://www.w3.org/2001/XMLSchema#string>	2.23	<http://qudt.org/vocab/unit/PERCENT>	"percent"^^<http://www.w3.org/2001/XMLSchema#string>
<http://www.wikidata.org/entity/Q469576>	"Populus tremuloides"^^<http://www.w3.org/2001/XMLSchema#string>	"Leaf nitrogen content"	"Leaf nitrogen content per dry mass (Nmass)"^^<http://www.w3.org/2001/XMLSchema#string>	2.24	<http://qudt.org/vocab/unit/PERCENT>	"%"^^<http://www.w3.org/2001/XMLSchema#string>
<http://www.wikidata.org/entity/Q469576>	"Populus tremuloides"^^<http://www.w3.org/2001/XMLSchema#string>	"Leaf nitrogen content"	"Leaf nitrogen content per dry mass (Nmass)"^^<http://www.w3.org/2001/XMLSchema#string>	1.96	<http://qudt.org/vocab/unit/PERCENT>	"%"^^<http://www.w3.org/2001/XMLSchema#string>
<http://www.wikidata.org/entity/Q469576>	"Populus tremuloides"^^<http://www.w3.org/2001/XMLSchema#string>	"Leaf nitrogen content"	"Leaf nitrogen content per dry mass (Nmass)"^^<http://www.w3.org/2001/XMLSchema#string>	1.63	<http://qudt.org/vocab/unit/PERCENT>	"%"^^<http://www.w3.org/2001/XMLSchema#string>
<http://www.wikidata.org/entity/Q469576>	"Populus tremuloides"^^<http://www.w3.org/2001/XMLSchema#string>	"Leaf nitrogen content"	"Leaf nitrogen content per dry mass (Nmass)"^^<http://www.w3.org/2001/XMLSchema#string>	1.54	<http://qudt.org/vocab/unit/PERCENT>	"%"^^<http://www.w3.org/2001/XMLSchema#string>
<http://www.wikidata.org/entity/Q469576>	"Populus tremuloides"^^<http://www.w3.org/2001/XMLSchema#string>	"Leaf nitrogen content"	"Leaf nitrogen content per dry mass (Nmass)"^^<http://www.w3.org/2001/XMLSchema#string>	2.49	<http://qudt.org/vocab/unit/PERCENT>	"%"^^<http://www.w3.org/2001/XMLSchema#string>
<http://www.wikidata.org/entity/Q469576>	"Populus tremuloides"^^<http://www.w3.org/2001/XMLSchema#string>	"Leaf nitrogen content"	"Leaf nitrogen content per dry mass (Nmass)"^^<http://www.w3.org/2001/XMLSchema#string>	25.0	<http://qudt.org/vocab/unit/MilliGM-PER-GM>	"mg/g"^^<http://www.w3.org/2001/XMLSchema#string>
<http://www.wikidata.org/entity/Q469576>	"Populus tremuloides"^^<http://www.w3.org/2001/XMLSchema#string>	"Leaf nitrogen content"	"Leaf nitrogen content per dry mass (Nmass)"^^<http://www.w3.org/2001/XMLSchema#string>	2.631	<http://qudt.org/vocab/unit/PERCENT>	"%"^^<http://www.w3.org/2001/XMLSchema#string>
<http://www.wikidata.org/entity/Q469576>	"Populus tremuloides"^^<http://www.w3.org/2001/XMLSchema#string>	"Leaf nitrogen content"	"Leaf nitrogen content per dry mass (Nmass)"^^<http://www.w3.org/2001/XMLSchema#string>	2.821	<http://qudt.org/vocab/unit/PERCENT>	"%"^^<http://www.w3.org/2001/XMLSchema#string>
<http://www.wikidata.org/entity/Q469576>	"Populus tremuloides"^^<http://www.w3.org/2001/XMLSchema#string>	"Leaf nitrogen content"	"Leaf nitrogen content per dry mass (Nmass)"^^<http://www.w3.org/2001/XMLSchema#string>	3.28	<http://qudt.org/vocab/unit/PERCENT>	"%"^^<http://www.w3.org/2001/XMLSchema#string>
<http://www.wikidata.org/entity/Q469576>	"Populus tremuloides"^^<http://www.w3.org/2001/XMLSchema#string>	"Leaf nitrogen content"	"Leaf nitrogen content per dry mass (Nmass)"^^<http://www.w3.org/2001/XMLSchema#string>	18.7	<http://qudt.org/vocab/unit/MilliGM-PER-GM>	"mg/g"^^<http://www.w3.org/2001/XMLSchema#string>
<http://www.wikidata.org/entity/Q469576>	"Populus tremuloides"^^<http://www.w3.org/2001/XMLSchema#string>	"Leaf nitrogen content"	"Leaf nitrogen content per dry mass (Nmass)"^^<http://www.w3.org/2001/XMLSchema#string>	24.9	<http://qudt.org/vocab/unit/MilliGM-PER-GM>	"mg/g"^^<http://www.w3.org/2001/XMLSchema#string>
<http://www.wikidata.org/entity/Q469576>	"Populus tremuloides"^^<http://www.w3.org/2001/XMLSchema#string>	"Leaf phosphorus content"	"Leaf phosphorus content per dry mass (Pmass)"^^<http://www.w3.org/2001/XMLSchema#string>	0.013	<http://qudt.org/vocab/unit/PERCENT>	"%"^^<http://www.w3.org/2001/XMLSchema#string>
<http://www.wikidata.org/entity/Q469576>	"Populus tremuloides"^^<http://www.w3.org/2001/XMLSchema#string>	"Leaf phosphorus content"	"Leaf phosphorus content per dry mass (Pmass)"^^<http://www.w3.org/2001/XMLSchema#string>	0.148	<http://qudt.org/vocab/unit/PERCENT>	"%"^^<http://www.w3.org/2001/XMLSchema#string>
<http://www.wikidata.org/entity/Q469576>	"Populus tremuloides"^^<http://www.w3.org/2001/XMLSchema#string>	"Leaf phosphorus content"	"Leaf phosphorus content per dry mass (Pmass)"^^<http://www.w3.org/2001/XMLSchema#string>	0.156	<http://qudt.org/vocab/unit/PERCENT>	"%"^^<http://www.w3.org/2001/XMLSchema#string>
<http://www.wikidata.org/entity/Q469576>	"Populus tremuloides"^^<http://www.w3.org/2001/XMLSchema#string>	"Leaf phosphorus content"	"Leaf phosphorus content per dry mass (Pmass)"^^<http://www.w3.org/2001/XMLSchema#string>	0.2	<http://qudt.org/vocab/unit/PERCENT>	"%"^^<http://www.w3.org/2001/XMLSchema#string>
<http://www.wikidata.org/entity/Q469576>	"Populus tremuloides"^^<http://www.w3.org/2001/XMLSchema#string>	"Leaf phosphorus content"	"Leaf phosphorus content per dry mass (Pmass)"^^<http://www.w3.org/2001/XMLSchema#string>	0.31	<http://qudt.org/vocab/unit/PERCENT>	"%"^^<http://www.w3.org/2001/XMLSchema#string>
<http://www.wikidata.org/entity/Q469576>	"Populus tremuloides"^^<http://www.w3.org/2001/XMLSchema#string>	"Leaf phosphorus content"	"Leaf phosphorus content per dry mass (Pmass)"^^<http://www.w3.org/2001/XMLSchema#string>	0.33	<http://qudt.org/vocab/unit/PERCENT>	"%"^^<http://www.w3.org/2001/XMLSchema#string>
<http://www.wikidata.org/entity/Q469576>	"Populus tremuloides"^^<http://www.w3.org/2001/XMLSchema#string>	"Specific leaf area"	"SLA: undefined if petiole in- or excluded"^^<http://www.w3.org/2001/XMLSchema#string>	0.014	<http://qudt.org/vocab/unit/M2-PER-GM>	"m2/g"^^<http://www.w3.org/2001/XMLSchema#string>
<http://www.wikidata.org/entity/Q469576>	"Populus tremuloides"^^<http://www.w3.org/2001/XMLSchema#string>	"Specific leaf area"	"SLA: undefined if petiole in- or excluded"^^<http://www.w3.org/2001/XMLSchema#string>	156.0	<http://qudt.org/vocab/unit/CentiM2-PER-GM>	"cm2/g"^^<http://www.w3.org/2001/XMLSchema#string>
<http://www.wikidata.org/entity/Q469576>	"Populus tremuloides"^^<http://www.w3.org/2001/XMLSchema#string>	"Specific leaf area"	"SLA: undefined if petiole in- or excluded"^^<http://www.w3.org/2001/XMLSchema#string>	156.0	<http://qudt.org/vocab/unit/CentiM2-PER-GM>	"SLA cm2/g"^^<http://www.w3.org/2001/XMLSchema#string>
<http://www.wikidata.org/entity/Q469652>	"Liquidambar styraciflua"^^<http://www.w3.org/2001/XMLSchema#string>	"Leaf nitrogen content"	"Leaf nitrogen content per dry mass (Nmass)"^^<http://www.w3.org/2001/XMLSchema#string>	1.78	<http://qudt.org/vocab/unit/PERCENT>	"%"^^<http://www.w3.org/2001/XMLSchema#string>
<http://www.wikidata.org/entity/Q469652>	"Liquidambar styraciflua"^^<http://www.w3.org/2001/XMLSchema#string>	"Leaf nitrogen content"	"Leaf nitrogen content per dry mass (Nmass)"^^<http://www.w3.org/2001/XMLSchema#string>	1.9	<http://qudt.org/vocab/unit/PERCENT>	"%"^^<http://www.w3.org/2001/XMLSchema#string>
<http://www.wikidata.org/entity/Q469652>	"Liquidambar styraciflua"^^<http://www.w3.org/2001/XMLSchema#string>	"Leaf nitrogen content"	"Leaf nitrogen content per dry mass (Nmass)"^^<http://www.w3.org/2001/XMLSchema#string>	1.4	<http://qudt.org/vocab/unit/PERCENT>	"%"^^<http://www.w3.org/2001/XMLSchema#string>
<http://www.wikidata.org/entity/Q469652>	"Liquidambar styraciflua"^^<http://www.w3.org/2001/XMLSchema#string>	"Leaf nitrogen content"	"Leaf nitrogen content per dry mass (Nmass)"^^<http://www.w3.org/2001/XMLSchema#string>	1.16	<http://qudt.org/vocab/unit/PERCENT>	"%"^^<http://www.w3.org/2001/XMLSchema#string>
<http://www.wikidata.org/entity/Q469652>	"Liquidambar styraciflua"^^<http://www.w3.org/2001/XMLSchema#string>	"Specific leaf area"	"SLA: undefined if petiole in- or excluded"^^<http://www.w3.org/2001/XMLSchema#string>	0.01	<http://qudt.org/vocab/unit/M2-PER-GM>	"m2/g"^^<http://www.w3.org/2001/XMLSchema#string>
<http://www.wikidata.org/entity/Q47161>	"Malus sylvestris"^^<http://www.w3.org/2001/XMLSchema#string>	"Specific leaf area"	"SLA: undefined if petiole in- or excluded"^^<http://www.w3.org/2001/XMLSchema#string>	117.7	<http://qudt.org/vocab/unit/CentiM2-PER-GM>	"SLA cm2/g"^^<http://www.w3.org/2001/XMLSchema#string>
<http://www.wikidata.org/entity/Q4742002>	"Dasyphyllum diacanthoides"^^<http://www.w3.org/2001/XMLSchema#string>	"Leaf nitrogen content"	"Leaf nitrogen content per dry mass (Nmass)"^^<http://www.w3.org/2001/XMLSchema#string>	1.21	<http://qudt.org/vocab/unit/PERCENT>	"%"^^<http://www.w3.org/2001/XMLSchema#string>
<http://www.wikidata.org/entity/Q4742005>	"Amburana cearensis"^^<http://www.w3.org/2001/XMLSchema#string>	"Specific leaf area"	"SLA: undefined if petiole in- or excluded"^^<http://www.w3.org/2001/XMLSchema#string>	40.0	<http://qudt.org/vocab/unit/M2-PER-KiloGM>	"m2/kg"^^<http://www.w3.org/2001/XMLSchema#string>
<http://www.wikidata.org/entity/Q4742005>	"Amburana cearensis"^^<http://www.w3.org/2001/XMLSchema#string>	"Specific leaf area"	"SLA: undefined if petiole in- or excluded"^^<http://www.w3.org/2001/XMLSchema#string>	35.71429	<http://qudt.org/vocab/unit/M2-PER-KiloGM>	"m2/kg"^^<http://www.w3.org/2001/XMLSchema#string>
<http://www.wikidata.org/entity/Q4742005>	"Amburana cearensis"^^<http://www.w3.org/2001/XMLSchema#string>	"Specific leaf area"	"SLA: undefined if petiole in- or excluded"^^<http://www.w3.org/2001/XMLSchema#string>	38.46154	<http://qudt.org/vocab/unit/M2-PER-KiloGM>	"m2/kg"^^<http://www.w3.org/2001/XMLSchema#string>
<http://www.wikidata.org/entity/Q4742005>	"Amburana cearensis"^^<http://www.w3.org/2001/XMLSchema#string>	"Specific leaf area"	"SLA: undefined if petiole in- or excluded"^^<http://www.w3.org/2001/XMLSchema#string>	32.25806	<http://qudt.org/vocab/unit/M2-PER-KiloGM>	"m2/kg"^^<http://www.w3.org/2001/XMLSchema#string>
<http://www.wikidata.org/entity/Q47685>	"Coffea arabica"^^<http://www.w3.org/2001/XMLSchema#string>	"Leaf nitrogen content"	"Leaf nitrogen content per dry mass (Nmass)"^^<http://www.w3.org/2001/XMLSchema#string>	3.53	<http://qudt.org/vocab/unit/PERCENT>	"%"^^<http://www.w3.org/2001/XMLSchema#string>
<http://www.wikidata.org/entity/Q47685>	"Coffea arabica"^^<http://www.w3.org/2001/XMLSchema#string>	"Leaf nitrogen content"	"Leaf nitrogen content per dry mass (Nmass)"^^<http://www.w3.org/2001/XMLSchema#string>	3.62	<http://qudt.org/vocab/unit/PERCENT>	"%"^^<http://www.w3.org/2001/XMLSchema#string>
<http://www.wikidata.org/entity/Q47685>	"Coffea arabica"^^<http://www.w3.org/2001/XMLSchema#string>	"Leaf nitrogen content"	"Leaf nitrogen content per dry mass (Nmass)"^^<http://www.w3.org/2001/XMLSchema#string>	3.49	<http://qudt.org/vocab/unit/PERCENT>	"%"^^<http://www.w3.org/2001/XMLSchema#string>
<http://www.wikidata.org/entity/Q47685>	"Coffea arabica"^^<http://www.w3.org/2001/XMLSchema#string>	"Leaf nitrogen content"	"Leaf nitrogen content per dry mass (Nmass)"^^<http://www.w3.org/2001/XMLSchema#string>	3.84	<http://qudt.org/vocab/unit/PERCENT>	"%"^^<http://www.w3.org/2001/XMLSchema#string>
<http://www.wikidata.org/entity/Q47685>	"Coffea arabica"^^<http://www.w3.org/2001/XMLSchema#string>	"Leaf nitrogen content"	"Leaf nitrogen content per dry mass (Nmass)"^^<http://www.w3.org/2001/XMLSchema#string>	3.48	<http://qudt.org/vocab/unit/PERCENT>	"%"^^<http://www.w3.org/2001/XMLSchema#string>
<http://www.wikidata.org/entity/Q47685>	"Coffea arabica"^^<http://www.w3.org/2001/XMLSchema#string>	"Leaf nitrogen content"	"Leaf nitrogen content per dry mass (Nmass)"^^<http://www.w3.org/2001/XMLSchema#string>	3.24	<http://qudt.org/vocab/unit/PERCENT>	"%"^^<http://www.w3.org/2001/XMLSchema#string>
<http://www.wikidata.org/entity/Q47685>	"Coffea arabica"^^<http://www.w3.org/2001/XMLSchema#string>	"Leaf nitrogen content"	"Leaf nitrogen content per dry mass (Nmass)"^^<http://www.w3.org/2001/XMLSchema#string>	3.7	<http://qudt.org/vocab/unit/PERCENT>	"%"^^<http://www.w3.org/2001/XMLSchema#string>
<http://www.wikidata.org/entity/Q47685>	"Coffea arabica"^^<http://www.w3.org/2001/XMLSchema#string>	"Leaf nitrogen content"	"Leaf nitrogen content per dry mass (Nmass)"^^<http://www.w3.org/2001/XMLSchema#string>	3.46	<http://qudt.org/vocab/unit/PERCENT>	"%"^^<http://www.w3.org/2001/XMLSchema#string>
<http://www.wikidata.org/entity/Q47685>	"Coffea arabica"^^<http://www.w3.org/2001/XMLSchema#string>	"Leaf nitrogen content"	"Leaf nitrogen content per dry mass (Nmass)"^^<http://www.w3.org/2001/XMLSchema#string>	3.28	<http://qudt.org/vocab/unit/PERCENT>	"%"^^<http://www.w3.org/2001/XMLSchema#string>
<http://www.wikidata.org/entity/Q47685>	"Coffea arabica"^^<http://www.w3.org/2001/XMLSchema#string>	"Leaf nitrogen content"	"Leaf nitrogen content per dry mass (Nmass)"^^<http://www.w3.org/2001/XMLSchema#string>	3.16	<http://qudt.org/vocab/unit/PERCENT>	"%"^^<http://www.w3.org/2001/XMLSchema#string>
<http://www.wikidata.org/entity/Q47685>	"Coffea arabica"^^<http://www.w3.org/2001/XMLSchema#string>	"Leaf nitrogen content"	"Leaf nitrogen content per dry mass (Nmass)"^^<http://www.w3.org/2001/XMLSchema#string>	2.94	<http://qudt.org/vocab/unit/PERCENT>	"%"^^<http://www.w3.org/2001/XMLSchema#string>
<http://www.wikidata.org/entity/Q47685>	"Coffea arabica"^^<http://www.w3.org/2001/XMLSchema#string>	"Leaf nitrogen content"	"Leaf nitrogen content per dry mass (Nmass)"^^<http://www.w3.org/2001/XMLSchema#string>	2.98	<http://qudt.org/vocab/unit/PERCENT>	"%"^^<http://www.w3.org/2001/XMLSchema#string>
<http://www.wikidata.org/entity/Q47685>	"Coffea arabica"^^<http://www.w3.org/2001/XMLSchema#string>	"Leaf nitrogen content"	"Leaf nitrogen content per dry mass (Nmass)"^^<http://www.w3.org/2001/XMLSchema#string>	3.14	<http://qudt.org/vocab/unit/PERCENT>	"%"^^<http://www.w3.org/2001/XMLSchema#string>
<http://www.wikidata.org/entity/Q47685>	"Coffea arabica"^^<http://www.w3.org/2001/XMLSchema#string>	"Leaf nitrogen content"	"Leaf nitrogen content per dry mass (Nmass)"^^<http://www.w3.org/2001/XMLSchema#string>	3.35	<http://qudt.org/vocab/unit/PERCENT>	"%"^^<http://www.w3.org/2001/XMLSchema#string>
<http://www.wikidata.org/entity/Q47685>	"Coffea arabica"^^<http://www.w3.org/2001/XMLSchema#string>	"Leaf nitrogen content"	"Leaf nitrogen content per dry mass (Nmass)"^^<http://www.w3.org/2001/XMLSchema#string>	3.08	<http://qudt.org/vocab/unit/PERCENT>	"%"^^<http://www.w3.org/2001/XMLSchema#string>
<http://www.wikidata.org/entity/Q47685>	"Coffea arabica"^^<http://www.w3.org/2001/XMLSchema#string>	"Specific leaf area"	"SLA: undefined if petiole in- or excluded"^^<http://www.w3.org/2001/XMLSchema#string>	115.7	<http://qudt.org/vocab/unit/GM-PER-M2>	"g m-2"^^<http://www.w3.org/2001/XMLSchema#string>
<http://www.wikidata.org/entity/Q47685>	"Coffea arabica"^^<http://www.w3.org/2001/XMLSchema#string>	"Specific leaf area"	"SLA: petiole  included"^^<http://www.w3.org/2001/XMLSchema#string>	0.01717598	<http://qudt.org/vocab/unit/M2-PER-GM>	"m2/g"^^<http://www.w3.org/2001/XMLSchema#string>
<http://www.wikidata.org/entity/Q47685>	"Coffea arabica"^^<http://www.w3.org/2001/XMLSchema#string>	"Specific leaf area"	"SLA: petiole  included"^^<http://www.w3.org/2001/XMLSchema#string>	0.01836465	<http://qudt.org/vocab/unit/M2-PER-GM>	"m2/g"^^<http://www.w3.org/2001/XMLSchema#string>
<http://www.wikidata.org/entity/Q478437>	"Phyllodoce caerulea"^^<http://www.w3.org/2001/XMLSchema#string>	"Specific leaf area"	"SLA: undefined if petiole in- or excluded"^^<http://www.w3.org/2001/XMLSchema#string>	105.6	<http://qudt.org/vocab/unit/CentiM2-PER-GM>	"SLA cm2/g"^^<http://www.w3.org/2001/XMLSchema#string>
<http://www.wikidata.org/entity/Q4797496>	"Artemisia californica"^^<http://www.w3.org/2001/XMLSchema#string>	"Leaf nitrogen content"	"Leaf nitrogen content per dry mass (Nmass)"^^<http://www.w3.org/2001/XMLSchema#string>	1.88	<http://qudt.org/vocab/unit/PERCENT>	"%"^^<http://www.w3.org/2001/XMLSchema#string>
<http://www.wikidata.org/entity/Q4808026>	"Aspidosperma cylindrocarpon"^^<http://www.w3.org/2001/XMLSchema#string>	"Leaf nitrogen content"	"Leaf nitrogen content per dry mass (Nmass)"^^<http://www.w3.org/2001/XMLSchema#string>	2.0	<http://qudt.org/vocab/unit/PERCENT>	"%"^^<http://www.w3.org/2001/XMLSchema#string>
<http://www.wikidata.org/entity/Q4808035>	"Aspidosperma ramiflorum"^^<http://www.w3.org/2001/XMLSchema#string>	"Specific leaf area"	"SLA: undefined if petiole in- or excluded"^^<http://www.w3.org/2001/XMLSchema#string>	18.18182	<http://qudt.org/vocab/unit/M2-PER-KiloGM>	"m2/kg"^^<http://www.w3.org/2001/XMLSchema#string>
<http://www.wikidata.org/entity/Q4808035>	"Aspidosperma ramiflorum"^^<http://www.w3.org/2001/XMLSchema#string>	"Specific leaf area"	"SLA: undefined if petiole in- or excluded"^^<http://www.w3.org/2001/XMLSchema#string>	16.94915	<http://qudt.org/vocab/unit/M2-PER-KiloGM>	"m2/kg"^^<http://www.w3.org/2001/XMLSchema#string>
<http://www.wikidata.org/entity/Q4808035>	"Aspidosperma ramiflorum"^^<http://www.w3.org/2001/XMLSchema#string>	"Specific leaf area"	"SLA: undefined if petiole in- or excluded"^^<http://www.w3.org/2001/XMLSchema#string>	19.60784	<http://qudt.org/vocab/unit/M2-PER-KiloGM>	"m2/kg"^^<http://www.w3.org/2001/XMLSchema#string>
<http://www.wikidata.org/entity/Q4808038>	"Aspidosperma tomentosum"^^<http://www.w3.org/2001/XMLSchema#string>	"Leaf nitrogen content"	"Leaf nitrogen content per dry mass (Nmass)"^^<http://www.w3.org/2001/XMLSchema#string>	1.25	<http://qudt.org/vocab/unit/PERCENT>	"%"^^<http://www.w3.org/2001/XMLSchema#string>
<http://www.wikidata.org/entity/Q4808038>	"Aspidosperma tomentosum"^^<http://www.w3.org/2001/XMLSchema#string>	"Leaf phosphorus content"	"Leaf phosphorus content per dry mass (Pmass)"^^<http://www.w3.org/2001/XMLSchema#string>	0.07857143	<http://qudt.org/vocab/unit/PERCENT>	"%"^^<http://www.w3.org/2001/XMLSchema#string>
<http://www.wikidata.org/entity/Q4828032>	"Avena barbata"^^<http://www.w3.org/2001/XMLSchema#string>	"Leaf nitrogen content"	"Leaf nitrogen content per dry mass (Nmass)"^^<http://www.w3.org/2001/XMLSchema#string>	2.0	<http://qudt.org/vocab/unit/PERCENT>	"%"^^<http://www.w3.org/2001/XMLSchema#string>
<http://www.wikidata.org/entity/Q48334>	"Dillenia indica"^^<http://www.w3.org/2001/XMLSchema#string>	"Leaf nitrogen content"	"Leaf nitrogen content per dry mass (Nmass)"^^<http://www.w3.org/2001/XMLSchema#string>	1.36	<http://qudt.org/vocab/unit/PERCENT>	"%"^^<http://www.w3.org/2001/XMLSchema#string>
<http://www.wikidata.org/entity/Q4856666>	"Banksia ornata"^^<http://www.w3.org/2001/XMLSchema#string>	"Leaf nitrogen content"	"Leaf nitrogen content per dry mass (Nmass)"^^<http://www.w3.org/2001/XMLSchema#string>	0.67	<http://qudt.org/vocab/unit/PERCENT>	"%"^^<http://www.w3.org/2001/XMLSchema#string>
<http://www.wikidata.org/entity/Q4919655>	"Hamelia patens"^^<http://www.w3.org/2001/XMLSchema#string>	"Leaf nitrogen content"	"Leaf nitrogen content per dry mass (Nmass)"^^<http://www.w3.org/2001/XMLSchema#string>	3.34	<http://qudt.org/vocab/unit/PERCENT>	"%"^^<http://www.w3.org/2001/XMLSchema#string>
<http://www.wikidata.org/entity/Q4982613>	"Buchanania obovata"^^<http://www.w3.org/2001/XMLSchema#string>	"Leaf phosphorus content"	"Leaf phosphorus content per dry mass (Pmass)"^^<http://www.w3.org/2001/XMLSchema#string>	0.072	<http://qudt.org/vocab/unit/PERCENT>	"%"^^<http://www.w3.org/2001/XMLSchema#string>
<http://www.wikidata.org/entity/Q5018360>	"Calamagrostis canadensis"^^<http://www.w3.org/2001/XMLSchema#string>	"Leaf nitrogen content"	"Leaf nitrogen content per dry mass (Nmass)"^^<http://www.w3.org/2001/XMLSchema#string>	2.3	<http://qudt.org/vocab/unit/PERCENT>	"%"^^<http://www.w3.org/2001/XMLSchema#string>
<http://www.wikidata.org/entity/Q5039128>	"Carex saxatilis"^^<http://www.w3.org/2001/XMLSchema#string>	"Specific leaf area"	"SLA: undefined if petiole in- or excluded"^^<http://www.w3.org/2001/XMLSchema#string>	161.9715	<http://qudt.org/vocab/unit/CentiM2-PER-GM>	"SLA cm2/g"^^<http://www.w3.org/2001/XMLSchema#string>
<http://www.wikidata.org/entity/Q5039128>	"Carex saxatilis"^^<http://www.w3.org/2001/XMLSchema#string>	"Specific leaf area"	"SLA: undefined if petiole in- or excluded"^^<http://www.w3.org/2001/XMLSchema#string>	101.9	<http://qudt.org/vocab/unit/CentiM2-PER-GM>	"SLA cm2/g"^^<http://www.w3.org/2001/XMLSchema#string>
<http://www.wikidata.org/entity/Q5057062>	"Cedrelinga cateniformis"^^<http://www.w3.org/2001/XMLSchema#string>	"Specific leaf area"	"SLA: undefined if petiole in- or excluded"^^<http://www.w3.org/2001/XMLSchema#string>	32.25806	<http://qudt.org/vocab/unit/M2-PER-KiloGM>	"m2/kg"^^<http://www.w3.org/2001/XMLSchema#string>
<http://www.wikidata.org/entity/Q5057062>	"Cedrelinga cateniformis"^^<http://www.w3.org/2001/XMLSchema#string>	"Specific leaf area"	"SLA: undefined if petiole in- or excluded"^^<http://www.w3.org/2001/XMLSchema#string>	31.25	<http://qudt.org/vocab/unit/M2-PER-KiloGM>	"m2/kg"^^<http://www.w3.org/2001/XMLSchema#string>
<http://www.wikidata.org/entity/Q5057062>	"Cedrelinga cateniformis"^^<http://www.w3.org/2001/XMLSchema#string>	"Specific leaf area"	"SLA: undefined if petiole in- or excluded"^^<http://www.w3.org/2001/XMLSchema#string>	23.80952	<http://qudt.org/vocab/unit/M2-PER-KiloGM>	"m2/kg"^^<http://www.w3.org/2001/XMLSchema#string>
<http://www.wikidata.org/entity/Q5057062>	"Cedrelinga cateniformis"^^<http://www.w3.org/2001/XMLSchema#string>	"Specific leaf area"	"SLA: undefined if petiole in- or excluded"^^<http://www.w3.org/2001/XMLSchema#string>	28.57143	<http://qudt.org/vocab/unit/M2-PER-KiloGM>	"m2/kg"^^<http://www.w3.org/2001/XMLSchema#string>
<http://www.wikidata.org/entity/Q5070169>	"Miliusa tomentosa"^^<http://www.w3.org/2001/XMLSchema#string>	"Leaf nitrogen content"	"Leaf nitrogen content per dry mass (Nmass)"^^<http://www.w3.org/2001/XMLSchema#string>	2.27	<http://qudt.org/vocab/unit/PERCENT>	"%"^^<http://www.w3.org/2001/XMLSchema#string>
<http://www.wikidata.org/entity/Q50870573>	"Senegalia pennata"^^<http://www.w3.org/2001/XMLSchema#string>	"Leaf nitrogen content"	"Leaf nitrogen content per dry mass (Nmass)"^^<http://www.w3.org/2001/XMLSchema#string>	3.174164	<http://qudt.org/vocab/unit/PERCENT>	"%"^^<http://www.w3.org/2001/XMLSchema#string>
<http://www.wikidata.org/entity/Q50880768>	"Vachellia exuvialis"^^<http://www.w3.org/2001/XMLSchema#string>	"Leaf nitrogen content"	"Leaf nitrogen content per dry mass (Nmass)"^^<http://www.w3.org/2001/XMLSchema#string>	2.69	<http://qudt.org/vocab/unit/PERCENT>	"%"^^<http://www.w3.org/2001/XMLSchema#string>
<http://www.wikidata.org/entity/Q5091539>	"Chenopodium oahuense"^^<http://www.w3.org/2001/XMLSchema#string>	"Leaf phosphorus content"	"Leaf phosphorus content per dry mass (Pmass)"^^<http://www.w3.org/2001/XMLSchema#string>	0.28	<http://qudt.org/vocab/unit/PERCENT>	"%"^^<http://www.w3.org/2001/XMLSchema#string>
<http://www.wikidata.org/entity/Q50969018>	"Huberantha pendula"^^<http://www.w3.org/2001/XMLSchema#string>	"Leaf nitrogen content"	"Leaf nitrogen content per dry mass (Nmass)"^^<http://www.w3.org/2001/XMLSchema#string>	2.53	<http://qudt.org/vocab/unit/PERCENT>	"%"^^<http://www.w3.org/2001/XMLSchema#string>
<http://www.wikidata.org/entity/Q5114724>	"Chrysocephalum apiculatum"^^<http://www.w3.org/2001/XMLSchema#string>	"Leaf phosphorus content"	"Leaf phosphorus content per dry mass (Pmass)"^^<http://www.w3.org/2001/XMLSchema#string>	0.283	<http://qudt.org/vocab/unit/PERCENT>	"%"^^<http://www.w3.org/2001/XMLSchema#string>
<http://www.wikidata.org/entity/Q518949>	"Fraxinus angustifolia"^^<http://www.w3.org/2001/XMLSchema#string>	"Leaf nitrogen content"	"Leaf nitrogen content per dry mass (Nmass)"^^<http://www.w3.org/2001/XMLSchema#string>	2.37	<http://qudt.org/vocab/unit/PERCENT>	"%"^^<http://www.w3.org/2001/XMLSchema#string>
<http://www.wikidata.org/entity/Q5200200>	"Cyperus articulatus"^^<http://www.w3.org/2001/XMLSchema#string>	"Specific leaf area"	"SLA: undefined if petiole in- or excluded"^^<http://www.w3.org/2001/XMLSchema#string>	5.67	<http://qudt.org/vocab/unit/M2-PER-KiloGM>	"m2 kg-1"^^<http://www.w3.org/2001/XMLSchema#string>
<http://www.wikidata.org/entity/Q5200200>	"Cyperus articulatus"^^<http://www.w3.org/2001/XMLSchema#string>	"Specific leaf area"	"SLA: undefined if petiole in- or excluded"^^<http://www.w3.org/2001/XMLSchema#string>	5.89	<http://qudt.org/vocab/unit/M2-PER-KiloGM>	"m2 kg-1"^^<http://www.w3.org/2001/XMLSchema#string>
<http://www.wikidata.org/entity/Q5200200>	"Cyperus articulatus"^^<http://www.w3.org/2001/XMLSchema#string>	"Specific leaf area"	"SLA: undefined if petiole in- or excluded"^^<http://www.w3.org/2001/XMLSchema#string>	5.53	<http://qudt.org/vocab/unit/M2-PER-KiloGM>	"m2 kg-1"^^<http://www.w3.org/2001/XMLSchema#string>
<http://www.wikidata.org/entity/Q5228404>	"Grevillea speciosa"^^<http://www.w3.org/2001/XMLSchema#string>	"Leaf nitrogen content"	"Leaf nitrogen content per dry mass (Nmass)"^^<http://www.w3.org/2001/XMLSchema#string>	0.8580751	<http://qudt.org/vocab/unit/PERCENT>	"%"^^<http://www.w3.org/2001/XMLSchema#string>
<http://www.wikidata.org/entity/Q522883>	"Kigelia africana"^^<http://www.w3.org/2001/XMLSchema#string>	"Leaf nitrogen content"	"Leaf nitrogen content per dry mass (Nmass)"^^<http://www.w3.org/2001/XMLSchema#string>	1.69	<http://qudt.org/vocab/unit/PERCENT>	"%"^^<http://www.w3.org/2001/XMLSchema#string>
<http://www.wikidata.org/entity/Q5233486>	"Alisma triviale"^^<http://www.w3.org/2001/XMLSchema#string>	"Leaf nitrogen content"	"Leaf nitrogen content per dry mass (Nmass)"^^<http://www.w3.org/2001/XMLSchema#string>	16.53467	<http://qudt.org/vocab/unit/MilliGM-PER-GM>	"mg/g"^^<http://www.w3.org/2001/XMLSchema#string>
<http://www.wikidata.org/entity/Q5233486>	"Alisma triviale"^^<http://www.w3.org/2001/XMLSchema#string>	"Specific leaf area"	"SLA: petiole  excluded"^^<http://www.w3.org/2001/XMLSchema#string>	95.41	<http://qudt.org/vocab/unit/CentiM2-PER-GM>	"cm2/g"^^<http://www.w3.org/2001/XMLSchema#string>
<http://www.wikidata.org/entity/Q5234652>	"Plantago patagonica"^^<http://www.w3.org/2001/XMLSchema#string>	"Leaf nitrogen content"	"Leaf nitrogen content per dry mass (Nmass)"^^<http://www.w3.org/2001/XMLSchema#string>	16.75319	<http://qudt.org/vocab/unit/MilliGM-PER-GM>	"mg/g"^^<http://www.w3.org/2001/XMLSchema#string>
<http://www.wikidata.org/entity/Q5234652>	"Plantago patagonica"^^<http://www.w3.org/2001/XMLSchema#string>	"Specific leaf area"	"SLA: petiole  excluded"^^<http://www.w3.org/2001/XMLSchema#string>	70.68	<http://qudt.org/vocab/unit/CentiM2-PER-GM>	"cm2/g"^^<http://www.w3.org/2001/XMLSchema#string>
<http://www.wikidata.org/entity/Q5287990>	"Dodonaea triquetra"^^<http://www.w3.org/2001/XMLSchema#string>	"Leaf phosphorus content"	"Leaf phosphorus content per dry mass (Pmass)"^^<http://www.w3.org/2001/XMLSchema#string>	0.079	<http://qudt.org/vocab/unit/PERCENT>	"%"^^<http://www.w3.org/2001/XMLSchema#string>
<http://www.wikidata.org/entity/Q5368480>	"Elymus elymoides"^^<http://www.w3.org/2001/XMLSchema#string>	"Leaf nitrogen content"	"Leaf nitrogen content per dry mass (Nmass)"^^<http://www.w3.org/2001/XMLSchema#string>	1.79	<http://qudt.org/vocab/unit/PERCENT>	"%"^^<http://www.w3.org/2001/XMLSchema#string>
<http://www.wikidata.org/entity/Q5385564>	"Eremophila deserti"^^<http://www.w3.org/2001/XMLSchema#string>	"Leaf phosphorus content"	"Leaf phosphorus content per dry mass (Pmass)"^^<http://www.w3.org/2001/XMLSchema#string>	0.089	<http://qudt.org/vocab/unit/PERCENT>	"%"^^<http://www.w3.org/2001/XMLSchema#string>
<http://www.wikidata.org/entity/Q5385573>	"Eremophila glabra"^^<http://www.w3.org/2001/XMLSchema#string>	"Leaf nitrogen content"	"Leaf nitrogen content per dry mass (Nmass)"^^<http://www.w3.org/2001/XMLSchema#string>	1.685248	<http://qudt.org/vocab/unit/PERCENT>	"%"^^<http://www.w3.org/2001/XMLSchema#string>
<http://www.wikidata.org/entity/Q5385573>	"Eremophila glabra"^^<http://www.w3.org/2001/XMLSchema#string>	"Leaf phosphorus content"	"Leaf phosphorus content per dry mass (Pmass)"^^<http://www.w3.org/2001/XMLSchema#string>	0.102	<http://qudt.org/vocab/unit/PERCENT>	"%"^^<http://www.w3.org/2001/XMLSchema#string>
<http://www.wikidata.org/entity/Q5387946>	"Erica mammosa"^^<http://www.w3.org/2001/XMLSchema#string>	"Leaf nitrogen content"	"Leaf nitrogen content per dry mass (Nmass)"^^<http://www.w3.org/2001/XMLSchema#string>	0.79	<http://qudt.org/vocab/unit/PERCENT>	"%"^^<http://www.w3.org/2001/XMLSchema#string>
<http://www.wikidata.org/entity/Q5387951>	"Erica plukenetii"^^<http://www.w3.org/2001/XMLSchema#string>	"Leaf nitrogen content"	"Leaf nitrogen content per dry mass (Nmass)"^^<http://www.w3.org/2001/XMLSchema#string>	0.61	<http://qudt.org/vocab/unit/PERCENT>	"%"^^<http://www.w3.org/2001/XMLSchema#string>
<http://www.wikidata.org/entity/Q5387973>	"Ericameria ericoides"^^<http://www.w3.org/2001/XMLSchema#string>	"Specific leaf area"	"SLA: undefined if petiole in- or excluded"^^<http://www.w3.org/2001/XMLSchema#string>	200.0	<http://qudt.org/vocab/unit/CentiM2-PER-GM>	"cm^2/g"^^<http://www.w3.org/2001/XMLSchema#string>
<http://www.wikidata.org/entity/Q5400015>	"Bellucia grossularioides"^^<http://www.w3.org/2001/XMLSchema#string>	"Leaf nitrogen content"	"Leaf nitrogen content per dry mass (Nmass)"^^<http://www.w3.org/2001/XMLSchema#string>	2.7	<http://qudt.org/vocab/unit/PERCENT>	"%"^^<http://www.w3.org/2001/XMLSchema#string>
<http://www.wikidata.org/entity/Q5400015>	"Bellucia grossularioides"^^<http://www.w3.org/2001/XMLSchema#string>	"Leaf nitrogen content"	"Leaf nitrogen content per dry mass (Nmass)"^^<http://www.w3.org/2001/XMLSchema#string>	1.69	<http://qudt.org/vocab/unit/PERCENT>	"%"^^<http://www.w3.org/2001/XMLSchema#string>
<http://www.wikidata.org/entity/Q5400015>	"Bellucia grossularioides"^^<http://www.w3.org/2001/XMLSchema#string>	"Leaf nitrogen content"	"Leaf nitrogen content per dry mass (Nmass)"^^<http://www.w3.org/2001/XMLSchema#string>	1.42	<http://qudt.org/vocab/unit/PERCENT>	"%"^^<http://www.w3.org/2001/XMLSchema#string>
<http://www.wikidata.org/entity/Q5400015>	"Bellucia grossularioides"^^<http://www.w3.org/2001/XMLSchema#string>	"Leaf nitrogen content"	"Leaf nitrogen content per dry mass (Nmass)"^^<http://www.w3.org/2001/XMLSchema#string>	1.3	<http://qudt.org/vocab/unit/PERCENT>	"%"^^<http://www.w3.org/2001/XMLSchema#string>
<http://www.wikidata.org/entity/Q5400015>	"Bellucia grossularioides"^^<http://www.w3.org/2001/XMLSchema#string>	"Leaf nitrogen content"	"Leaf nitrogen content per dry mass (Nmass)"^^<http://www.w3.org/2001/XMLSchema#string>	1.41	<http://qudt.org/vocab/unit/PERCENT>	"%"^^<http://www.w3.org/2001/XMLSchema#string>
<http://www.wikidata.org/entity/Q5400015>	"Bellucia grossularioides"^^<http://www.w3.org/2001/XMLSchema#string>	"Leaf phosphorus content"	"Leaf phosphorus content per dry mass (Pmass)"^^<http://www.w3.org/2001/XMLSchema#string>	0.05	<http://qudt.org/vocab/unit/PERCENT>	"%"^^<http://www.w3.org/2001/XMLSchema#string>
<http://www.wikidata.org/entity/Q5400015>	"Bellucia grossularioides"^^<http://www.w3.org/2001/XMLSchema#string>	"Leaf phosphorus content"	"Leaf phosphorus content per dry mass (Pmass)"^^<http://www.w3.org/2001/XMLSchema#string>	0.06	<http://qudt.org/vocab/unit/PERCENT>	"%"^^<http://www.w3.org/2001/XMLSchema#string>
<http://www.wikidata.org/entity/Q5402509>	"Macrozamia communis"^^<http://www.w3.org/2001/XMLSchema#string>	"Leaf nitrogen content"	"Leaf nitrogen content per dry mass (Nmass)"^^<http://www.w3.org/2001/XMLSchema#string>	1.34528	<http://qudt.org/vocab/unit/PERCENT>	"%"^^<http://www.w3.org/2001/XMLSchema#string>
<http://www.wikidata.org/entity/Q5405566>	"Eucalyptus cladocalyx"^^<http://www.w3.org/2001/XMLSchema#string>	"Leaf nitrogen content"	"Leaf nitrogen content per dry mass (Nmass)"^^<http://www.w3.org/2001/XMLSchema#string>	1.395	<http://qudt.org/vocab/unit/PERCENT>	"%"^^<http://www.w3.org/2001/XMLSchema#string>
<http://www.wikidata.org/entity/Q5405723>	"Eucalyptus urophylla"^^<http://www.w3.org/2001/XMLSchema#string>	"Specific leaf area"	"SLA: undefined if petiole in- or excluded"^^<http://www.w3.org/2001/XMLSchema#string>	11.76471	<http://qudt.org/vocab/unit/M2-PER-KiloGM>	"m2/kg"^^<http://www.w3.org/2001/XMLSchema#string>
<http://www.wikidata.org/entity/Q5405723>	"Eucalyptus urophylla"^^<http://www.w3.org/2001/XMLSchema#string>	"Specific leaf area"	"SLA: undefined if petiole in- or excluded"^^<http://www.w3.org/2001/XMLSchema#string>	13.33333	<http://qudt.org/vocab/unit/M2-PER-KiloGM>	"m2/kg"^^<http://www.w3.org/2001/XMLSchema#string>
<http://www.wikidata.org/entity/Q5405723>	"Eucalyptus urophylla"^^<http://www.w3.org/2001/XMLSchema#string>	"Specific leaf area"	"SLA: undefined if petiole in- or excluded"^^<http://www.w3.org/2001/XMLSchema#string>	12.5	<http://qudt.org/vocab/unit/M2-PER-KiloGM>	"m2/kg"^^<http://www.w3.org/2001/XMLSchema#string>
<http://www.wikidata.org/entity/Q5405723>	"Eucalyptus urophylla"^^<http://www.w3.org/2001/XMLSchema#string>	"Specific leaf area"	"SLA: undefined if petiole in- or excluded"^^<http://www.w3.org/2001/XMLSchema#string>	10.52632	<http://qudt.org/vocab/unit/M2-PER-KiloGM>	"m2/kg"^^<http://www.w3.org/2001/XMLSchema#string>
<http://www.wikidata.org/entity/Q5405723>	"Eucalyptus urophylla"^^<http://www.w3.org/2001/XMLSchema#string>	"Specific leaf area"	"SLA: undefined if petiole in- or excluded"^^<http://www.w3.org/2001/XMLSchema#string>	10.41667	<http://qudt.org/vocab/unit/M2-PER-KiloGM>	"m2/kg"^^<http://www.w3.org/2001/XMLSchema#string>
<http://www.wikidata.org/entity/Q5405723>	"Eucalyptus urophylla"^^<http://www.w3.org/2001/XMLSchema#string>	"Specific leaf area"	"SLA: undefined if petiole in- or excluded"^^<http://www.w3.org/2001/XMLSchema#string>	9.803922	<http://qudt.org/vocab/unit/M2-PER-KiloGM>	"m2/kg"^^<http://www.w3.org/2001/XMLSchema#string>
<http://www.wikidata.org/entity/Q5412714>	"Suaeda australis"^^<http://www.w3.org/2001/XMLSchema#string>	"Leaf nitrogen content"	"Leaf nitrogen content per dry mass (Nmass)"^^<http://www.w3.org/2001/XMLSchema#string>	21.1	<http://qudt.org/vocab/unit/MilliGM-PER-GM>	"mg/g"^^<http://www.w3.org/2001/XMLSchema#string>
<http://www.wikidata.org/entity/Q5413585>	"Vaccinium myrtillus"^^<http://www.w3.org/2001/XMLSchema#string>	"Leaf nitrogen content"	"Leaf nitrogen content per dry mass (Nmass)"^^<http://www.w3.org/2001/XMLSchema#string>	2.29	<http://qudt.org/vocab/unit/PERCENT>	"%"^^<http://www.w3.org/2001/XMLSchema#string>
<http://www.wikidata.org/entity/Q5413585>	"Vaccinium myrtillus"^^<http://www.w3.org/2001/XMLSchema#string>	"Leaf nitrogen content"	"Leaf nitrogen content per dry mass (Nmass)"^^<http://www.w3.org/2001/XMLSchema#string>	17.8	<http://qudt.org/vocab/unit/MilliGM-PER-GM>	"(mg g-1)"^^<http://www.w3.org/2001/XMLSchema#string>
<http://www.wikidata.org/entity/Q5413585>	"Vaccinium myrtillus"^^<http://www.w3.org/2001/XMLSchema#string>	"Leaf phosphorus content"	"Leaf phosphorus content per dry mass (Pmass)"^^<http://www.w3.org/2001/XMLSchema#string>	1600.0	<http://qudt.org/vocab/unit/PPM>	"ppm"^^<http://www.w3.org/2001/XMLSchema#string>
<http://www.wikidata.org/entity/Q5413585>	"Vaccinium myrtillus"^^<http://www.w3.org/2001/XMLSchema#string>	"Leaf phosphorus content"	"Leaf phosphorus content per dry mass (Pmass)"^^<http://www.w3.org/2001/XMLSchema#string>	1.4	<http://qudt.org/vocab/unit/MilliGM-PER-GM>	"(mg g-1)"^^<http://www.w3.org/2001/XMLSchema#string>
<http://www.wikidata.org/entity/Q5413585>	"Vaccinium myrtillus"^^<http://www.w3.org/2001/XMLSchema#string>	"Leaf phosphorus content"	"Leaf phosphorus content per dry mass (Pmass)"^^<http://www.w3.org/2001/XMLSchema#string>	0.14	<http://qudt.org/vocab/unit/PERCENT>	"%"^^<http://www.w3.org/2001/XMLSchema#string>
<http://www.wikidata.org/entity/Q5413585>	"Vaccinium myrtillus"^^<http://www.w3.org/2001/XMLSchema#string>	"Specific leaf area"	"SLA: undefined if petiole in- or excluded"^^<http://www.w3.org/2001/XMLSchema#string>	181.7	<http://qudt.org/vocab/unit/CentiM2-PER-GM>	"SLA cm2/g"^^<http://www.w3.org/2001/XMLSchema#string>
<http://www.wikidata.org/entity/Q5413585>	"Vaccinium myrtillus"^^<http://www.w3.org/2001/XMLSchema#string>	"Specific leaf area"	"SLA: undefined if petiole in- or excluded"^^<http://www.w3.org/2001/XMLSchema#string>	204.0	<http://qudt.org/vocab/unit/CentiM2-PER-GM>	"SLA cm2/g"^^<http://www.w3.org/2001/XMLSchema#string>
<http://www.wikidata.org/entity/Q5413585>	"Vaccinium myrtillus"^^<http://www.w3.org/2001/XMLSchema#string>	"Specific leaf area"	"SLA: undefined if petiole in- or excluded"^^<http://www.w3.org/2001/XMLSchema#string>	207.5156	<http://qudt.org/vocab/unit/CentiM2-PER-GM>	"SLA cm2/g"^^<http://www.w3.org/2001/XMLSchema#string>
<http://www.wikidata.org/entity/Q5414396>	"Eutaxia microphylla"^^<http://www.w3.org/2001/XMLSchema#string>	"Leaf phosphorus content"	"Leaf phosphorus content per dry mass (Pmass)"^^<http://www.w3.org/2001/XMLSchema#string>	0.078	<http://qudt.org/vocab/unit/PERCENT>	"%"^^<http://www.w3.org/2001/XMLSchema#string>
<http://www.wikidata.org/entity/Q5414443>	"Euthamia graminifolia"^^<http://www.w3.org/2001/XMLSchema#string>	"Leaf nitrogen content"	"Leaf nitrogen content per dry mass (Nmass)"^^<http://www.w3.org/2001/XMLSchema#string>	20.08453	<http://qudt.org/vocab/unit/MilliGM-PER-GM>	"mg/g"^^<http://www.w3.org/2001/XMLSchema#string>
<http://www.wikidata.org/entity/Q5414443>	"Euthamia graminifolia"^^<http://www.w3.org/2001/XMLSchema#string>	"Specific leaf area"	"SLA: petiole  excluded"^^<http://www.w3.org/2001/XMLSchema#string>	116.37	<http://qudt.org/vocab/unit/CentiM2-PER-GM>	"cm2/g"^^<http://www.w3.org/2001/XMLSchema#string>
<http://www.wikidata.org/entity/Q5435829>	"Podocarpus urbanii"^^<http://www.w3.org/2001/XMLSchema#string>	"Leaf phosphorus content"	"Leaf phosphorus content per dry mass (Pmass)"^^<http://www.w3.org/2001/XMLSchema#string>	500.0	<http://qudt.org/vocab/unit/PPM>	"ppm"^^<http://www.w3.org/2001/XMLSchema#string>
<http://www.wikidata.org/entity/Q546069>	"Magnolia salicifolia"^^<http://www.w3.org/2001/XMLSchema#string>	"Leaf nitrogen content"	"Leaf nitrogen content per dry mass (Nmass)"^^<http://www.w3.org/2001/XMLSchema#string>	2.32	<http://qudt.org/vocab/unit/PERCENT>	"%"^^<http://www.w3.org/2001/XMLSchema#string>
<http://www.wikidata.org/entity/Q5460815>	"Ocotea rivularis"^^<http://www.w3.org/2001/XMLSchema#string>	"Leaf phosphorus content"	"Leaf phosphorus content per dry mass (Pmass)"^^<http://www.w3.org/2001/XMLSchema#string>	0.11	<http://qudt.org/vocab/unit/PERCENT>	"% mass/mass"^^<http://www.w3.org/2001/XMLSchema#string>
<http://www.wikidata.org/entity/Q5462023>	"Flourensia cernua"^^<http://www.w3.org/2001/XMLSchema#string>	"Leaf nitrogen content"	"Leaf nitrogen content per dry mass (Nmass)"^^<http://www.w3.org/2001/XMLSchema#string>	2.7	<http://qudt.org/vocab/unit/PERCENT>	"%"^^<http://www.w3.org/2001/XMLSchema#string>
<http://www.wikidata.org/entity/Q5462466>	"Podocarpus salignus"^^<http://www.w3.org/2001/XMLSchema#string>	"Leaf nitrogen content"	"Leaf nitrogen content per dry mass (Nmass)"^^<http://www.w3.org/2001/XMLSchema#string>	0.98	<http://qudt.org/vocab/unit/PERCENT>	"%"^^<http://www.w3.org/2001/XMLSchema#string>
<http://www.wikidata.org/entity/Q5462466>	"Podocarpus salignus"^^<http://www.w3.org/2001/XMLSchema#string>	"Leaf nitrogen content"	"Leaf nitrogen content per dry mass (Nmass)"^^<http://www.w3.org/2001/XMLSchema#string>	1.1	<http://qudt.org/vocab/unit/PERCENT>	"%"^^<http://www.w3.org/2001/XMLSchema#string>
<http://www.wikidata.org/entity/Q5462768>	"Pouteria nemorosa"^^<http://www.w3.org/2001/XMLSchema#string>	"Leaf nitrogen content"	"Leaf nitrogen content per dry mass (Nmass)"^^<http://www.w3.org/2001/XMLSchema#string>	1.9	<http://qudt.org/vocab/unit/PERCENT>	"%"^^<http://www.w3.org/2001/XMLSchema#string>
<http://www.wikidata.org/entity/Q5479016>	"Guarea guidonia"^^<http://www.w3.org/2001/XMLSchema#string>	"Leaf nitrogen content"	"Leaf nitrogen content per dry mass (Nmass)"^^<http://www.w3.org/2001/XMLSchema#string>	2.8	<http://qudt.org/vocab/unit/PERCENT>	"%"^^<http://www.w3.org/2001/XMLSchema#string>
<http://www.wikidata.org/entity/Q5486855>	"Ligusticum huteri"^^<http://www.w3.org/2001/XMLSchema#string>	"Leaf nitrogen content"	"Leaf nitrogen content per dry mass (Nmass)"^^<http://www.w3.org/2001/XMLSchema#string>	4.15	<http://qudt.org/vocab/unit/PERCENT>	"%"^^<http://www.w3.org/2001/XMLSchema#string>
<http://www.wikidata.org/entity/Q5503309>	"Freycinetia arborea"^^<http://www.w3.org/2001/XMLSchema#string>	"Leaf phosphorus content"	"Leaf phosphorus content per dry mass (Pmass)"^^<http://www.w3.org/2001/XMLSchema#string>	0.1	<http://qudt.org/vocab/unit/PERCENT>	"%"^^<http://www.w3.org/2001/XMLSchema#string>
<http://www.wikidata.org/entity/Q5522456>	"Gardenia latifolia"^^<http://www.w3.org/2001/XMLSchema#string>	"Leaf nitrogen content"	"Leaf nitrogen content per dry mass (Nmass)"^^<http://www.w3.org/2001/XMLSchema#string>	1.7	<http://qudt.org/vocab/unit/PERCENT>	"%"^^<http://www.w3.org/2001/XMLSchema#string>
<http://www.wikidata.org/entity/Q5528871>	"Gaylussacia baccata"^^<http://www.w3.org/2001/XMLSchema#string>	"Leaf phosphorus content"	"Leaf phosphorus content per dry mass (Pmass)"^^<http://www.w3.org/2001/XMLSchema#string>	0.08	<http://qudt.org/vocab/unit/PERCENT>	"%"^^<http://www.w3.org/2001/XMLSchema#string>
<http://www.wikidata.org/entity/Q5549878>	"Geranium richardsonii"^^<http://www.w3.org/2001/XMLSchema#string>	"Leaf nitrogen content"	"Leaf nitrogen content per dry mass (Nmass)"^^<http://www.w3.org/2001/XMLSchema#string>	3.2	<http://qudt.org/vocab/unit/PERCENT>	"%"^^<http://www.w3.org/2001/XMLSchema#string>
<http://www.wikidata.org/entity/Q557928>	"Rhododendron ponticum"^^<http://www.w3.org/2001/XMLSchema#string>	"Specific leaf area"	"SLA: undefined if petiole in- or excluded"^^<http://www.w3.org/2001/XMLSchema#string>	66.0	<http://qudt.org/vocab/unit/CentiM2-PER-GM>	"SLA cm2/g"^^<http://www.w3.org/2001/XMLSchema#string>
<http://www.wikidata.org/entity/Q5581268>	"Gompholobium grandiflorum"^^<http://www.w3.org/2001/XMLSchema#string>	"Leaf phosphorus content"	"Leaf phosphorus content per dry mass (Pmass)"^^<http://www.w3.org/2001/XMLSchema#string>	0.018	<http://qudt.org/vocab/unit/PERCENT>	"%"^^<http://www.w3.org/2001/XMLSchema#string>
<http://www.wikidata.org/entity/Q55848746>	"Dussia atropurpurea"^^<http://www.w3.org/2001/XMLSchema#string>	"Leaf phosphorus content"	"Leaf phosphorus content per dry mass (Pmass)"^^<http://www.w3.org/2001/XMLSchema#string>	0.1142	<http://qudt.org/vocab/unit/PERCENT>	"%"^^<http://www.w3.org/2001/XMLSchema#string>
<http://www.wikidata.org/entity/Q5588369>	"Goupia glabra"^^<http://www.w3.org/2001/XMLSchema#string>	"Leaf nitrogen content"	"Leaf nitrogen content per dry mass (Nmass)"^^<http://www.w3.org/2001/XMLSchema#string>	1.62	<http://qudt.org/vocab/unit/PERCENT>	"%"^^<http://www.w3.org/2001/XMLSchema#string>
<http://www.wikidata.org/entity/Q5588369>	"Goupia glabra"^^<http://www.w3.org/2001/XMLSchema#string>	"Leaf nitrogen content"	"Leaf nitrogen content per dry mass (Nmass)"^^<http://www.w3.org/2001/XMLSchema#string>	1.53	<http://qudt.org/vocab/unit/PERCENT>	"%"^^<http://www.w3.org/2001/XMLSchema#string>
<http://www.wikidata.org/entity/Q5588369>	"Goupia glabra"^^<http://www.w3.org/2001/XMLSchema#string>	"Leaf nitrogen content"	"Leaf nitrogen content per dry mass (Nmass)"^^<http://www.w3.org/2001/XMLSchema#string>	1.42	<http://qudt.org/vocab/unit/PERCENT>	"%"^^<http://www.w3.org/2001/XMLSchema#string>
<http://www.wikidata.org/entity/Q5588369>	"Goupia glabra"^^<http://www.w3.org/2001/XMLSchema#string>	"Leaf nitrogen content"	"Leaf nitrogen content per dry mass (Nmass)"^^<http://www.w3.org/2001/XMLSchema#string>	1.44	<http://qudt.org/vocab/unit/PERCENT>	"%"^^<http://www.w3.org/2001/XMLSchema#string>
<http://www.wikidata.org/entity/Q5588369>	"Goupia glabra"^^<http://www.w3.org/2001/XMLSchema#string>	"Leaf nitrogen content"	"Leaf nitrogen content per dry mass (Nmass)"^^<http://www.w3.org/2001/XMLSchema#string>	1.45	<http://qudt.org/vocab/unit/PERCENT>	"%"^^<http://www.w3.org/2001/XMLSchema#string>
<http://www.wikidata.org/entity/Q5588369>	"Goupia glabra"^^<http://www.w3.org/2001/XMLSchema#string>	"Leaf nitrogen content"	"Leaf nitrogen content per dry mass (Nmass)"^^<http://www.w3.org/2001/XMLSchema#string>	1.47	<http://qudt.org/vocab/unit/PERCENT>	"%"^^<http://www.w3.org/2001/XMLSchema#string>
<http://www.wikidata.org/entity/Q5588369>	"Goupia glabra"^^<http://www.w3.org/2001/XMLSchema#string>	"Leaf phosphorus content"	"Leaf phosphorus content per dry mass (Pmass)"^^<http://www.w3.org/2001/XMLSchema#string>	600.0	<http://qudt.org/vocab/unit/PPM>	"ppm"^^<http://www.w3.org/2001/XMLSchema#string>
<http://www.wikidata.org/entity/Q5588369>	"Goupia glabra"^^<http://www.w3.org/2001/XMLSchema#string>	"Leaf phosphorus content"	"Leaf phosphorus content per dry mass (Pmass)"^^<http://www.w3.org/2001/XMLSchema#string>	600.0	<http://qudt.org/vocab/unit/MicroGM-PER-GM>	"micro g(P)/g(DM)"^^<http://www.w3.org/2001/XMLSchema#string>
<http://www.wikidata.org/entity/Q5601472>	"Eriogonum alatum"^^<http://www.w3.org/2001/XMLSchema#string>	"Leaf phosphorus content"	"Leaf phosphorus content per dry mass (Pmass)"^^<http://www.w3.org/2001/XMLSchema#string>	0.041	<http://qudt.org/vocab/unit/PERCENT>	"%"^^<http://www.w3.org/2001/XMLSchema#string>
<http://www.wikidata.org/entity/Q5607872>	"Grevillea aneura"^^<http://www.w3.org/2001/XMLSchema#string>	"Leaf phosphorus content"	"Leaf phosphorus content per dry mass (Pmass)"^^<http://www.w3.org/2001/XMLSchema#string>	0.085	<http://qudt.org/vocab/unit/PERCENT>	"%"^^<http://www.w3.org/2001/XMLSchema#string>
<http://www.wikidata.org/entity/Q5640380>	"Hakea cygna"^^<http://www.w3.org/2001/XMLSchema#string>	"Leaf nitrogen content"	"Leaf nitrogen content per dry mass (Nmass)"^^<http://www.w3.org/2001/XMLSchema#string>	0.432	<http://qudt.org/vocab/unit/PERCENT>	"%"^^<http://www.w3.org/2001/XMLSchema#string>
<http://www.wikidata.org/entity/Q5640380>	"Hakea cygna"^^<http://www.w3.org/2001/XMLSchema#string>	"Leaf phosphorus content"	"Leaf phosphorus content per dry mass (Pmass)"^^<http://www.w3.org/2001/XMLSchema#string>	0.021	<http://qudt.org/vocab/unit/PERCENT>	"%"^^<http://www.w3.org/2001/XMLSchema#string>
<http://www.wikidata.org/entity/Q5640408>	"Hakea prostrata"^^<http://www.w3.org/2001/XMLSchema#string>	"Leaf nitrogen content"	"Leaf nitrogen content per dry mass (Nmass)"^^<http://www.w3.org/2001/XMLSchema#string>	0.439	<http://qudt.org/vocab/unit/PERCENT>	"%"^^<http://www.w3.org/2001/XMLSchema#string>
<http://www.wikidata.org/entity/Q5640408>	"Hakea prostrata"^^<http://www.w3.org/2001/XMLSchema#string>	"Leaf phosphorus content"	"Leaf phosphorus content per dry mass (Pmass)"^^<http://www.w3.org/2001/XMLSchema#string>	0.057	<http://qudt.org/vocab/unit/PERCENT>	"%"^^<http://www.w3.org/2001/XMLSchema#string>
<http://www.wikidata.org/entity/Q5640415>	"Hakea teretifolia"^^<http://www.w3.org/2001/XMLSchema#string>	"Leaf nitrogen content"	"Leaf nitrogen content per dry mass (Nmass)"^^<http://www.w3.org/2001/XMLSchema#string>	0.5166754	<http://qudt.org/vocab/unit/PERCENT>	"%"^^<http://www.w3.org/2001/XMLSchema#string>
<http://www.wikidata.org/entity/Q5640416>	"Hakea tephrosperma"^^<http://www.w3.org/2001/XMLSchema#string>	"Leaf nitrogen content"	"Leaf nitrogen content per dry mass (Nmass)"^^<http://www.w3.org/2001/XMLSchema#string>	0.7305359	<http://qudt.org/vocab/unit/PERCENT>	"%"^^<http://www.w3.org/2001/XMLSchema#string>
<http://www.wikidata.org/entity/Q5640838>	"Styrax ferrugineus"^^<http://www.w3.org/2001/XMLSchema#string>	"Leaf nitrogen content"	"Leaf nitrogen content per dry mass (Nmass)"^^<http://www.w3.org/2001/XMLSchema#string>	1.1	<http://qudt.org/vocab/unit/PERCENT>	"%"^^<http://www.w3.org/2001/XMLSchema#string>
<http://www.wikidata.org/entity/Q5640838>	"Styrax ferrugineus"^^<http://www.w3.org/2001/XMLSchema#string>	"Leaf nitrogen content"	"Leaf nitrogen content per dry mass (Nmass)"^^<http://www.w3.org/2001/XMLSchema#string>	1.17	<http://qudt.org/vocab/unit/PERCENT>	"%"^^<http://www.w3.org/2001/XMLSchema#string>
<http://www.wikidata.org/entity/Q5640838>	"Styrax ferrugineus"^^<http://www.w3.org/2001/XMLSchema#string>	"Leaf nitrogen content"	"Leaf nitrogen content per dry mass (Nmass)"^^<http://www.w3.org/2001/XMLSchema#string>	1.23	<http://qudt.org/vocab/unit/PERCENT>	"%"^^<http://www.w3.org/2001/XMLSchema#string>
<http://www.wikidata.org/entity/Q5640838>	"Styrax ferrugineus"^^<http://www.w3.org/2001/XMLSchema#string>	"Leaf nitrogen content"	"Leaf nitrogen content per dry mass (Nmass)"^^<http://www.w3.org/2001/XMLSchema#string>	1.29	<http://qudt.org/vocab/unit/PERCENT>	"%"^^<http://www.w3.org/2001/XMLSchema#string>
<http://www.wikidata.org/entity/Q5640838>	"Styrax ferrugineus"^^<http://www.w3.org/2001/XMLSchema#string>	"Leaf nitrogen content"	"Leaf nitrogen content per dry mass (Nmass)"^^<http://www.w3.org/2001/XMLSchema#string>	1.38	<http://qudt.org/vocab/unit/PERCENT>	"%"^^<http://www.w3.org/2001/XMLSchema#string>
<http://www.wikidata.org/entity/Q5640838>	"Styrax ferrugineus"^^<http://www.w3.org/2001/XMLSchema#string>	"Leaf phosphorus content"	"Leaf phosphorus content per dry mass (Pmass)"^^<http://www.w3.org/2001/XMLSchema#string>	0.06	<http://qudt.org/vocab/unit/PERCENT>	"%"^^<http://www.w3.org/2001/XMLSchema#string>
<http://www.wikidata.org/entity/Q5648537>	"Blepharocalyx salicifolius"^^<http://www.w3.org/2001/XMLSchema#string>	"Leaf nitrogen content"	"Leaf nitrogen content per dry mass (Nmass)"^^<http://www.w3.org/2001/XMLSchema#string>	1.37	<http://qudt.org/vocab/unit/PERCENT>	"%"^^<http://www.w3.org/2001/XMLSchema#string>
<http://www.wikidata.org/entity/Q5648537>	"Blepharocalyx salicifolius"^^<http://www.w3.org/2001/XMLSchema#string>	"Leaf nitrogen content"	"Leaf nitrogen content per dry mass (Nmass)"^^<http://www.w3.org/2001/XMLSchema#string>	1.51	<http://qudt.org/vocab/unit/PERCENT>	"%"^^<http://www.w3.org/2001/XMLSchema#string>
<http://www.wikidata.org/entity/Q5648537>	"Blepharocalyx salicifolius"^^<http://www.w3.org/2001/XMLSchema#string>	"Leaf nitrogen content"	"Leaf nitrogen content per dry mass (Nmass)"^^<http://www.w3.org/2001/XMLSchema#string>	1.63	<http://qudt.org/vocab/unit/PERCENT>	"%"^^<http://www.w3.org/2001/XMLSchema#string>
<http://www.wikidata.org/entity/Q5704868>	"Helianthus microcephalus"^^<http://www.w3.org/2001/XMLSchema#string>	"Leaf nitrogen content"	"Leaf nitrogen content per dry mass (Nmass)"^^<http://www.w3.org/2001/XMLSchema#string>	2.62	<http://qudt.org/vocab/unit/PERCENT>	"%"^^<http://www.w3.org/2001/XMLSchema#string>
<http://www.wikidata.org/entity/Q5705451>	"Heliocarpus americanus"^^<http://www.w3.org/2001/XMLSchema#string>	"Leaf nitrogen content"	"Leaf nitrogen content per dry mass (Nmass)"^^<http://www.w3.org/2001/XMLSchema#string>	3.0	<http://qudt.org/vocab/unit/PERCENT>	"%"^^<http://www.w3.org/2001/XMLSchema#string>
<http://www.wikidata.org/entity/Q5734205>	"Bromus lanceolatus"^^<http://www.w3.org/2001/XMLSchema#string>	"Specific leaf area"	"SLA: undefined if petiole in- or excluded"^^<http://www.w3.org/2001/XMLSchema#string>	408.2203	<http://qudt.org/vocab/unit/CentiM2-PER-GM>	"SLA cm2/g"^^<http://www.w3.org/2001/XMLSchema#string>
<http://www.wikidata.org/entity/Q5756034>	"Casearia gossypiosperma"^^<http://www.w3.org/2001/XMLSchema#string>	"Leaf nitrogen content"	"Leaf nitrogen content per dry mass (Nmass)"^^<http://www.w3.org/2001/XMLSchema#string>	2.2	<http://qudt.org/vocab/unit/PERCENT>	"%"^^<http://www.w3.org/2001/XMLSchema#string>
<http://www.wikidata.org/entity/Q5762191>	"Centrolobium microchaete"^^<http://www.w3.org/2001/XMLSchema#string>	"Leaf nitrogen content"	"Leaf nitrogen content per dry mass (Nmass)"^^<http://www.w3.org/2001/XMLSchema#string>	3.2	<http://qudt.org/vocab/unit/PERCENT>	"%"^^<http://www.w3.org/2001/XMLSchema#string>
<http://www.wikidata.org/entity/Q5793449>	"Lindera umbellata"^^<http://www.w3.org/2001/XMLSchema#string>	"Leaf nitrogen content"	"Leaf nitrogen content per dry mass (Nmass)"^^<http://www.w3.org/2001/XMLSchema#string>	2.32	<http://qudt.org/vocab/unit/PERCENT>	"%"^^<http://www.w3.org/2001/XMLSchema#string>
<http://www.wikidata.org/entity/Q58393>	"Dodonaea viscosa"^^<http://www.w3.org/2001/XMLSchema#string>	"Leaf nitrogen content"	"Leaf nitrogen content per dry mass (Nmass)"^^<http://www.w3.org/2001/XMLSchema#string>	1.4	<http://qudt.org/vocab/unit/PERCENT>	"%"^^<http://www.w3.org/2001/XMLSchema#string>
<http://www.wikidata.org/entity/Q58393>	"Dodonaea viscosa"^^<http://www.w3.org/2001/XMLSchema#string>	"Leaf nitrogen content"	"Leaf nitrogen content per dry mass (Nmass)"^^<http://www.w3.org/2001/XMLSchema#string>	1.977953	<http://qudt.org/vocab/unit/PERCENT>	"%"^^<http://www.w3.org/2001/XMLSchema#string>
<http://www.wikidata.org/entity/Q58393>	"Dodonaea viscosa"^^<http://www.w3.org/2001/XMLSchema#string>	"Leaf nitrogen content"	"Leaf nitrogen content per dry mass (Nmass)"^^<http://www.w3.org/2001/XMLSchema#string>	1.859687	<http://qudt.org/vocab/unit/PERCENT>	"%"^^<http://www.w3.org/2001/XMLSchema#string>
<http://www.wikidata.org/entity/Q58393>	"Dodonaea viscosa"^^<http://www.w3.org/2001/XMLSchema#string>	"Leaf phosphorus content"	"Leaf phosphorus content per dry mass (Pmass)"^^<http://www.w3.org/2001/XMLSchema#string>	0.113	<http://qudt.org/vocab/unit/PERCENT>	"%"^^<http://www.w3.org/2001/XMLSchema#string>
<http://www.wikidata.org/entity/Q58393>	"Dodonaea viscosa"^^<http://www.w3.org/2001/XMLSchema#string>	"Leaf phosphorus content"	"Leaf phosphorus content per dry mass (Pmass)"^^<http://www.w3.org/2001/XMLSchema#string>	0.097	<http://qudt.org/vocab/unit/PERCENT>	"%"^^<http://www.w3.org/2001/XMLSchema#string>
<http://www.wikidata.org/entity/Q5861511>	"Zygia cataractae"^^<http://www.w3.org/2001/XMLSchema#string>	"Leaf nitrogen content"	"Leaf nitrogen content per dry mass (Nmass)"^^<http://www.w3.org/2001/XMLSchema#string>	2.41	<http://qudt.org/vocab/unit/PERCENT>	"%"^^<http://www.w3.org/2001/XMLSchema#string>
<http://www.wikidata.org/entity/Q594058>	"Viola reichenbachiana"^^<http://www.w3.org/2001/XMLSchema#string>	"Leaf nitrogen content"	"Leaf nitrogen content per dry mass (Nmass)"^^<http://www.w3.org/2001/XMLSchema#string>	1.919765	<http://qudt.org/vocab/unit/PERCENT>	"%"^^<http://www.w3.org/2001/XMLSchema#string>
<http://www.wikidata.org/entity/Q594058>	"Viola reichenbachiana"^^<http://www.w3.org/2001/XMLSchema#string>	"Leaf nitrogen content"	"Leaf nitrogen content per dry mass (Nmass)"^^<http://www.w3.org/2001/XMLSchema#string>	1.937112	<http://qudt.org/vocab/unit/PERCENT>	"%"^^<http://www.w3.org/2001/XMLSchema#string>
<http://www.wikidata.org/entity/Q594058>	"Viola reichenbachiana"^^<http://www.w3.org/2001/XMLSchema#string>	"Leaf nitrogen content"	"Leaf nitrogen content per dry mass (Nmass)"^^<http://www.w3.org/2001/XMLSchema#string>	1.990896	<http://qudt.org/vocab/unit/PERCENT>	"%"^^<http://www.w3.org/2001/XMLSchema#string>
<http://www.wikidata.org/entity/Q594058>	"Viola reichenbachiana"^^<http://www.w3.org/2001/XMLSchema#string>	"Leaf nitrogen content"	"Leaf nitrogen content per dry mass (Nmass)"^^<http://www.w3.org/2001/XMLSchema#string>	2.277334	<http://qudt.org/vocab/unit/PERCENT>	"%"^^<http://www.w3.org/2001/XMLSchema#string>
<http://www.wikidata.org/entity/Q594058>	"Viola reichenbachiana"^^<http://www.w3.org/2001/XMLSchema#string>	"Leaf nitrogen content"	"Leaf nitrogen content per dry mass (Nmass)"^^<http://www.w3.org/2001/XMLSchema#string>	2.031333	<http://qudt.org/vocab/unit/PERCENT>	"%"^^<http://www.w3.org/2001/XMLSchema#string>
<http://www.wikidata.org/entity/Q594058>	"Viola reichenbachiana"^^<http://www.w3.org/2001/XMLSchema#string>	"Leaf nitrogen content"	"Leaf nitrogen content per dry mass (Nmass)"^^<http://www.w3.org/2001/XMLSchema#string>	2.127078	<http://qudt.org/vocab/unit/PERCENT>	"%"^^<http://www.w3.org/2001/XMLSchema#string>
<http://www.wikidata.org/entity/Q594058>	"Viola reichenbachiana"^^<http://www.w3.org/2001/XMLSchema#string>	"Leaf nitrogen content"	"Leaf nitrogen content per dry mass (Nmass)"^^<http://www.w3.org/2001/XMLSchema#string>	2.232993	<http://qudt.org/vocab/unit/PERCENT>	"%"^^<http://www.w3.org/2001/XMLSchema#string>
<http://www.wikidata.org/entity/Q5965416>	"Viburnum dilatatum"^^<http://www.w3.org/2001/XMLSchema#string>	"Leaf nitrogen content"	"Leaf nitrogen content per dry mass (Nmass)"^^<http://www.w3.org/2001/XMLSchema#string>	1.52	<http://qudt.org/vocab/unit/PERCENT>	"%"^^<http://www.w3.org/2001/XMLSchema#string>
<http://www.wikidata.org/entity/Q5965416>	"Viburnum dilatatum"^^<http://www.w3.org/2001/XMLSchema#string>	"Specific leaf area"	"SLA: undefined if petiole in- or excluded"^^<http://www.w3.org/2001/XMLSchema#string>	316.2555	<http://qudt.org/vocab/unit/CentiM2-PER-GM>	"SLA cm2/g"^^<http://www.w3.org/2001/XMLSchema#string>
<http://www.wikidata.org/entity/Q596715>	"Geijera parviflora"^^<http://www.w3.org/2001/XMLSchema#string>	"Leaf nitrogen content"	"Leaf nitrogen content per dry mass (Nmass)"^^<http://www.w3.org/2001/XMLSchema#string>	1.697881	<http://qudt.org/vocab/unit/PERCENT>	"%"^^<http://www.w3.org/2001/XMLSchema#string>
<http://www.wikidata.org/entity/Q5977516>	"Livistona humilis"^^<http://www.w3.org/2001/XMLSchema#string>	"Leaf nitrogen content"	"Leaf nitrogen content per dry mass (Nmass)"^^<http://www.w3.org/2001/XMLSchema#string>	1.75	<http://qudt.org/vocab/unit/PERCENT>	"%"^^<http://www.w3.org/2001/XMLSchema#string>
<http://www.wikidata.org/entity/Q598076>	"Carex bigelowii"^^<http://www.w3.org/2001/XMLSchema#string>	"Leaf nitrogen content"	"Leaf nitrogen content per dry mass (Nmass)"^^<http://www.w3.org/2001/XMLSchema#string>	2.09	<http://qudt.org/vocab/unit/PERCENT>	"%"^^<http://www.w3.org/2001/XMLSchema#string>
<http://www.wikidata.org/entity/Q598076>	"Carex bigelowii"^^<http://www.w3.org/2001/XMLSchema#string>	"Specific leaf area"	"SLA: undefined if petiole in- or excluded"^^<http://www.w3.org/2001/XMLSchema#string>	148.1	<http://qudt.org/vocab/unit/CentiM2-PER-GM>	"SLA cm2/g"^^<http://www.w3.org/2001/XMLSchema#string>
<http://www.wikidata.org/entity/Q599435>	"Solidago virgaurea"^^<http://www.w3.org/2001/XMLSchema#string>	"Leaf nitrogen content"	"Leaf nitrogen content per dry mass (Nmass)"^^<http://www.w3.org/2001/XMLSchema#string>	1.365	<http://qudt.org/vocab/unit/PERCENT>	"%"^^<http://www.w3.org/2001/XMLSchema#string>
<http://www.wikidata.org/entity/Q599435>	"Solidago virgaurea"^^<http://www.w3.org/2001/XMLSchema#string>	"Leaf nitrogen content"	"Leaf nitrogen content per dry mass (Nmass)"^^<http://www.w3.org/2001/XMLSchema#string>	2.422102	<http://qudt.org/vocab/unit/PERCENT>	"%"^^<http://www.w3.org/2001/XMLSchema#string>
<http://www.wikidata.org/entity/Q599435>	"Solidago virgaurea"^^<http://www.w3.org/2001/XMLSchema#string>	"Leaf nitrogen content"	"Leaf nitrogen content per dry mass (Nmass)"^^<http://www.w3.org/2001/XMLSchema#string>	1.640092	<http://qudt.org/vocab/unit/PERCENT>	"%"^^<http://www.w3.org/2001/XMLSchema#string>
<http://www.wikidata.org/entity/Q599435>	"Solidago virgaurea"^^<http://www.w3.org/2001/XMLSchema#string>	"Leaf nitrogen content"	"Leaf nitrogen content per dry mass (Nmass)"^^<http://www.w3.org/2001/XMLSchema#string>	3.192584	<http://qudt.org/vocab/unit/PERCENT>	"%"^^<http://www.w3.org/2001/XMLSchema#string>
<http://www.wikidata.org/entity/Q599435>	"Solidago virgaurea"^^<http://www.w3.org/2001/XMLSchema#string>	"Specific leaf area"	"SLA: undefined if petiole in- or excluded"^^<http://www.w3.org/2001/XMLSchema#string>	275.3185	<http://qudt.org/vocab/unit/CentiM2-PER-GM>	"SLA cm2/g"^^<http://www.w3.org/2001/XMLSchema#string>
<http://www.wikidata.org/entity/Q6016737>	"Mimosa bahamensis"^^<http://www.w3.org/2001/XMLSchema#string>	"Leaf nitrogen content"	"Leaf nitrogen content per dry mass (Nmass)"^^<http://www.w3.org/2001/XMLSchema#string>	2.308686	<http://qudt.org/vocab/unit/PERCENT>	"%"^^<http://www.w3.org/2001/XMLSchema#string>
<http://www.wikidata.org/entity/Q6035263>	"Myrsine guianensis"^^<http://www.w3.org/2001/XMLSchema#string>	"Leaf nitrogen content"	"Leaf nitrogen content per dry mass (Nmass)"^^<http://www.w3.org/2001/XMLSchema#string>	1.05	<http://qudt.org/vocab/unit/PERCENT>	"%"^^<http://www.w3.org/2001/XMLSchema#string>
<http://www.wikidata.org/entity/Q6035263>	"Myrsine guianensis"^^<http://www.w3.org/2001/XMLSchema#string>	"Leaf nitrogen content"	"Leaf nitrogen content per dry mass (Nmass)"^^<http://www.w3.org/2001/XMLSchema#string>	1.41	<http://qudt.org/vocab/unit/PERCENT>	"%"^^<http://www.w3.org/2001/XMLSchema#string>
<http://www.wikidata.org/entity/Q6035263>	"Myrsine guianensis"^^<http://www.w3.org/2001/XMLSchema#string>	"Leaf nitrogen content"	"Leaf nitrogen content per dry mass (Nmass)"^^<http://www.w3.org/2001/XMLSchema#string>	1.2	<http://qudt.org/vocab/unit/PERCENT>	"%"^^<http://www.w3.org/2001/XMLSchema#string>
<http://www.wikidata.org/entity/Q6035263>	"Myrsine guianensis"^^<http://www.w3.org/2001/XMLSchema#string>	"Leaf nitrogen content"	"Leaf nitrogen content per dry mass (Nmass)"^^<http://www.w3.org/2001/XMLSchema#string>	1.16	<http://qudt.org/vocab/unit/PERCENT>	"%"^^<http://www.w3.org/2001/XMLSchema#string>
<http://www.wikidata.org/entity/Q6035263>	"Myrsine guianensis"^^<http://www.w3.org/2001/XMLSchema#string>	"Leaf nitrogen content"	"Leaf nitrogen content per dry mass (Nmass)"^^<http://www.w3.org/2001/XMLSchema#string>	1.08	<http://qudt.org/vocab/unit/PERCENT>	"%"^^<http://www.w3.org/2001/XMLSchema#string>
<http://www.wikidata.org/entity/Q6035263>	"Myrsine guianensis"^^<http://www.w3.org/2001/XMLSchema#string>	"Leaf nitrogen content"	"Leaf nitrogen content per dry mass (Nmass)"^^<http://www.w3.org/2001/XMLSchema#string>	1.1	<http://qudt.org/vocab/unit/PERCENT>	"%"^^<http://www.w3.org/2001/XMLSchema#string>
<http://www.wikidata.org/entity/Q6074611>	"Phyllostylon rhamnoides"^^<http://www.w3.org/2001/XMLSchema#string>	"Leaf nitrogen content"	"Leaf nitrogen content per dry mass (Nmass)"^^<http://www.w3.org/2001/XMLSchema#string>	2.900869	<http://qudt.org/vocab/unit/PERCENT>	"%"^^<http://www.w3.org/2001/XMLSchema#string>
<http://www.wikidata.org/entity/Q6142812>	"Terminalia oblonga"^^<http://www.w3.org/2001/XMLSchema#string>	"Leaf nitrogen content"	"Leaf nitrogen content per dry mass (Nmass)"^^<http://www.w3.org/2001/XMLSchema#string>	2.5	<http://qudt.org/vocab/unit/PERCENT>	"%"^^<http://www.w3.org/2001/XMLSchema#string>
<http://www.wikidata.org/entity/Q630288>	"Juglans cinerea"^^<http://www.w3.org/2001/XMLSchema#string>	"Leaf nitrogen content"	"Leaf nitrogen content per dry mass (Nmass)"^^<http://www.w3.org/2001/XMLSchema#string>	2.6	<http://qudt.org/vocab/unit/PERCENT>	"%"^^<http://www.w3.org/2001/XMLSchema#string>
<http://www.wikidata.org/entity/Q63045>	"Pistacia terebinthus"^^<http://www.w3.org/2001/XMLSchema#string>	"Leaf nitrogen content"	"Leaf nitrogen content per dry mass (Nmass)"^^<http://www.w3.org/2001/XMLSchema#string>	2.82	<http://qudt.org/vocab/unit/PERCENT>	"%"^^<http://www.w3.org/2001/XMLSchema#string>
<http://www.wikidata.org/entity/Q6325239>	"Quercus margarettae"^^<http://www.w3.org/2001/XMLSchema#string>	"Leaf nitrogen content"	"Leaf nitrogen content per dry mass (Nmass)"^^<http://www.w3.org/2001/XMLSchema#string>	1.6	<http://qudt.org/vocab/unit/PERCENT>	"%"^^<http://www.w3.org/2001/XMLSchema#string>
<http://www.wikidata.org/entity/Q6372002>	"Quercus pumila"^^<http://www.w3.org/2001/XMLSchema#string>	"Leaf nitrogen content"	"Leaf nitrogen content per dry mass (Nmass)"^^<http://www.w3.org/2001/XMLSchema#string>	1.01	<http://qudt.org/vocab/unit/PERCENT>	"%"^^<http://www.w3.org/2001/XMLSchema#string>
<http://www.wikidata.org/entity/Q6405268>	"Kielmeyera coriacea"^^<http://www.w3.org/2001/XMLSchema#string>	"Leaf nitrogen content"	"Leaf nitrogen content per dry mass (Nmass)"^^<http://www.w3.org/2001/XMLSchema#string>	1.13	<http://qudt.org/vocab/unit/PERCENT>	"%"^^<http://www.w3.org/2001/XMLSchema#string>
<http://www.wikidata.org/entity/Q6405268>	"Kielmeyera coriacea"^^<http://www.w3.org/2001/XMLSchema#string>	"Leaf phosphorus content"	"Leaf phosphorus content per dry mass (Pmass)"^^<http://www.w3.org/2001/XMLSchema#string>	0.08571429	<http://qudt.org/vocab/unit/PERCENT>	"%"^^<http://www.w3.org/2001/XMLSchema#string>
<http://www.wikidata.org/entity/Q6405268>	"Kielmeyera coriacea"^^<http://www.w3.org/2001/XMLSchema#string>	"Leaf phosphorus content"	"Leaf phosphorus content per dry mass (Pmass)"^^<http://www.w3.org/2001/XMLSchema#string>	0.06428571	<http://qudt.org/vocab/unit/PERCENT>	"%"^^<http://www.w3.org/2001/XMLSchema#string>
<http://www.wikidata.org/entity/Q6405268>	"Kielmeyera coriacea"^^<http://www.w3.org/2001/XMLSchema#string>	"Leaf phosphorus content"	"Leaf phosphorus content per dry mass (Pmass)"^^<http://www.w3.org/2001/XMLSchema#string>	0.042	<http://qudt.org/vocab/unit/PERCENT>	"%"^^<http://www.w3.org/2001/XMLSchema#string>
<http://www.wikidata.org/entity/Q641513>	"Colophospermum mopane"^^<http://www.w3.org/2001/XMLSchema#string>	"Leaf nitrogen content"	"Leaf nitrogen content per dry mass (Nmass)"^^<http://www.w3.org/2001/XMLSchema#string>	2.18	<http://qudt.org/vocab/unit/PERCENT>	"%"^^<http://www.w3.org/2001/XMLSchema#string>
<http://www.wikidata.org/entity/Q6527696>	"Lepidosperma laterale"^^<http://www.w3.org/2001/XMLSchema#string>	"Leaf nitrogen content"	"Leaf nitrogen content per dry mass (Nmass)"^^<http://www.w3.org/2001/XMLSchema#string>	0.45	<http://qudt.org/vocab/unit/PERCENT>	"%"^^<http://www.w3.org/2001/XMLSchema#string>
<http://www.wikidata.org/entity/Q6527696>	"Lepidosperma laterale"^^<http://www.w3.org/2001/XMLSchema#string>	"Leaf nitrogen content"	"Leaf nitrogen content per dry mass (Nmass)"^^<http://www.w3.org/2001/XMLSchema#string>	0.74	<http://qudt.org/vocab/unit/PERCENT>	"%"^^<http://www.w3.org/2001/XMLSchema#string>
<http://www.wikidata.org/entity/Q6550284>	"Linaria purpurea"^^<http://www.w3.org/2001/XMLSchema#string>	"Leaf nitrogen content"	"Leaf nitrogen content per dry mass (Nmass)"^^<http://www.w3.org/2001/XMLSchema#string>	1.977749	<http://qudt.org/vocab/unit/PERCENT>	"%"^^<http://www.w3.org/2001/XMLSchema#string>
<http://www.wikidata.org/entity/Q655360>	"Gustavia superba"^^<http://www.w3.org/2001/XMLSchema#string>	"Specific leaf area"	"SLA: petiole  excluded"^^<http://www.w3.org/2001/XMLSchema#string>	21.80882	<http://qudt.org/vocab/unit/M2-PER-KiloGM>	"m2 kg-1"^^<http://www.w3.org/2001/XMLSchema#string>
<http://www.wikidata.org/entity/Q65950448>	"Teucrium puberulum"^^<http://www.w3.org/2001/XMLSchema#string>	"Leaf phosphorus content"	"Leaf phosphorus content per dry mass (Pmass)"^^<http://www.w3.org/2001/XMLSchema#string>	0.12	<http://qudt.org/vocab/unit/PERCENT>	"%"^^<http://www.w3.org/2001/XMLSchema#string>
<http://www.wikidata.org/entity/Q666160>	"Quercus douglasii"^^<http://www.w3.org/2001/XMLSchema#string>	"Specific leaf area"	"SLA: undefined if petiole in- or excluded"^^<http://www.w3.org/2001/XMLSchema#string>	135.3383	<http://qudt.org/vocab/unit/GM-PER-M2>	"g/m2"^^<http://www.w3.org/2001/XMLSchema#string>
<http://www.wikidata.org/entity/Q666160>	"Quercus douglasii"^^<http://www.w3.org/2001/XMLSchema#string>	"Specific leaf area"	"SLA: undefined if petiole in- or excluded"^^<http://www.w3.org/2001/XMLSchema#string>	73.88889	<http://qudt.org/vocab/unit/CentiM2-PER-GM>	"SLA cm2/g"^^<http://www.w3.org/2001/XMLSchema#string>
<http://www.wikidata.org/entity/Q6669185>	"Lomatia silaifolia"^^<http://www.w3.org/2001/XMLSchema#string>	"Leaf nitrogen content"	"Leaf nitrogen content per dry mass (Nmass)"^^<http://www.w3.org/2001/XMLSchema#string>	0.6190104	<http://qudt.org/vocab/unit/PERCENT>	"%"^^<http://www.w3.org/2001/XMLSchema#string>
<http://www.wikidata.org/entity/Q6722541>	"Macaranga gigantea"^^<http://www.w3.org/2001/XMLSchema#string>	"Specific leaf area"	"SLA: undefined if petiole in- or excluded"^^<http://www.w3.org/2001/XMLSchema#string>	91.07721	<http://qudt.org/vocab/unit/CentiM2-PER-GM>	"SLA cm2/g"^^<http://www.w3.org/2001/XMLSchema#string>
<http://www.wikidata.org/entity/Q6760184>	"Margaritaria nobilis"^^<http://www.w3.org/2001/XMLSchema#string>	"Leaf nitrogen content"	"Leaf nitrogen content per dry mass (Nmass)"^^<http://www.w3.org/2001/XMLSchema#string>	2.4	<http://qudt.org/vocab/unit/PERCENT>	"%"^^<http://www.w3.org/2001/XMLSchema#string>
<http://www.wikidata.org/entity/Q6822773>	"Metalasia muricata"^^<http://www.w3.org/2001/XMLSchema#string>	"Leaf nitrogen content"	"Leaf nitrogen content per dry mass (Nmass)"^^<http://www.w3.org/2001/XMLSchema#string>	0.79	<http://qudt.org/vocab/unit/PERCENT>	"%"^^<http://www.w3.org/2001/XMLSchema#string>
<http://www.wikidata.org/entity/Q6822773>	"Metalasia muricata"^^<http://www.w3.org/2001/XMLSchema#string>	"Leaf nitrogen content"	"Leaf nitrogen content per dry mass (Nmass)"^^<http://www.w3.org/2001/XMLSchema#string>	0.73	<http://qudt.org/vocab/unit/PERCENT>	"%"^^<http://www.w3.org/2001/XMLSchema#string>
<http://www.wikidata.org/entity/Q6824094>	"Tillandsia bulbosa"^^<http://www.w3.org/2001/XMLSchema#string>	"Leaf nitrogen content"	"Leaf nitrogen content per dry mass (Nmass)"^^<http://www.w3.org/2001/XMLSchema#string>	0.73	<http://qudt.org/vocab/unit/PERCENT>	"%"^^<http://www.w3.org/2001/XMLSchema#string>
<http://www.wikidata.org/entity/Q6825364>	"Tamarix chinensis"^^<http://www.w3.org/2001/XMLSchema#string>	"Leaf nitrogen content"	"Leaf nitrogen content per dry mass (Nmass)"^^<http://www.w3.org/2001/XMLSchema#string>	26.1	<http://qudt.org/vocab/unit/MilliGM-PER-GM>	"mg/g"^^<http://www.w3.org/2001/XMLSchema#string>
<http://www.wikidata.org/entity/Q6825364>	"Tamarix chinensis"^^<http://www.w3.org/2001/XMLSchema#string>	"Leaf phosphorus content"	"Leaf phosphorus content per dry mass (Pmass)"^^<http://www.w3.org/2001/XMLSchema#string>	2.39	<http://qudt.org/vocab/unit/MilliGM-PER-GM>	"mg/g"^^<http://www.w3.org/2001/XMLSchema#string>
<http://www.wikidata.org/entity/Q683490>	"Anthriscus sylvestris"^^<http://www.w3.org/2001/XMLSchema#string>	"Leaf phosphorus content"	"Leaf phosphorus content per dry mass (Pmass)"^^<http://www.w3.org/2001/XMLSchema#string>	0.37	<http://qudt.org/vocab/unit/PERCENT>	"%"^^<http://www.w3.org/2001/XMLSchema#string>
<http://www.wikidata.org/entity/Q685852>	"Leontodon hispidus"^^<http://www.w3.org/2001/XMLSchema#string>	"Leaf phosphorus content"	"Leaf phosphorus content per dry mass (Pmass)"^^<http://www.w3.org/2001/XMLSchema#string>	0.21	<http://qudt.org/vocab/unit/PERCENT>	"%"^^<http://www.w3.org/2001/XMLSchema#string>
<http://www.wikidata.org/entity/Q6862437>	"Mimulus ringens"^^<http://www.w3.org/2001/XMLSchema#string>	"Leaf nitrogen content"	"Leaf nitrogen content per dry mass (Nmass)"^^<http://www.w3.org/2001/XMLSchema#string>	31.53958	<http://qudt.org/vocab/unit/MilliGM-PER-GM>	"mg/g"^^<http://www.w3.org/2001/XMLSchema#string>
<http://www.wikidata.org/entity/Q6862437>	"Mimulus ringens"^^<http://www.w3.org/2001/XMLSchema#string>	"Specific leaf area"	"SLA: petiole  excluded"^^<http://www.w3.org/2001/XMLSchema#string>	281.29	<http://qudt.org/vocab/unit/CentiM2-PER-GM>	"cm2/g"^^<http://www.w3.org/2001/XMLSchema#string>
<http://www.wikidata.org/entity/Q687435>	"Cyathea cooperi"^^<http://www.w3.org/2001/XMLSchema#string>	"Leaf nitrogen content"	"Leaf nitrogen content per dry mass (Nmass)"^^<http://www.w3.org/2001/XMLSchema#string>	2.63	<http://qudt.org/vocab/unit/PERCENT>	"%"^^<http://www.w3.org/2001/XMLSchema#string>
<http://www.wikidata.org/entity/Q68763>	"Ceratonia siliqua"^^<http://www.w3.org/2001/XMLSchema#string>	"Leaf nitrogen content"	"Leaf nitrogen content per dry mass (Nmass)"^^<http://www.w3.org/2001/XMLSchema#string>	1.43	<http://qudt.org/vocab/unit/PERCENT>	"%"^^<http://www.w3.org/2001/XMLSchema#string>
<http://www.wikidata.org/entity/Q693409>	"Imperata cylindrica"^^<http://www.w3.org/2001/XMLSchema#string>	"Specific leaf area"	"SLA: undefined if petiole in- or excluded"^^<http://www.w3.org/2001/XMLSchema#string>	5.89	<http://qudt.org/vocab/unit/M2-PER-KiloGM>	"m2 kg-1"^^<http://www.w3.org/2001/XMLSchema#string>
<http://www.wikidata.org/entity/Q693409>	"Imperata cylindrica"^^<http://www.w3.org/2001/XMLSchema#string>	"Specific leaf area"	"SLA: undefined if petiole in- or excluded"^^<http://www.w3.org/2001/XMLSchema#string>	7.62	<http://qudt.org/vocab/unit/M2-PER-KiloGM>	"m2 kg-1"^^<http://www.w3.org/2001/XMLSchema#string>
<http://www.wikidata.org/entity/Q693409>	"Imperata cylindrica"^^<http://www.w3.org/2001/XMLSchema#string>	"Specific leaf area"	"SLA: undefined if petiole in- or excluded"^^<http://www.w3.org/2001/XMLSchema#string>	8.83	<http://qudt.org/vocab/unit/M2-PER-KiloGM>	"m2 kg-1"^^<http://www.w3.org/2001/XMLSchema#string>
<http://www.wikidata.org/entity/Q6948146>	"Myrceugenia planipes"^^<http://www.w3.org/2001/XMLSchema#string>	"Leaf nitrogen content"	"Leaf nitrogen content per dry mass (Nmass)"^^<http://www.w3.org/2001/XMLSchema#string>	1.0	<http://qudt.org/vocab/unit/PERCENT>	"%"^^<http://www.w3.org/2001/XMLSchema#string>
<http://www.wikidata.org/entity/Q6948537>	"Myrsine lessertiana"^^<http://www.w3.org/2001/XMLSchema#string>	"Leaf phosphorus content"	"Leaf phosphorus content per dry mass (Pmass)"^^<http://www.w3.org/2001/XMLSchema#string>	0.04	<http://qudt.org/vocab/unit/PERCENT>	"%"^^<http://www.w3.org/2001/XMLSchema#string>
<http://www.wikidata.org/entity/Q6991229>	"Nemophila aphylla"^^<http://www.w3.org/2001/XMLSchema#string>	"Leaf nitrogen content"	"Leaf nitrogen content per dry mass (Nmass)"^^<http://www.w3.org/2001/XMLSchema#string>	0.89	<http://qudt.org/vocab/unit/PERCENT>	"%"^^<http://www.w3.org/2001/XMLSchema#string>
<http://www.wikidata.org/entity/Q699330>	"Luma apiculata"^^<http://www.w3.org/2001/XMLSchema#string>	"Leaf nitrogen content"	"Leaf nitrogen content per dry mass (Nmass)"^^<http://www.w3.org/2001/XMLSchema#string>	1.1	<http://qudt.org/vocab/unit/PERCENT>	"%"^^<http://www.w3.org/2001/XMLSchema#string>
<http://www.wikidata.org/entity/Q699330>	"Luma apiculata"^^<http://www.w3.org/2001/XMLSchema#string>	"Leaf nitrogen content"	"Leaf nitrogen content per dry mass (Nmass)"^^<http://www.w3.org/2001/XMLSchema#string>	1.14	<http://qudt.org/vocab/unit/PERCENT>	"%"^^<http://www.w3.org/2001/XMLSchema#string>
<http://www.wikidata.org/entity/Q7061732>	"Rhododendron maximum"^^<http://www.w3.org/2001/XMLSchema#string>	"Leaf nitrogen content"	"Leaf nitrogen content per dry mass (Nmass)"^^<http://www.w3.org/2001/XMLSchema#string>	0.86	<http://qudt.org/vocab/unit/PERCENT>	"%"^^<http://www.w3.org/2001/XMLSchema#string>
<http://www.wikidata.org/entity/Q7086007>	"Olearia pimeleoides"^^<http://www.w3.org/2001/XMLSchema#string>	"Leaf phosphorus content"	"Leaf phosphorus content per dry mass (Pmass)"^^<http://www.w3.org/2001/XMLSchema#string>	0.135	<http://qudt.org/vocab/unit/PERCENT>	"%"^^<http://www.w3.org/2001/XMLSchema#string>
<http://www.wikidata.org/entity/Q7086007>	"Olearia pimeleoides"^^<http://www.w3.org/2001/XMLSchema#string>	"Leaf phosphorus content"	"Leaf phosphorus content per dry mass (Pmass)"^^<http://www.w3.org/2001/XMLSchema#string>	0.11	<http://qudt.org/vocab/unit/PERCENT>	"%"^^<http://www.w3.org/2001/XMLSchema#string>
<http://www.wikidata.org/entity/Q7107218>	"Osmorhiza claytonii"^^<http://www.w3.org/2001/XMLSchema#string>	"Specific leaf area"	"SLA: undefined if petiole in- or excluded"^^<http://www.w3.org/2001/XMLSchema#string>	0.0015	<http://qudt.org/vocab/unit/GM-PER-CentiM2>	"g/cm2"^^<http://www.w3.org/2001/XMLSchema#string>
<http://www.wikidata.org/entity/Q7116189>	"Oxytropis lambertii"^^<http://www.w3.org/2001/XMLSchema#string>	"Leaf phosphorus content"	"Leaf phosphorus content per dry mass (Pmass)"^^<http://www.w3.org/2001/XMLSchema#string>	0.171	<http://qudt.org/vocab/unit/PERCENT>	"%"^^<http://www.w3.org/2001/XMLSchema#string>
<http://www.wikidata.org/entity/Q7135903>	"Paraserianthes lophantha"^^<http://www.w3.org/2001/XMLSchema#string>	"Leaf nitrogen content"	"Leaf nitrogen content per dry mass (Nmass)"^^<http://www.w3.org/2001/XMLSchema#string>	3.404	<http://qudt.org/vocab/unit/PERCENT>	"%"^^<http://www.w3.org/2001/XMLSchema#string>
<http://www.wikidata.org/entity/Q7135903>	"Paraserianthes lophantha"^^<http://www.w3.org/2001/XMLSchema#string>	"Leaf nitrogen content"	"Leaf nitrogen content per dry mass (Nmass)"^^<http://www.w3.org/2001/XMLSchema#string>	3.923	<http://qudt.org/vocab/unit/PERCENT>	"%"^^<http://www.w3.org/2001/XMLSchema#string>
<http://www.wikidata.org/entity/Q7135903>	"Paraserianthes lophantha"^^<http://www.w3.org/2001/XMLSchema#string>	"Leaf nitrogen content"	"Leaf nitrogen content per dry mass (Nmass)"^^<http://www.w3.org/2001/XMLSchema#string>	3.65	<http://qudt.org/vocab/unit/PERCENT>	"%"^^<http://www.w3.org/2001/XMLSchema#string>
<http://www.wikidata.org/entity/Q713794>	"Ficus racemosa"^^<http://www.w3.org/2001/XMLSchema#string>	"Leaf nitrogen content"	"Leaf nitrogen content per dry mass (Nmass)"^^<http://www.w3.org/2001/XMLSchema#string>	2.1	<http://qudt.org/vocab/unit/PERCENT>	"%"^^<http://www.w3.org/2001/XMLSchema#string>
<http://www.wikidata.org/entity/Q713794>	"Ficus racemosa"^^<http://www.w3.org/2001/XMLSchema#string>	"Leaf phosphorus content"	"Leaf phosphorus content per dry mass (Pmass)"^^<http://www.w3.org/2001/XMLSchema#string>	0.174	<http://qudt.org/vocab/unit/PERCENT>	"%"^^<http://www.w3.org/2001/XMLSchema#string>
<http://www.wikidata.org/entity/Q7161189>	"Pelargonium grossularioides"^^<http://www.w3.org/2001/XMLSchema#string>	"Leaf nitrogen content"	"Leaf nitrogen content per dry mass (Nmass)"^^<http://www.w3.org/2001/XMLSchema#string>	1.38	<http://qudt.org/vocab/unit/PERCENT>	"%"^^<http://www.w3.org/2001/XMLSchema#string>
<http://www.wikidata.org/entity/Q716571>	"Pinus massoniana"^^<http://www.w3.org/2001/XMLSchema#string>	"Leaf nitrogen content"	"Leaf nitrogen content per dry mass (Nmass)"^^<http://www.w3.org/2001/XMLSchema#string>	0.889	<http://qudt.org/vocab/unit/PERCENT>	"%"^^<http://www.w3.org/2001/XMLSchema#string>
<http://www.wikidata.org/entity/Q716571>	"Pinus massoniana"^^<http://www.w3.org/2001/XMLSchema#string>	"Leaf nitrogen content"	"Leaf nitrogen content per dry mass (Nmass)"^^<http://www.w3.org/2001/XMLSchema#string>	0.968	<http://qudt.org/vocab/unit/PERCENT>	"%"^^<http://www.w3.org/2001/XMLSchema#string>
<http://www.wikidata.org/entity/Q716571>	"Pinus massoniana"^^<http://www.w3.org/2001/XMLSchema#string>	"Leaf nitrogen content"	"Leaf nitrogen content per dry mass (Nmass)"^^<http://www.w3.org/2001/XMLSchema#string>	1.01	<http://qudt.org/vocab/unit/PERCENT>	"%"^^<http://www.w3.org/2001/XMLSchema#string>
<http://www.wikidata.org/entity/Q716571>	"Pinus massoniana"^^<http://www.w3.org/2001/XMLSchema#string>	"Leaf nitrogen content"	"Leaf nitrogen content per dry mass (Nmass)"^^<http://www.w3.org/2001/XMLSchema#string>	1.329	<http://qudt.org/vocab/unit/PERCENT>	"%"^^<http://www.w3.org/2001/XMLSchema#string>
<http://www.wikidata.org/entity/Q717067>	"Scorzoneroides autumnalis"^^<http://www.w3.org/2001/XMLSchema#string>	"Specific leaf area"	"SLA: undefined if petiole in- or excluded"^^<http://www.w3.org/2001/XMLSchema#string>	267.3	<http://qudt.org/vocab/unit/CentiM2-PER-GM>	"SLA cm2/g"^^<http://www.w3.org/2001/XMLSchema#string>
<http://www.wikidata.org/entity/Q7170712>	"Persoonia falcata"^^<http://www.w3.org/2001/XMLSchema#string>	"Leaf nitrogen content"	"Leaf nitrogen content per dry mass (Nmass)"^^<http://www.w3.org/2001/XMLSchema#string>	0.727	<http://qudt.org/vocab/unit/PERCENT>	"%"^^<http://www.w3.org/2001/XMLSchema#string>
<http://www.wikidata.org/entity/Q717827>	"Castanea crenata"^^<http://www.w3.org/2001/XMLSchema#string>	"Leaf nitrogen content"	"Leaf nitrogen content per dry mass (Nmass)"^^<http://www.w3.org/2001/XMLSchema#string>	2.15	<http://qudt.org/vocab/unit/PERCENT>	"%"^^<http://www.w3.org/2001/XMLSchema#string>
<http://www.wikidata.org/entity/Q717827>	"Castanea crenata"^^<http://www.w3.org/2001/XMLSchema#string>	"Specific leaf area"	"SLA: undefined if petiole in- or excluded"^^<http://www.w3.org/2001/XMLSchema#string>	307.5031	<http://qudt.org/vocab/unit/CentiM2-PER-GM>	"SLA cm2/g"^^<http://www.w3.org/2001/XMLSchema#string>
<http://www.wikidata.org/entity/Q7189419>	"Phyllota phylicoides"^^<http://www.w3.org/2001/XMLSchema#string>	"Leaf nitrogen content"	"Leaf nitrogen content per dry mass (Nmass)"^^<http://www.w3.org/2001/XMLSchema#string>	1.240134	<http://qudt.org/vocab/unit/PERCENT>	"%"^^<http://www.w3.org/2001/XMLSchema#string>
<http://www.wikidata.org/entity/Q7189419>	"Phyllota phylicoides"^^<http://www.w3.org/2001/XMLSchema#string>	"Leaf phosphorus content"	"Leaf phosphorus content per dry mass (Pmass)"^^<http://www.w3.org/2001/XMLSchema#string>	0.018	<http://qudt.org/vocab/unit/PERCENT>	"%"^^<http://www.w3.org/2001/XMLSchema#string>
<http://www.wikidata.org/entity/Q7194613>	"Pimelea linifolia"^^<http://www.w3.org/2001/XMLSchema#string>	"Leaf phosphorus content"	"Leaf phosphorus content per dry mass (Pmass)"^^<http://www.w3.org/2001/XMLSchema#string>	0.053	<http://qudt.org/vocab/unit/PERCENT>	"%"^^<http://www.w3.org/2001/XMLSchema#string>
<http://www.wikidata.org/entity/Q7194615>	"Pimelea microcephala"^^<http://www.w3.org/2001/XMLSchema#string>	"Leaf phosphorus content"	"Leaf phosphorus content per dry mass (Pmass)"^^<http://www.w3.org/2001/XMLSchema#string>	0.194	<http://qudt.org/vocab/unit/PERCENT>	"%"^^<http://www.w3.org/2001/XMLSchema#string>
<http://www.wikidata.org/entity/Q7199152>	"Pittosporum undulatum"^^<http://www.w3.org/2001/XMLSchema#string>	"Leaf nitrogen content"	"Leaf nitrogen content per dry mass (Nmass)"^^<http://www.w3.org/2001/XMLSchema#string>	1.3	<http://qudt.org/vocab/unit/PERCENT>	"%"^^<http://www.w3.org/2001/XMLSchema#string>
<http://www.wikidata.org/entity/Q7200983>	"Planchonia careya"^^<http://www.w3.org/2001/XMLSchema#string>	"Leaf phosphorus content"	"Leaf phosphorus content per dry mass (Pmass)"^^<http://www.w3.org/2001/XMLSchema#string>	0.111	<http://qudt.org/vocab/unit/PERCENT>	"%"^^<http://www.w3.org/2001/XMLSchema#string>
<http://www.wikidata.org/entity/Q7200983>	"Planchonia careya"^^<http://www.w3.org/2001/XMLSchema#string>	"Leaf phosphorus content"	"Leaf phosphorus content per dry mass (Pmass)"^^<http://www.w3.org/2001/XMLSchema#string>	0.085	<http://qudt.org/vocab/unit/PERCENT>	"%"^^<http://www.w3.org/2001/XMLSchema#string>
<http://www.wikidata.org/entity/Q7204736>	"Hilaria jamesii"^^<http://www.w3.org/2001/XMLSchema#string>	"Leaf nitrogen content"	"Leaf nitrogen content per dry mass (Nmass)"^^<http://www.w3.org/2001/XMLSchema#string>	2.762	<http://qudt.org/vocab/unit/PERCENT>	"%"^^<http://www.w3.org/2001/XMLSchema#string>
<http://www.wikidata.org/entity/Q7204738>	"Hilaria rigida"^^<http://www.w3.org/2001/XMLSchema#string>	"Leaf nitrogen content"	"Leaf nitrogen content per dry mass (Nmass)"^^<http://www.w3.org/2001/XMLSchema#string>	1.49	<http://qudt.org/vocab/unit/PERCENT>	"%"^^<http://www.w3.org/2001/XMLSchema#string>
<http://www.wikidata.org/entity/Q7204738>	"Hilaria rigida"^^<http://www.w3.org/2001/XMLSchema#string>	"Leaf nitrogen content"	"Leaf nitrogen content per dry mass (Nmass)"^^<http://www.w3.org/2001/XMLSchema#string>	1.51	<http://qudt.org/vocab/unit/PERCENT>	"%"^^<http://www.w3.org/2001/XMLSchema#string>
<http://www.wikidata.org/entity/Q721200>	"Rhamnus alaternus"^^<http://www.w3.org/2001/XMLSchema#string>	"Leaf nitrogen content"	"Leaf nitrogen content per dry mass (Nmass)"^^<http://www.w3.org/2001/XMLSchema#string>	2.02	<http://qudt.org/vocab/unit/PERCENT>	"%"^^<http://www.w3.org/2001/XMLSchema#string>
<http://www.wikidata.org/entity/Q7213073>	"Eucalyptus tetrodonta"^^<http://www.w3.org/2001/XMLSchema#string>	"Leaf nitrogen content"	"Leaf nitrogen content per dry mass (Nmass)"^^<http://www.w3.org/2001/XMLSchema#string>	0.825	<http://qudt.org/vocab/unit/PERCENT>	"%"^^<http://www.w3.org/2001/XMLSchema#string>
<http://www.wikidata.org/entity/Q7213073>	"Eucalyptus tetrodonta"^^<http://www.w3.org/2001/XMLSchema#string>	"Leaf phosphorus content"	"Leaf phosphorus content per dry mass (Pmass)"^^<http://www.w3.org/2001/XMLSchema#string>	0.033	<http://qudt.org/vocab/unit/PERCENT>	"%"^^<http://www.w3.org/2001/XMLSchema#string>
<http://www.wikidata.org/entity/Q7215085>	"Pterodon emarginatus"^^<http://www.w3.org/2001/XMLSchema#string>	"Leaf nitrogen content"	"Leaf nitrogen content per dry mass (Nmass)"^^<http://www.w3.org/2001/XMLSchema#string>	2.32	<http://qudt.org/vocab/unit/PERCENT>	"%"^^<http://www.w3.org/2001/XMLSchema#string>
<http://www.wikidata.org/entity/Q7219924>	"Helleborus lividus"^^<http://www.w3.org/2001/XMLSchema#string>	"Leaf nitrogen content"	"Leaf nitrogen content per dry mass (Nmass)"^^<http://www.w3.org/2001/XMLSchema#string>	1.69	<http://qudt.org/vocab/unit/PERCENT>	"%"^^<http://www.w3.org/2001/XMLSchema#string>
<http://www.wikidata.org/entity/Q7226975>	"Polystichum acrostichoides"^^<http://www.w3.org/2001/XMLSchema#string>	"Leaf phosphorus content"	"Leaf phosphorus content per dry mass (Pmass)"^^<http://www.w3.org/2001/XMLSchema#string>	0.13	<http://qudt.org/vocab/unit/PERCENT>	"%"^^<http://www.w3.org/2001/XMLSchema#string>
<http://www.wikidata.org/entity/Q722965>	"Artemisia sieversiana"^^<http://www.w3.org/2001/XMLSchema#string>	"Leaf nitrogen content"	"Leaf nitrogen content per dry mass (Nmass)"^^<http://www.w3.org/2001/XMLSchema#string>	3.566667	<http://qudt.org/vocab/unit/PERCENT>	"%"^^<http://www.w3.org/2001/XMLSchema#string>
<http://www.wikidata.org/entity/Q722965>	"Artemisia sieversiana"^^<http://www.w3.org/2001/XMLSchema#string>	"Leaf phosphorus content"	"Leaf phosphorus content per dry mass (Pmass)"^^<http://www.w3.org/2001/XMLSchema#string>	0.1492842	<http://qudt.org/vocab/unit/PERCENT>	"%"^^<http://www.w3.org/2001/XMLSchema#string>
<http://www.wikidata.org/entity/Q7234851>	"Potentilla hippiana"^^<http://www.w3.org/2001/XMLSchema#string>	"Leaf nitrogen content"	"Leaf nitrogen content per dry mass (Nmass)"^^<http://www.w3.org/2001/XMLSchema#string>	2.16	<http://qudt.org/vocab/unit/PERCENT>	"%"^^<http://www.w3.org/2001/XMLSchema#string>
<http://www.wikidata.org/entity/Q7259718>	"Pultenaea flexilis"^^<http://www.w3.org/2001/XMLSchema#string>	"Leaf nitrogen content"	"Leaf nitrogen content per dry mass (Nmass)"^^<http://www.w3.org/2001/XMLSchema#string>	2.039259	<http://qudt.org/vocab/unit/PERCENT>	"%"^^<http://www.w3.org/2001/XMLSchema#string>
<http://www.wikidata.org/entity/Q7259718>	"Pultenaea flexilis"^^<http://www.w3.org/2001/XMLSchema#string>	"Leaf phosphorus content"	"Leaf phosphorus content per dry mass (Pmass)"^^<http://www.w3.org/2001/XMLSchema#string>	0.045	<http://qudt.org/vocab/unit/PERCENT>	"%"^^<http://www.w3.org/2001/XMLSchema#string>
<http://www.wikidata.org/entity/Q7321567>	"Rhus microphylla"^^<http://www.w3.org/2001/XMLSchema#string>	"Leaf nitrogen content"	"Leaf nitrogen content per dry mass (Nmass)"^^<http://www.w3.org/2001/XMLSchema#string>	2.3	<http://qudt.org/vocab/unit/PERCENT>	"%"^^<http://www.w3.org/2001/XMLSchema#string>
<http://www.wikidata.org/entity/Q7321571>	"Rhus sandwicensis"^^<http://www.w3.org/2001/XMLSchema#string>	"Leaf phosphorus content"	"Leaf phosphorus content per dry mass (Pmass)"^^<http://www.w3.org/2001/XMLSchema#string>	0.08	<http://qudt.org/vocab/unit/PERCENT>	"%"^^<http://www.w3.org/2001/XMLSchema#string>
<http://www.wikidata.org/entity/Q734085>	"Larix laricina"^^<http://www.w3.org/2001/XMLSchema#string>	"Leaf nitrogen content"	"Leaf nitrogen content per dry mass (Nmass)"^^<http://www.w3.org/2001/XMLSchema#string>	1.93	<http://qudt.org/vocab/unit/PERCENT>	"%"^^<http://www.w3.org/2001/XMLSchema#string>
<http://www.wikidata.org/entity/Q734085>	"Larix laricina"^^<http://www.w3.org/2001/XMLSchema#string>	"Leaf nitrogen content"	"Leaf nitrogen content per dry mass (Nmass)"^^<http://www.w3.org/2001/XMLSchema#string>	2.19	<http://qudt.org/vocab/unit/PERCENT>	"%"^^<http://www.w3.org/2001/XMLSchema#string>
<http://www.wikidata.org/entity/Q734085>	"Larix laricina"^^<http://www.w3.org/2001/XMLSchema#string>	"Leaf nitrogen content"	"Leaf nitrogen content per dry mass (Nmass)"^^<http://www.w3.org/2001/XMLSchema#string>	2.52	<http://qudt.org/vocab/unit/PERCENT>	"%"^^<http://www.w3.org/2001/XMLSchema#string>
<http://www.wikidata.org/entity/Q734085>	"Larix laricina"^^<http://www.w3.org/2001/XMLSchema#string>	"Leaf nitrogen content"	"Leaf nitrogen content per dry mass (Nmass)"^^<http://www.w3.org/2001/XMLSchema#string>	2.71	<http://qudt.org/vocab/unit/PERCENT>	"%"^^<http://www.w3.org/2001/XMLSchema#string>
<http://www.wikidata.org/entity/Q734085>	"Larix laricina"^^<http://www.w3.org/2001/XMLSchema#string>	"Leaf nitrogen content"	"Leaf nitrogen content per dry mass (Nmass)"^^<http://www.w3.org/2001/XMLSchema#string>	21.9	<http://qudt.org/vocab/unit/MilliGM-PER-GM>	"mg/g"^^<http://www.w3.org/2001/XMLSchema#string>
<http://www.wikidata.org/entity/Q734085>	"Larix laricina"^^<http://www.w3.org/2001/XMLSchema#string>	"Leaf nitrogen content"	"Leaf nitrogen content per dry mass (Nmass)"^^<http://www.w3.org/2001/XMLSchema#string>	25.2	<http://qudt.org/vocab/unit/MilliGM-PER-GM>	"mg/g"^^<http://www.w3.org/2001/XMLSchema#string>
<http://www.wikidata.org/entity/Q734085>	"Larix laricina"^^<http://www.w3.org/2001/XMLSchema#string>	"Leaf nitrogen content"	"Leaf nitrogen content per dry mass (Nmass)"^^<http://www.w3.org/2001/XMLSchema#string>	27.1	<http://qudt.org/vocab/unit/MilliGM-PER-GM>	"mg/g"^^<http://www.w3.org/2001/XMLSchema#string>
<http://www.wikidata.org/entity/Q734085>	"Larix laricina"^^<http://www.w3.org/2001/XMLSchema#string>	"Leaf phosphorus content"	"Leaf phosphorus content per dry mass (Pmass)"^^<http://www.w3.org/2001/XMLSchema#string>	2500.0	<http://qudt.org/vocab/unit/PPM>	"ppm"^^<http://www.w3.org/2001/XMLSchema#string>
<http://www.wikidata.org/entity/Q734085>	"Larix laricina"^^<http://www.w3.org/2001/XMLSchema#string>	"Specific leaf area"	"SLA: undefined if petiole in- or excluded"^^<http://www.w3.org/2001/XMLSchema#string>	11.66	<http://qudt.org/vocab/unit/M2-PER-KiloGM>	"m2 kg-1"^^<http://www.w3.org/2001/XMLSchema#string>
<http://www.wikidata.org/entity/Q7371296>	"Roupala montana"^^<http://www.w3.org/2001/XMLSchema#string>	"Leaf nitrogen content"	"Leaf nitrogen content per dry mass (Nmass)"^^<http://www.w3.org/2001/XMLSchema#string>	1.1	<http://qudt.org/vocab/unit/PERCENT>	"%"^^<http://www.w3.org/2001/XMLSchema#string>
<http://www.wikidata.org/entity/Q7371296>	"Roupala montana"^^<http://www.w3.org/2001/XMLSchema#string>	"Leaf nitrogen content"	"Leaf nitrogen content per dry mass (Nmass)"^^<http://www.w3.org/2001/XMLSchema#string>	0.98	<http://qudt.org/vocab/unit/PERCENT>	"%"^^<http://www.w3.org/2001/XMLSchema#string>
<http://www.wikidata.org/entity/Q7371296>	"Roupala montana"^^<http://www.w3.org/2001/XMLSchema#string>	"Leaf nitrogen content"	"Leaf nitrogen content per dry mass (Nmass)"^^<http://www.w3.org/2001/XMLSchema#string>	0.82	<http://qudt.org/vocab/unit/PERCENT>	"%"^^<http://www.w3.org/2001/XMLSchema#string>
<http://www.wikidata.org/entity/Q7371296>	"Roupala montana"^^<http://www.w3.org/2001/XMLSchema#string>	"Leaf nitrogen content"	"Leaf nitrogen content per dry mass (Nmass)"^^<http://www.w3.org/2001/XMLSchema#string>	0.88	<http://qudt.org/vocab/unit/PERCENT>	"%"^^<http://www.w3.org/2001/XMLSchema#string>
<http://www.wikidata.org/entity/Q7371296>	"Roupala montana"^^<http://www.w3.org/2001/XMLSchema#string>	"Leaf nitrogen content"	"Leaf nitrogen content per dry mass (Nmass)"^^<http://www.w3.org/2001/XMLSchema#string>	0.87	<http://qudt.org/vocab/unit/PERCENT>	"%"^^<http://www.w3.org/2001/XMLSchema#string>
<http://www.wikidata.org/entity/Q7371296>	"Roupala montana"^^<http://www.w3.org/2001/XMLSchema#string>	"Leaf nitrogen content"	"Leaf nitrogen content per dry mass (Nmass)"^^<http://www.w3.org/2001/XMLSchema#string>	0.91	<http://qudt.org/vocab/unit/PERCENT>	"%"^^<http://www.w3.org/2001/XMLSchema#string>
<http://www.wikidata.org/entity/Q7371296>	"Roupala montana"^^<http://www.w3.org/2001/XMLSchema#string>	"Leaf phosphorus content"	"Leaf phosphorus content per dry mass (Pmass)"^^<http://www.w3.org/2001/XMLSchema#string>	0.05	<http://qudt.org/vocab/unit/PERCENT>	"%"^^<http://www.w3.org/2001/XMLSchema#string>
<http://www.wikidata.org/entity/Q7404910>	"Salix pulchra"^^<http://www.w3.org/2001/XMLSchema#string>	"Leaf nitrogen content"	"Leaf nitrogen content per dry mass (Nmass)"^^<http://www.w3.org/2001/XMLSchema#string>	2.2	<http://qudt.org/vocab/unit/PERCENT>	"%"^^<http://www.w3.org/2001/XMLSchema#string>
<http://www.wikidata.org/entity/Q74174>	"Viola riviniana"^^<http://www.w3.org/2001/XMLSchema#string>	"Leaf nitrogen content"	"Leaf nitrogen content per dry mass (Nmass)"^^<http://www.w3.org/2001/XMLSchema#string>	2.23	<http://qudt.org/vocab/unit/PERCENT>	"%"^^<http://www.w3.org/2001/XMLSchema#string>
<http://www.wikidata.org/entity/Q742866>	"Andromeda polifolia"^^<http://www.w3.org/2001/XMLSchema#string>	"Leaf nitrogen content"	"Leaf nitrogen content per dry mass (Nmass)"^^<http://www.w3.org/2001/XMLSchema#string>	1.34	<http://qudt.org/vocab/unit/PERCENT>	"%"^^<http://www.w3.org/2001/XMLSchema#string>
<http://www.wikidata.org/entity/Q742866>	"Andromeda polifolia"^^<http://www.w3.org/2001/XMLSchema#string>	"Specific leaf area"	"SLA: undefined if petiole in- or excluded"^^<http://www.w3.org/2001/XMLSchema#string>	77.46507	<http://qudt.org/vocab/unit/CentiM2-PER-GM>	"SLA cm2/g"^^<http://www.w3.org/2001/XMLSchema#string>
<http://www.wikidata.org/entity/Q7430174>	"Scaphyglottis longicaulis"^^<http://www.w3.org/2001/XMLSchema#string>	"Leaf nitrogen content"	"Leaf nitrogen content per dry mass (Nmass)"^^<http://www.w3.org/2001/XMLSchema#string>	1.35	<http://qudt.org/vocab/unit/PERCENT>	"%"^^<http://www.w3.org/2001/XMLSchema#string>
<http://www.wikidata.org/entity/Q7431584>	"Schizolobium amazonicum"^^<http://www.w3.org/2001/XMLSchema#string>	"Specific leaf area"	"SLA: undefined if petiole in- or excluded"^^<http://www.w3.org/2001/XMLSchema#string>	58.82353	<http://qudt.org/vocab/unit/M2-PER-KiloGM>	"m2/kg"^^<http://www.w3.org/2001/XMLSchema#string>
<http://www.wikidata.org/entity/Q7431584>	"Schizolobium amazonicum"^^<http://www.w3.org/2001/XMLSchema#string>	"Specific leaf area"	"SLA: undefined if petiole in- or excluded"^^<http://www.w3.org/2001/XMLSchema#string>	50.0	<http://qudt.org/vocab/unit/M2-PER-KiloGM>	"m2/kg"^^<http://www.w3.org/2001/XMLSchema#string>
<http://www.wikidata.org/entity/Q743883>	"Polypodium vulgare"^^<http://www.w3.org/2001/XMLSchema#string>	"Leaf nitrogen content"	"Leaf nitrogen content per dry mass (Nmass)"^^<http://www.w3.org/2001/XMLSchema#string>	1.722	<http://qudt.org/vocab/unit/PERCENT>	"%"^^<http://www.w3.org/2001/XMLSchema#string>
<http://www.wikidata.org/entity/Q743883>	"Polypodium vulgare"^^<http://www.w3.org/2001/XMLSchema#string>	"Leaf nitrogen content"	"Leaf nitrogen content per dry mass (Nmass)"^^<http://www.w3.org/2001/XMLSchema#string>	1.369	<http://qudt.org/vocab/unit/PERCENT>	"%"^^<http://www.w3.org/2001/XMLSchema#string>
<http://www.wikidata.org/entity/Q7456364>	"Setaria sphacelata"^^<http://www.w3.org/2001/XMLSchema#string>	"Leaf nitrogen content"	"Leaf nitrogen content per dry mass (Nmass)"^^<http://www.w3.org/2001/XMLSchema#string>	1.13	<http://qudt.org/vocab/unit/PERCENT>	"%"^^<http://www.w3.org/2001/XMLSchema#string>
<http://www.wikidata.org/entity/Q748888>	"Pinus radiata"^^<http://www.w3.org/2001/XMLSchema#string>	"Specific leaf area"	"SLA: undefined if petiole in- or excluded"^^<http://www.w3.org/2001/XMLSchema#string>	0.016	<http://qudt.org/vocab/unit/M2-PER-GM>	"m2/g"^^<http://www.w3.org/2001/XMLSchema#string>
<http://www.wikidata.org/entity/Q752675>	"Heracleum sphondylium"^^<http://www.w3.org/2001/XMLSchema#string>	"Leaf nitrogen content"	"Leaf nitrogen content per dry mass (Nmass)"^^<http://www.w3.org/2001/XMLSchema#string>	3.019344	<http://qudt.org/vocab/unit/PERCENT>	"%"^^<http://www.w3.org/2001/XMLSchema#string>
<http://www.wikidata.org/entity/Q7557960>	"Solidago nemoralis"^^<http://www.w3.org/2001/XMLSchema#string>	"Leaf nitrogen content"	"Leaf nitrogen content per dry mass (Nmass)"^^<http://www.w3.org/2001/XMLSchema#string>	20.68135	<http://qudt.org/vocab/unit/MilliGM-PER-GM>	"mg/g"^^<http://www.w3.org/2001/XMLSchema#string>
<http://www.wikidata.org/entity/Q7557960>	"Solidago nemoralis"^^<http://www.w3.org/2001/XMLSchema#string>	"Specific leaf area"	"SLA: petiole  excluded"^^<http://www.w3.org/2001/XMLSchema#string>	152.04	<http://qudt.org/vocab/unit/CentiM2-PER-GM>	"cm2/g"^^<http://www.w3.org/2001/XMLSchema#string>
<http://www.wikidata.org/entity/Q759430>	"Artocarpus lacucha"^^<http://www.w3.org/2001/XMLSchema#string>	"Leaf nitrogen content"	"Leaf nitrogen content per dry mass (Nmass)"^^<http://www.w3.org/2001/XMLSchema#string>	1.99	<http://qudt.org/vocab/unit/PERCENT>	"%"^^<http://www.w3.org/2001/XMLSchema#string>
<http://www.wikidata.org/entity/Q762435>	"Acer spicatum"^^<http://www.w3.org/2001/XMLSchema#string>	"Specific leaf area"	"SLA: undefined if petiole in- or excluded (1)"^^<http://www.w3.org/2001/XMLSchema#string>	0.04640602	<http://qudt.org/vocab/unit/M2-PER-GM>	"m2/g"^^<http://www.w3.org/2001/XMLSchema#string>
<http://www.wikidata.org/entity/Q762435>	"Acer spicatum"^^<http://www.w3.org/2001/XMLSchema#string>	"Specific leaf area"	"SLA: undefined if petiole in- or excluded (1)"^^<http://www.w3.org/2001/XMLSchema#string>	0.0314898	<http://qudt.org/vocab/unit/M2-PER-GM>	"m2/g"^^<http://www.w3.org/2001/XMLSchema#string>
<http://www.wikidata.org/entity/Q7625599>	"Stryphnodendron adstringens"^^<http://www.w3.org/2001/XMLSchema#string>	"Leaf nitrogen content"	"Leaf nitrogen content per dry mass (Nmass)"^^<http://www.w3.org/2001/XMLSchema#string>	2.18	<http://qudt.org/vocab/unit/PERCENT>	"%"^^<http://www.w3.org/2001/XMLSchema#string>
<http://www.wikidata.org/entity/Q7625599>	"Stryphnodendron adstringens"^^<http://www.w3.org/2001/XMLSchema#string>	"Leaf phosphorus content"	"Leaf phosphorus content per dry mass (Pmass)"^^<http://www.w3.org/2001/XMLSchema#string>	0.06	<http://qudt.org/vocab/unit/PERCENT>	"%"^^<http://www.w3.org/2001/XMLSchema#string>
<http://www.wikidata.org/entity/Q7625599>	"Stryphnodendron adstringens"^^<http://www.w3.org/2001/XMLSchema#string>	"Leaf phosphorus content"	"Leaf phosphorus content per dry mass (Pmass)"^^<http://www.w3.org/2001/XMLSchema#string>	0.06428571	<http://qudt.org/vocab/unit/PERCENT>	"%"^^<http://www.w3.org/2001/XMLSchema#string>
<http://www.wikidata.org/entity/Q7625599>	"Stryphnodendron adstringens"^^<http://www.w3.org/2001/XMLSchema#string>	"Leaf phosphorus content"	"Leaf phosphorus content per dry mass (Pmass)"^^<http://www.w3.org/2001/XMLSchema#string>	0.057	<http://qudt.org/vocab/unit/PERCENT>	"%"^^<http://www.w3.org/2001/XMLSchema#string>
<http://www.wikidata.org/entity/Q764525>	"Nyctanthes arbor-tristis"^^<http://www.w3.org/2001/XMLSchema#string>	"Leaf nitrogen content"	"Leaf nitrogen content per dry mass (Nmass)"^^<http://www.w3.org/2001/XMLSchema#string>	1.7	<http://qudt.org/vocab/unit/PERCENT>	"%"^^<http://www.w3.org/2001/XMLSchema#string>
<http://www.wikidata.org/entity/Q766281>	"Pedicularis lapponica"^^<http://www.w3.org/2001/XMLSchema#string>	"Specific leaf area"	"SLA: undefined if petiole in- or excluded"^^<http://www.w3.org/2001/XMLSchema#string>	225.2661	<http://qudt.org/vocab/unit/CentiM2-PER-GM>	"SLA cm2/g"^^<http://www.w3.org/2001/XMLSchema#string>
<http://www.wikidata.org/entity/Q7664004>	"Syzygium suborbiculare"^^<http://www.w3.org/2001/XMLSchema#string>	"Leaf phosphorus content"	"Leaf phosphorus content per dry mass (Pmass)"^^<http://www.w3.org/2001/XMLSchema#string>	0.063	<http://qudt.org/vocab/unit/PERCENT>	"%"^^<http://www.w3.org/2001/XMLSchema#string>
<http://www.wikidata.org/entity/Q768222>	"Bistorta vivipara"^^<http://www.w3.org/2001/XMLSchema#string>	"Specific leaf area"	"SLA: undefined if petiole in- or excluded"^^<http://www.w3.org/2001/XMLSchema#string>	186.1978	<http://qudt.org/vocab/unit/CentiM2-PER-GM>	"SLA cm2/g"^^<http://www.w3.org/2001/XMLSchema#string>
<http://www.wikidata.org/entity/Q768222>	"Bistorta vivipara"^^<http://www.w3.org/2001/XMLSchema#string>	"Specific leaf area"	"SLA: undefined if petiole in- or excluded"^^<http://www.w3.org/2001/XMLSchema#string>	187.1	<http://qudt.org/vocab/unit/CentiM2-PER-GM>	"SLA cm2/g"^^<http://www.w3.org/2001/XMLSchema#string>
<http://www.wikidata.org/entity/Q7684678>	"Tapirira guianensis"^^<http://www.w3.org/2001/XMLSchema#string>	"Leaf phosphorus content"	"Leaf phosphorus content per dry mass (Pmass)"^^<http://www.w3.org/2001/XMLSchema#string>	0.08810001	<http://qudt.org/vocab/unit/PERCENT>	"%"^^<http://www.w3.org/2001/XMLSchema#string>
<http://www.wikidata.org/entity/Q76971>	"Betula papyrifera"^^<http://www.w3.org/2001/XMLSchema#string>	"Leaf nitrogen content"	"Leaf nitrogen content per dry mass (Nmass)"^^<http://www.w3.org/2001/XMLSchema#string>	3.1	<http://qudt.org/vocab/unit/PERCENT>	"%"^^<http://www.w3.org/2001/XMLSchema#string>
<http://www.wikidata.org/entity/Q76971>	"Betula papyrifera"^^<http://www.w3.org/2001/XMLSchema#string>	"Leaf nitrogen content"	"Leaf nitrogen content per dry mass (Nmass)"^^<http://www.w3.org/2001/XMLSchema#string>	2.06	<http://qudt.org/vocab/unit/PERCENT>	"%"^^<http://www.w3.org/2001/XMLSchema#string>
<http://www.wikidata.org/entity/Q76971>	"Betula papyrifera"^^<http://www.w3.org/2001/XMLSchema#string>	"Leaf nitrogen content"	"Leaf nitrogen content per dry mass (Nmass)"^^<http://www.w3.org/2001/XMLSchema#string>	44.2	<http://qudt.org/vocab/unit/MilliGM-PER-GM>	"mg/g"^^<http://www.w3.org/2001/XMLSchema#string>
<http://www.wikidata.org/entity/Q76971>	"Betula papyrifera"^^<http://www.w3.org/2001/XMLSchema#string>	"Leaf nitrogen content"	"Leaf nitrogen content per dry mass (Nmass)"^^<http://www.w3.org/2001/XMLSchema#string>	32.0	<http://qudt.org/vocab/unit/MilliGM-PER-GM>	"mg/g"^^<http://www.w3.org/2001/XMLSchema#string>
<http://www.wikidata.org/entity/Q76971>	"Betula papyrifera"^^<http://www.w3.org/2001/XMLSchema#string>	"Leaf nitrogen content"	"Leaf nitrogen content per dry mass (Nmass)"^^<http://www.w3.org/2001/XMLSchema#string>	31.0	<http://qudt.org/vocab/unit/MilliGM-PER-GM>	"mg/g"^^<http://www.w3.org/2001/XMLSchema#string>
<http://www.wikidata.org/entity/Q76971>	"Betula papyrifera"^^<http://www.w3.org/2001/XMLSchema#string>	"Leaf nitrogen content"	"Leaf nitrogen content per dry mass (Nmass)"^^<http://www.w3.org/2001/XMLSchema#string>	24.9	<http://qudt.org/vocab/unit/MilliGM-PER-GM>	"mg/g"^^<http://www.w3.org/2001/XMLSchema#string>
<http://www.wikidata.org/entity/Q76971>	"Betula papyrifera"^^<http://www.w3.org/2001/XMLSchema#string>	"Leaf nitrogen content"	"Leaf nitrogen content per dry mass (Nmass)"^^<http://www.w3.org/2001/XMLSchema#string>	20.6	<http://qudt.org/vocab/unit/MilliGM-PER-GM>	"mg/g"^^<http://www.w3.org/2001/XMLSchema#string>
<http://www.wikidata.org/entity/Q76971>	"Betula papyrifera"^^<http://www.w3.org/2001/XMLSchema#string>	"Leaf nitrogen content"	"Leaf nitrogen content per dry mass (Nmass)"^^<http://www.w3.org/2001/XMLSchema#string>	18.5	<http://qudt.org/vocab/unit/MilliGM-PER-GM>	"mg/g"^^<http://www.w3.org/2001/XMLSchema#string>
<http://www.wikidata.org/entity/Q76971>	"Betula papyrifera"^^<http://www.w3.org/2001/XMLSchema#string>	"Leaf nitrogen content"	"Leaf nitrogen content per dry mass (Nmass)"^^<http://www.w3.org/2001/XMLSchema#string>	4.42	<http://qudt.org/vocab/unit/PERCENT>	"%"^^<http://www.w3.org/2001/XMLSchema#string>
<http://www.wikidata.org/entity/Q76971>	"Betula papyrifera"^^<http://www.w3.org/2001/XMLSchema#string>	"Leaf nitrogen content"	"Leaf nitrogen content per dry mass (Nmass)"^^<http://www.w3.org/2001/XMLSchema#string>	3.2	<http://qudt.org/vocab/unit/PERCENT>	"%"^^<http://www.w3.org/2001/XMLSchema#string>
<http://www.wikidata.org/entity/Q76971>	"Betula papyrifera"^^<http://www.w3.org/2001/XMLSchema#string>	"Leaf nitrogen content"	"Leaf nitrogen content per dry mass (Nmass)"^^<http://www.w3.org/2001/XMLSchema#string>	1.85	<http://qudt.org/vocab/unit/PERCENT>	"%"^^<http://www.w3.org/2001/XMLSchema#string>
<http://www.wikidata.org/entity/Q76971>	"Betula papyrifera"^^<http://www.w3.org/2001/XMLSchema#string>	"Leaf nitrogen content"	"Leaf nitrogen content per dry mass (Nmass)"^^<http://www.w3.org/2001/XMLSchema#string>	2.886667	<http://qudt.org/vocab/unit/PERCENT>	"%"^^<http://www.w3.org/2001/XMLSchema#string>
<http://www.wikidata.org/entity/Q76971>	"Betula papyrifera"^^<http://www.w3.org/2001/XMLSchema#string>	"Leaf nitrogen content"	"Leaf nitrogen content per dry mass (Nmass)"^^<http://www.w3.org/2001/XMLSchema#string>	2.655	<http://qudt.org/vocab/unit/PERCENT>	"%"^^<http://www.w3.org/2001/XMLSchema#string>
<http://www.wikidata.org/entity/Q76971>	"Betula papyrifera"^^<http://www.w3.org/2001/XMLSchema#string>	"Leaf nitrogen content"	"Leaf nitrogen content per dry mass (Nmass)"^^<http://www.w3.org/2001/XMLSchema#string>	2.62	<http://qudt.org/vocab/unit/PERCENT>	"%"^^<http://www.w3.org/2001/XMLSchema#string>
<http://www.wikidata.org/entity/Q76971>	"Betula papyrifera"^^<http://www.w3.org/2001/XMLSchema#string>	"Leaf nitrogen content"	"Leaf nitrogen content per dry mass (Nmass)"^^<http://www.w3.org/2001/XMLSchema#string>	2.316667	<http://qudt.org/vocab/unit/PERCENT>	"%"^^<http://www.w3.org/2001/XMLSchema#string>
<http://www.wikidata.org/entity/Q76971>	"Betula papyrifera"^^<http://www.w3.org/2001/XMLSchema#string>	"Leaf nitrogen content"	"Leaf nitrogen content per dry mass (Nmass)"^^<http://www.w3.org/2001/XMLSchema#string>	2.603333	<http://qudt.org/vocab/unit/PERCENT>	"%"^^<http://www.w3.org/2001/XMLSchema#string>
<http://www.wikidata.org/entity/Q76971>	"Betula papyrifera"^^<http://www.w3.org/2001/XMLSchema#string>	"Leaf nitrogen content"	"Leaf nitrogen content per dry mass (Nmass)"^^<http://www.w3.org/2001/XMLSchema#string>	2.43	<http://qudt.org/vocab/unit/PERCENT>	"%"^^<http://www.w3.org/2001/XMLSchema#string>
<http://www.wikidata.org/entity/Q76971>	"Betula papyrifera"^^<http://www.w3.org/2001/XMLSchema#string>	"Leaf nitrogen content"	"Leaf nitrogen content per dry mass (Nmass)"^^<http://www.w3.org/2001/XMLSchema#string>	2.41	<http://qudt.org/vocab/unit/PERCENT>	"%"^^<http://www.w3.org/2001/XMLSchema#string>
<http://www.wikidata.org/entity/Q7702777>	"Terminalia sericea"^^<http://www.w3.org/2001/XMLSchema#string>	"Leaf nitrogen content"	"Leaf nitrogen content per dry mass (Nmass)"^^<http://www.w3.org/2001/XMLSchema#string>	0.8	<http://qudt.org/vocab/unit/PERCENT>	"%"^^<http://www.w3.org/2001/XMLSchema#string>
<http://www.wikidata.org/entity/Q775529>	"Drimys winteri"^^<http://www.w3.org/2001/XMLSchema#string>	"Leaf nitrogen content"	"Leaf nitrogen content per dry mass (Nmass)"^^<http://www.w3.org/2001/XMLSchema#string>	0.61	<http://qudt.org/vocab/unit/PERCENT>	"%"^^<http://www.w3.org/2001/XMLSchema#string>
<http://www.wikidata.org/entity/Q775529>	"Drimys winteri"^^<http://www.w3.org/2001/XMLSchema#string>	"Leaf nitrogen content"	"Leaf nitrogen content per dry mass (Nmass)"^^<http://www.w3.org/2001/XMLSchema#string>	1.08	<http://qudt.org/vocab/unit/PERCENT>	"%"^^<http://www.w3.org/2001/XMLSchema#string>
<http://www.wikidata.org/entity/Q776583>	"Campanula trachelium"^^<http://www.w3.org/2001/XMLSchema#string>	"Leaf nitrogen content"	"Leaf nitrogen content per dry mass (Nmass)"^^<http://www.w3.org/2001/XMLSchema#string>	2.993286	<http://qudt.org/vocab/unit/PERCENT>	"%"^^<http://www.w3.org/2001/XMLSchema#string>
<http://www.wikidata.org/entity/Q776583>	"Campanula trachelium"^^<http://www.w3.org/2001/XMLSchema#string>	"Leaf nitrogen content"	"Leaf nitrogen content per dry mass (Nmass)"^^<http://www.w3.org/2001/XMLSchema#string>	2.978408	<http://qudt.org/vocab/unit/PERCENT>	"%"^^<http://www.w3.org/2001/XMLSchema#string>
<http://www.wikidata.org/entity/Q776583>	"Campanula trachelium"^^<http://www.w3.org/2001/XMLSchema#string>	"Leaf nitrogen content"	"Leaf nitrogen content per dry mass (Nmass)"^^<http://www.w3.org/2001/XMLSchema#string>	2.418708	<http://qudt.org/vocab/unit/PERCENT>	"%"^^<http://www.w3.org/2001/XMLSchema#string>
<http://www.wikidata.org/entity/Q776583>	"Campanula trachelium"^^<http://www.w3.org/2001/XMLSchema#string>	"Leaf nitrogen content"	"Leaf nitrogen content per dry mass (Nmass)"^^<http://www.w3.org/2001/XMLSchema#string>	2.174931	<http://qudt.org/vocab/unit/PERCENT>	"%"^^<http://www.w3.org/2001/XMLSchema#string>
<http://www.wikidata.org/entity/Q7800526>	"Tibouchina pulchra"^^<http://www.w3.org/2001/XMLSchema#string>	"Leaf nitrogen content"	"Leaf nitrogen content per dry mass (Nmass)"^^<http://www.w3.org/2001/XMLSchema#string>	2.15	<http://qudt.org/vocab/unit/PERCENT>	"%"^^<http://www.w3.org/2001/XMLSchema#string>
<http://www.wikidata.org/entity/Q7802432>	"Tillandsia anceps"^^<http://www.w3.org/2001/XMLSchema#string>	"Leaf nitrogen content"	"Leaf nitrogen content per dry mass (Nmass)"^^<http://www.w3.org/2001/XMLSchema#string>	0.43	<http://qudt.org/vocab/unit/PERCENT>	"%"^^<http://www.w3.org/2001/XMLSchema#string>
<http://www.wikidata.org/entity/Q784070>	"Phillyrea latifolia"^^<http://www.w3.org/2001/XMLSchema#string>	"Leaf nitrogen content"	"Leaf nitrogen content per dry mass (Nmass)"^^<http://www.w3.org/2001/XMLSchema#string>	1.78	<http://qudt.org/vocab/unit/PERCENT>	"%"^^<http://www.w3.org/2001/XMLSchema#string>
<http://www.wikidata.org/entity/Q7843315>	"Triplaris americana"^^<http://www.w3.org/2001/XMLSchema#string>	"Leaf nitrogen content"	"Leaf nitrogen content per dry mass (Nmass)"^^<http://www.w3.org/2001/XMLSchema#string>	2.6	<http://qudt.org/vocab/unit/PERCENT>	"%"^^<http://www.w3.org/2001/XMLSchema#string>
<http://www.wikidata.org/entity/Q790170>	"Campanula persicifolia"^^<http://www.w3.org/2001/XMLSchema#string>	"Leaf nitrogen content"	"Leaf nitrogen content per dry mass (Nmass)"^^<http://www.w3.org/2001/XMLSchema#string>	2.165059	<http://qudt.org/vocab/unit/PERCENT>	"%"^^<http://www.w3.org/2001/XMLSchema#string>
<http://www.wikidata.org/entity/Q7920245>	"Ventilago viminalis"^^<http://www.w3.org/2001/XMLSchema#string>	"Leaf nitrogen content"	"Leaf nitrogen content per dry mass (Nmass)"^^<http://www.w3.org/2001/XMLSchema#string>	1.501	<http://qudt.org/vocab/unit/PERCENT>	"%"^^<http://www.w3.org/2001/XMLSchema#string>
<http://www.wikidata.org/entity/Q7933079>	"Viola pedatifida"^^<http://www.w3.org/2001/XMLSchema#string>	"Leaf nitrogen content"	"Leaf nitrogen content per dry mass (Nmass)"^^<http://www.w3.org/2001/XMLSchema#string>	36.09541	<http://qudt.org/vocab/unit/MilliGM-PER-GM>	"mg/g"^^<http://www.w3.org/2001/XMLSchema#string>
<http://www.wikidata.org/entity/Q7933079>	"Viola pedatifida"^^<http://www.w3.org/2001/XMLSchema#string>	"Specific leaf area"	"SLA: petiole  excluded"^^<http://www.w3.org/2001/XMLSchema#string>	356.14	<http://qudt.org/vocab/unit/CentiM2-PER-GM>	"cm2/g"^^<http://www.w3.org/2001/XMLSchema#string>
<http://www.wikidata.org/entity/Q7934853>	"Virola calophylla"^^<http://www.w3.org/2001/XMLSchema#string>	"Leaf nitrogen content"	"Leaf nitrogen content per dry mass (Nmass)"^^<http://www.w3.org/2001/XMLSchema#string>	1.71	<http://qudt.org/vocab/unit/PERCENT>	"%"^^<http://www.w3.org/2001/XMLSchema#string>
<http://www.wikidata.org/entity/Q793676>	"Ulex gallii"^^<http://www.w3.org/2001/XMLSchema#string>	"Leaf phosphorus content"	"Leaf phosphorus content per dry mass (Pmass)"^^<http://www.w3.org/2001/XMLSchema#string>	0.167	<http://qudt.org/vocab/unit/PERCENT>	"%"^^<http://www.w3.org/2001/XMLSchema#string>
<http://www.wikidata.org/entity/Q794305>	"Conyza canadensis"^^<http://www.w3.org/2001/XMLSchema#string>	"Leaf phosphorus content"	"Leaf phosphorus content per dry mass (Pmass)"^^<http://www.w3.org/2001/XMLSchema#string>	0.39	<http://qudt.org/vocab/unit/PERCENT>	"%"^^<http://www.w3.org/2001/XMLSchema#string>
<http://www.wikidata.org/entity/Q794969>	"Spondias mombin"^^<http://www.w3.org/2001/XMLSchema#string>	"Leaf nitrogen content"	"Leaf nitrogen content per dry mass (Nmass)"^^<http://www.w3.org/2001/XMLSchema#string>	2.2	<http://qudt.org/vocab/unit/PERCENT>	"%"^^<http://www.w3.org/2001/XMLSchema#string>
<http://www.wikidata.org/entity/Q794969>	"Spondias mombin"^^<http://www.w3.org/2001/XMLSchema#string>	"Leaf phosphorus content"	"Leaf phosphorus content per dry mass (Pmass)"^^<http://www.w3.org/2001/XMLSchema#string>	0.0113745	<http://qudt.org/vocab/unit/PERCENT>	"%"^^<http://www.w3.org/2001/XMLSchema#string>
<http://www.wikidata.org/entity/Q7986892>	"Trichosalpinx orbicularis"^^<http://www.w3.org/2001/XMLSchema#string>	"Leaf nitrogen content"	"Leaf nitrogen content per dry mass (Nmass)"^^<http://www.w3.org/2001/XMLSchema#string>	0.95	<http://qudt.org/vocab/unit/PERCENT>	"%"^^<http://www.w3.org/2001/XMLSchema#string>
<http://www.wikidata.org/entity/Q8045461>	"Xylomelum pyriforme"^^<http://www.w3.org/2001/XMLSchema#string>	"Leaf nitrogen content"	"Leaf nitrogen content per dry mass (Nmass)"^^<http://www.w3.org/2001/XMLSchema#string>	0.8680144	<http://qudt.org/vocab/unit/PERCENT>	"%"^^<http://www.w3.org/2001/XMLSchema#string>
<http://www.wikidata.org/entity/Q804885>	"Hypericum balearicum"^^<http://www.w3.org/2001/XMLSchema#string>	"Leaf nitrogen content"	"Leaf nitrogen content per dry mass (Nmass)"^^<http://www.w3.org/2001/XMLSchema#string>	2.45	<http://qudt.org/vocab/unit/PERCENT>	"%"^^<http://www.w3.org/2001/XMLSchema#string>
<http://www.wikidata.org/entity/Q806838>	"Pinus banksiana"^^<http://www.w3.org/2001/XMLSchema#string>	"Leaf nitrogen content"	"Leaf nitrogen content per dry mass (Nmass)"^^<http://www.w3.org/2001/XMLSchema#string>	0.99	<http://qudt.org/vocab/unit/PERCENT>	"%"^^<http://www.w3.org/2001/XMLSchema#string>
<http://www.wikidata.org/entity/Q806838>	"Pinus banksiana"^^<http://www.w3.org/2001/XMLSchema#string>	"Leaf nitrogen content"	"Leaf nitrogen content per dry mass (Nmass)"^^<http://www.w3.org/2001/XMLSchema#string>	1.01	<http://qudt.org/vocab/unit/PERCENT>	"%"^^<http://www.w3.org/2001/XMLSchema#string>
<http://www.wikidata.org/entity/Q806838>	"Pinus banksiana"^^<http://www.w3.org/2001/XMLSchema#string>	"Leaf nitrogen content"	"Leaf nitrogen content per dry mass (Nmass)"^^<http://www.w3.org/2001/XMLSchema#string>	1.24	<http://qudt.org/vocab/unit/PERCENT>	"%"^^<http://www.w3.org/2001/XMLSchema#string>
<http://www.wikidata.org/entity/Q806838>	"Pinus banksiana"^^<http://www.w3.org/2001/XMLSchema#string>	"Leaf nitrogen content"	"Leaf nitrogen content per dry mass (Nmass)"^^<http://www.w3.org/2001/XMLSchema#string>	2.34	<http://qudt.org/vocab/unit/PERCENT>	"%"^^<http://www.w3.org/2001/XMLSchema#string>
<http://www.wikidata.org/entity/Q806838>	"Pinus banksiana"^^<http://www.w3.org/2001/XMLSchema#string>	"Leaf nitrogen content"	"Leaf nitrogen content per dry mass (Nmass)"^^<http://www.w3.org/2001/XMLSchema#string>	2.84	<http://qudt.org/vocab/unit/PERCENT>	"%"^^<http://www.w3.org/2001/XMLSchema#string>
<http://www.wikidata.org/entity/Q806838>	"Pinus banksiana"^^<http://www.w3.org/2001/XMLSchema#string>	"Leaf nitrogen content"	"Leaf nitrogen content per dry mass (Nmass)"^^<http://www.w3.org/2001/XMLSchema#string>	3.06	<http://qudt.org/vocab/unit/PERCENT>	"%"^^<http://www.w3.org/2001/XMLSchema#string>
<http://www.wikidata.org/entity/Q806838>	"Pinus banksiana"^^<http://www.w3.org/2001/XMLSchema#string>	"Leaf nitrogen content"	"Leaf nitrogen content per dry mass (Nmass)"^^<http://www.w3.org/2001/XMLSchema#string>	23.4	<http://qudt.org/vocab/unit/MilliGM-PER-GM>	"mg/g"^^<http://www.w3.org/2001/XMLSchema#string>
<http://www.wikidata.org/entity/Q806838>	"Pinus banksiana"^^<http://www.w3.org/2001/XMLSchema#string>	"Leaf nitrogen content"	"Leaf nitrogen content per dry mass (Nmass)"^^<http://www.w3.org/2001/XMLSchema#string>	28.4	<http://qudt.org/vocab/unit/MilliGM-PER-GM>	"mg/g"^^<http://www.w3.org/2001/XMLSchema#string>
<http://www.wikidata.org/entity/Q806838>	"Pinus banksiana"^^<http://www.w3.org/2001/XMLSchema#string>	"Leaf nitrogen content"	"Leaf nitrogen content per dry mass (Nmass)"^^<http://www.w3.org/2001/XMLSchema#string>	30.6	<http://qudt.org/vocab/unit/MilliGM-PER-GM>	"mg/g"^^<http://www.w3.org/2001/XMLSchema#string>
<http://www.wikidata.org/entity/Q806838>	"Pinus banksiana"^^<http://www.w3.org/2001/XMLSchema#string>	"Leaf phosphorus content"	"Leaf phosphorus content per dry mass (Pmass)"^^<http://www.w3.org/2001/XMLSchema#string>	1070.0	<http://qudt.org/vocab/unit/MilliGM-PER-KiloGM>	"mg/kg"^^<http://www.w3.org/2001/XMLSchema#string>
<http://www.wikidata.org/entity/Q806838>	"Pinus banksiana"^^<http://www.w3.org/2001/XMLSchema#string>	"Leaf phosphorus content"	"Leaf phosphorus content per dry mass (Pmass)"^^<http://www.w3.org/2001/XMLSchema#string>	1157.0	<http://qudt.org/vocab/unit/MilliGM-PER-KiloGM>	"mg/kg"^^<http://www.w3.org/2001/XMLSchema#string>
<http://www.wikidata.org/entity/Q806838>	"Pinus banksiana"^^<http://www.w3.org/2001/XMLSchema#string>	"Leaf phosphorus content"	"Leaf phosphorus content per dry mass (Pmass)"^^<http://www.w3.org/2001/XMLSchema#string>	0.08	<http://qudt.org/vocab/unit/PERCENT>	"percent"^^<http://www.w3.org/2001/XMLSchema#string>
<http://www.wikidata.org/entity/Q80700853>	"Hymenopus heteromorphus"^^<http://www.w3.org/2001/XMLSchema#string>	"Leaf nitrogen content"	"Leaf nitrogen content per dry mass (Nmass)"^^<http://www.w3.org/2001/XMLSchema#string>	1.49	<http://qudt.org/vocab/unit/PERCENT>	"%"^^<http://www.w3.org/2001/XMLSchema#string>
<http://www.wikidata.org/entity/Q80700853>	"Hymenopus heteromorphus"^^<http://www.w3.org/2001/XMLSchema#string>	"Leaf nitrogen content"	"Leaf nitrogen content per dry mass (Nmass)"^^<http://www.w3.org/2001/XMLSchema#string>	1.07	<http://qudt.org/vocab/unit/PERCENT>	"%"^^<http://www.w3.org/2001/XMLSchema#string>
<http://www.wikidata.org/entity/Q80700853>	"Hymenopus heteromorphus"^^<http://www.w3.org/2001/XMLSchema#string>	"Leaf nitrogen content"	"Leaf nitrogen content per dry mass (Nmass)"^^<http://www.w3.org/2001/XMLSchema#string>	1.1	<http://qudt.org/vocab/unit/PERCENT>	"%"^^<http://www.w3.org/2001/XMLSchema#string>
<http://www.wikidata.org/entity/Q80700853>	"Hymenopus heteromorphus"^^<http://www.w3.org/2001/XMLSchema#string>	"Leaf nitrogen content"	"Leaf nitrogen content per dry mass (Nmass)"^^<http://www.w3.org/2001/XMLSchema#string>	1.18	<http://qudt.org/vocab/unit/PERCENT>	"%"^^<http://www.w3.org/2001/XMLSchema#string>
<http://www.wikidata.org/entity/Q80700853>	"Hymenopus heteromorphus"^^<http://www.w3.org/2001/XMLSchema#string>	"Leaf nitrogen content"	"Leaf nitrogen content per dry mass (Nmass)"^^<http://www.w3.org/2001/XMLSchema#string>	1.26	<http://qudt.org/vocab/unit/PERCENT>	"%"^^<http://www.w3.org/2001/XMLSchema#string>
<http://www.wikidata.org/entity/Q80700853>	"Hymenopus heteromorphus"^^<http://www.w3.org/2001/XMLSchema#string>	"Leaf nitrogen content"	"Leaf nitrogen content per dry mass (Nmass)"^^<http://www.w3.org/2001/XMLSchema#string>	1.38	<http://qudt.org/vocab/unit/PERCENT>	"%"^^<http://www.w3.org/2001/XMLSchema#string>
<http://www.wikidata.org/entity/Q80700853>	"Hymenopus heteromorphus"^^<http://www.w3.org/2001/XMLSchema#string>	"Leaf nitrogen content"	"Leaf nitrogen content per dry mass (Nmass)"^^<http://www.w3.org/2001/XMLSchema#string>	1.28	<http://qudt.org/vocab/unit/PERCENT>	"%"^^<http://www.w3.org/2001/XMLSchema#string>
<http://www.wikidata.org/entity/Q80700853>	"Hymenopus heteromorphus"^^<http://www.w3.org/2001/XMLSchema#string>	"Leaf phosphorus content"	"Leaf phosphorus content per dry mass (Pmass)"^^<http://www.w3.org/2001/XMLSchema#string>	0.05	<http://qudt.org/vocab/unit/PERCENT>	"%"^^<http://www.w3.org/2001/XMLSchema#string>
<http://www.wikidata.org/entity/Q80700853>	"Hymenopus heteromorphus"^^<http://www.w3.org/2001/XMLSchema#string>	"Leaf phosphorus content"	"Leaf phosphorus content per dry mass (Pmass)"^^<http://www.w3.org/2001/XMLSchema#string>	0.04	<http://qudt.org/vocab/unit/PERCENT>	"%"^^<http://www.w3.org/2001/XMLSchema#string>
<http://www.wikidata.org/entity/Q8142674>	"Capparis zeylanica"^^<http://www.w3.org/2001/XMLSchema#string>	"Leaf nitrogen content"	"Leaf nitrogen content per dry mass (Nmass)"^^<http://www.w3.org/2001/XMLSchema#string>	1.26	<http://qudt.org/vocab/unit/PERCENT>	"%"^^<http://www.w3.org/2001/XMLSchema#string>
<http://www.wikidata.org/entity/Q81671>	"Bertholletia excelsa"^^<http://www.w3.org/2001/XMLSchema#string>	"Specific leaf area"	"SLA: undefined if petiole in- or excluded"^^<http://www.w3.org/2001/XMLSchema#string>	17.54386	<http://qudt.org/vocab/unit/M2-PER-KiloGM>	"m2/kg"^^<http://www.w3.org/2001/XMLSchema#string>
<http://www.wikidata.org/entity/Q81671>	"Bertholletia excelsa"^^<http://www.w3.org/2001/XMLSchema#string>	"Specific leaf area"	"SLA: undefined if petiole in- or excluded"^^<http://www.w3.org/2001/XMLSchema#string>	11.90476	<http://qudt.org/vocab/unit/M2-PER-KiloGM>	"m2/kg"^^<http://www.w3.org/2001/XMLSchema#string>
<http://www.wikidata.org/entity/Q81671>	"Bertholletia excelsa"^^<http://www.w3.org/2001/XMLSchema#string>	"Specific leaf area"	"SLA: undefined if petiole in- or excluded"^^<http://www.w3.org/2001/XMLSchema#string>	12.34568	<http://qudt.org/vocab/unit/M2-PER-KiloGM>	"m2/kg"^^<http://www.w3.org/2001/XMLSchema#string>
<http://www.wikidata.org/entity/Q81671>	"Bertholletia excelsa"^^<http://www.w3.org/2001/XMLSchema#string>	"Specific leaf area"	"SLA: undefined if petiole in- or excluded"^^<http://www.w3.org/2001/XMLSchema#string>	13.51351	<http://qudt.org/vocab/unit/M2-PER-KiloGM>	"m2/kg"^^<http://www.w3.org/2001/XMLSchema#string>
<http://www.wikidata.org/entity/Q81671>	"Bertholletia excelsa"^^<http://www.w3.org/2001/XMLSchema#string>	"Specific leaf area"	"SLA: undefined if petiole in- or excluded"^^<http://www.w3.org/2001/XMLSchema#string>	13.88889	<http://qudt.org/vocab/unit/M2-PER-KiloGM>	"m2/kg"^^<http://www.w3.org/2001/XMLSchema#string>
<http://www.wikidata.org/entity/Q81671>	"Bertholletia excelsa"^^<http://www.w3.org/2001/XMLSchema#string>	"Specific leaf area"	"SLA: undefined if petiole in- or excluded"^^<http://www.w3.org/2001/XMLSchema#string>	15.38462	<http://qudt.org/vocab/unit/M2-PER-KiloGM>	"m2/kg"^^<http://www.w3.org/2001/XMLSchema#string>
<http://www.wikidata.org/entity/Q81671>	"Bertholletia excelsa"^^<http://www.w3.org/2001/XMLSchema#string>	"Specific leaf area"	"SLA: undefined if petiole in- or excluded"^^<http://www.w3.org/2001/XMLSchema#string>	15.87302	<http://qudt.org/vocab/unit/M2-PER-KiloGM>	"m2/kg"^^<http://www.w3.org/2001/XMLSchema#string>
<http://www.wikidata.org/entity/Q81671>	"Bertholletia excelsa"^^<http://www.w3.org/2001/XMLSchema#string>	"Specific leaf area"	"SLA: undefined if petiole in- or excluded"^^<http://www.w3.org/2001/XMLSchema#string>	16.94915	<http://qudt.org/vocab/unit/M2-PER-KiloGM>	"m2/kg"^^<http://www.w3.org/2001/XMLSchema#string>
<http://www.wikidata.org/entity/Q818481>	"Tanacetum parthenium"^^<http://www.w3.org/2001/XMLSchema#string>	"Leaf nitrogen content"	"Leaf nitrogen content per dry mass (Nmass)"^^<http://www.w3.org/2001/XMLSchema#string>	2.094	<http://qudt.org/vocab/unit/PERCENT>	"%"^^<http://www.w3.org/2001/XMLSchema#string>
<http://www.wikidata.org/entity/Q819212>	"Rumex alpestris"^^<http://www.w3.org/2001/XMLSchema#string>	"Specific leaf area"	"SLA: undefined if petiole in- or excluded"^^<http://www.w3.org/2001/XMLSchema#string>	361.7	<http://qudt.org/vocab/unit/CentiM2-PER-GM>	"SLA cm2/g"^^<http://www.w3.org/2001/XMLSchema#string>
<http://www.wikidata.org/entity/Q823016>	"Podocarpus nubigenus"^^<http://www.w3.org/2001/XMLSchema#string>	"Leaf nitrogen content"	"Leaf nitrogen content per dry mass (Nmass)"^^<http://www.w3.org/2001/XMLSchema#string>	0.75	<http://qudt.org/vocab/unit/PERCENT>	"%"^^<http://www.w3.org/2001/XMLSchema#string>
<http://www.wikidata.org/entity/Q831011>	"Stipa tenacissima"^^<http://www.w3.org/2001/XMLSchema#string>	"Leaf nitrogen content"	"Leaf nitrogen content per dry mass (Nmass)"^^<http://www.w3.org/2001/XMLSchema#string>	0.5809	<http://qudt.org/vocab/unit/PERCENT>	"%"^^<http://www.w3.org/2001/XMLSchema#string>
<http://www.wikidata.org/entity/Q83124>	"Manihot esculenta"^^<http://www.w3.org/2001/XMLSchema#string>	"Leaf nitrogen content"	"Leaf nitrogen content per dry mass (Nmass)"^^<http://www.w3.org/2001/XMLSchema#string>	4.03	<http://qudt.org/vocab/unit/PERCENT>	"%"^^<http://www.w3.org/2001/XMLSchema#string>
<http://www.wikidata.org/entity/Q83124>	"Manihot esculenta"^^<http://www.w3.org/2001/XMLSchema#string>	"Leaf nitrogen content"	"Leaf nitrogen content per dry mass (Nmass)"^^<http://www.w3.org/2001/XMLSchema#string>	3.8	<http://qudt.org/vocab/unit/PERCENT>	"%"^^<http://www.w3.org/2001/XMLSchema#string>
<http://www.wikidata.org/entity/Q83124>	"Manihot esculenta"^^<http://www.w3.org/2001/XMLSchema#string>	"Leaf nitrogen content"	"Leaf nitrogen content per dry mass (Nmass)"^^<http://www.w3.org/2001/XMLSchema#string>	3.9	<http://qudt.org/vocab/unit/PERCENT>	"%"^^<http://www.w3.org/2001/XMLSchema#string>
<http://www.wikidata.org/entity/Q83124>	"Manihot esculenta"^^<http://www.w3.org/2001/XMLSchema#string>	"Leaf nitrogen content"	"Leaf nitrogen content per dry mass (Nmass)"^^<http://www.w3.org/2001/XMLSchema#string>	3.98	<http://qudt.org/vocab/unit/PERCENT>	"%"^^<http://www.w3.org/2001/XMLSchema#string>
<http://www.wikidata.org/entity/Q83124>	"Manihot esculenta"^^<http://www.w3.org/2001/XMLSchema#string>	"Leaf nitrogen content"	"Leaf nitrogen content per dry mass (Nmass)"^^<http://www.w3.org/2001/XMLSchema#string>	4.0	<http://qudt.org/vocab/unit/PERCENT>	"%"^^<http://www.w3.org/2001/XMLSchema#string>
<http://www.wikidata.org/entity/Q83124>	"Manihot esculenta"^^<http://www.w3.org/2001/XMLSchema#string>	"Leaf nitrogen content"	"Leaf nitrogen content per dry mass (Nmass)"^^<http://www.w3.org/2001/XMLSchema#string>	4.16	<http://qudt.org/vocab/unit/PERCENT>	"%"^^<http://www.w3.org/2001/XMLSchema#string>
<http://www.wikidata.org/entity/Q83124>	"Manihot esculenta"^^<http://www.w3.org/2001/XMLSchema#string>	"Leaf nitrogen content"	"Leaf nitrogen content per dry mass (Nmass)"^^<http://www.w3.org/2001/XMLSchema#string>	4.43	<http://qudt.org/vocab/unit/PERCENT>	"%"^^<http://www.w3.org/2001/XMLSchema#string>
<http://www.wikidata.org/entity/Q83124>	"Manihot esculenta"^^<http://www.w3.org/2001/XMLSchema#string>	"Leaf phosphorus content"	"Leaf phosphorus content per dry mass (Pmass)"^^<http://www.w3.org/2001/XMLSchema#string>	0.25	<http://qudt.org/vocab/unit/PERCENT>	"%"^^<http://www.w3.org/2001/XMLSchema#string>
<http://www.wikidata.org/entity/Q837410>	"Pinus rigida"^^<http://www.w3.org/2001/XMLSchema#string>	"Leaf nitrogen content"	"Leaf nitrogen content per dry mass (Nmass)"^^<http://www.w3.org/2001/XMLSchema#string>	1.16	<http://qudt.org/vocab/unit/PERCENT>	"%"^^<http://www.w3.org/2001/XMLSchema#string>
<http://www.wikidata.org/entity/Q840341>	"Bauhinia variegata"^^<http://www.w3.org/2001/XMLSchema#string>	"Leaf nitrogen content"	"Leaf nitrogen content per dry mass (Nmass)"^^<http://www.w3.org/2001/XMLSchema#string>	3.01	<http://qudt.org/vocab/unit/PERCENT>	"%"^^<http://www.w3.org/2001/XMLSchema#string>
<http://www.wikidata.org/entity/Q844306>	"Ilex rotunda"^^<http://www.w3.org/2001/XMLSchema#string>	"Specific leaf area"	"SLA: undefined if petiole in- or excluded"^^<http://www.w3.org/2001/XMLSchema#string>	97.0	<http://qudt.org/vocab/unit/CentiM2-PER-GM>	"SLA cm2/g"^^<http://www.w3.org/2001/XMLSchema#string>
<http://www.wikidata.org/entity/Q8463551>	"Correa reflexa"^^<http://www.w3.org/2001/XMLSchema#string>	"Leaf phosphorus content"	"Leaf phosphorus content per dry mass (Pmass)"^^<http://www.w3.org/2001/XMLSchema#string>	0.047	<http://qudt.org/vocab/unit/PERCENT>	"%"^^<http://www.w3.org/2001/XMLSchema#string>
<http://www.wikidata.org/entity/Q847209>	"Quercus serrata"^^<http://www.w3.org/2001/XMLSchema#string>	"Leaf nitrogen content"	"Leaf nitrogen content per dry mass (Nmass)"^^<http://www.w3.org/2001/XMLSchema#string>	1.98	<http://qudt.org/vocab/unit/PERCENT>	"%"^^<http://www.w3.org/2001/XMLSchema#string>
<http://www.wikidata.org/entity/Q847209>	"Quercus serrata"^^<http://www.w3.org/2001/XMLSchema#string>	"Specific leaf area"	"SLA: undefined if petiole in- or excluded"^^<http://www.w3.org/2001/XMLSchema#string>	192.6782	<http://qudt.org/vocab/unit/CentiM2-PER-GM>	"SLA cm2/g"^^<http://www.w3.org/2001/XMLSchema#string>
<http://www.wikidata.org/entity/Q849890>	"Prenanthes purpurea"^^<http://www.w3.org/2001/XMLSchema#string>	"Leaf nitrogen content"	"Leaf nitrogen content per dry mass (Nmass)"^^<http://www.w3.org/2001/XMLSchema#string>	2.566544	<http://qudt.org/vocab/unit/PERCENT>	"%"^^<http://www.w3.org/2001/XMLSchema#string>
<http://www.wikidata.org/entity/Q849890>	"Prenanthes purpurea"^^<http://www.w3.org/2001/XMLSchema#string>	"Leaf nitrogen content"	"Leaf nitrogen content per dry mass (Nmass)"^^<http://www.w3.org/2001/XMLSchema#string>	2.640364	<http://qudt.org/vocab/unit/PERCENT>	"%"^^<http://www.w3.org/2001/XMLSchema#string>
<http://www.wikidata.org/entity/Q853914>	"Rhizophora mangle"^^<http://www.w3.org/2001/XMLSchema#string>	"Leaf nitrogen content"	"Leaf nitrogen content per dry mass (Nmass)"^^<http://www.w3.org/2001/XMLSchema#string>	1.21	<http://qudt.org/vocab/unit/PERCENT>	"%"^^<http://www.w3.org/2001/XMLSchema#string>
<http://www.wikidata.org/entity/Q853914>	"Rhizophora mangle"^^<http://www.w3.org/2001/XMLSchema#string>	"Leaf phosphorus content"	"Leaf phosphorus content per dry mass (Pmass)"^^<http://www.w3.org/2001/XMLSchema#string>	0.03	<http://qudt.org/vocab/unit/PERCENT>	"%"^^<http://www.w3.org/2001/XMLSchema#string>
<http://www.wikidata.org/entity/Q854714>	"Quercus coccinea"^^<http://www.w3.org/2001/XMLSchema#string>	"Leaf nitrogen content"	"Leaf nitrogen content per dry mass (Nmass)"^^<http://www.w3.org/2001/XMLSchema#string>	1.73	<http://qudt.org/vocab/unit/PERCENT>	"%"^^<http://www.w3.org/2001/XMLSchema#string>
<http://www.wikidata.org/entity/Q854941>	"Cardamine enneaphyllos"^^<http://www.w3.org/2001/XMLSchema#string>	"Leaf nitrogen content"	"Leaf nitrogen content per dry mass (Nmass)"^^<http://www.w3.org/2001/XMLSchema#string>	3.32	<http://qudt.org/vocab/unit/PERCENT>	"%"^^<http://www.w3.org/2001/XMLSchema#string>
<http://www.wikidata.org/entity/Q879016>	"Carya cordiformis"^^<http://www.w3.org/2001/XMLSchema#string>	"Leaf nitrogen content"	"Leaf nitrogen content per dry mass (Nmass)"^^<http://www.w3.org/2001/XMLSchema#string>	2.6	<http://qudt.org/vocab/unit/PERCENT>	"%"^^<http://www.w3.org/2001/XMLSchema#string>
<http://www.wikidata.org/entity/Q899686>	"Quercus pyrenaica"^^<http://www.w3.org/2001/XMLSchema#string>	"Leaf phosphorus content"	"Leaf phosphorus content per dry mass (Pmass)"^^<http://www.w3.org/2001/XMLSchema#string>	0.16	<http://qudt.org/vocab/unit/PERCENT>	"%"^^<http://www.w3.org/2001/XMLSchema#string>
<http://www.wikidata.org/entity/Q90424092>	"Bidens lanceolata"^^<http://www.w3.org/2001/XMLSchema#string>	"Leaf nitrogen content"	"Leaf nitrogen content per dry mass (Nmass)"^^<http://www.w3.org/2001/XMLSchema#string>	35.68265	<http://qudt.org/vocab/unit/MilliGM-PER-GM>	"mg/g"^^<http://www.w3.org/2001/XMLSchema#string>
<http://www.wikidata.org/entity/Q90424092>	"Bidens lanceolata"^^<http://www.w3.org/2001/XMLSchema#string>	"Specific leaf area"	"SLA: petiole  excluded"^^<http://www.w3.org/2001/XMLSchema#string>	311.2	<http://qudt.org/vocab/unit/CentiM2-PER-GM>	"cm2/g"^^<http://www.w3.org/2001/XMLSchema#string>
<http://www.wikidata.org/entity/Q9050235>	"Niphidium crassifolium"^^<http://www.w3.org/2001/XMLSchema#string>	"Leaf nitrogen content"	"Leaf nitrogen content per dry mass (Nmass)"^^<http://www.w3.org/2001/XMLSchema#string>	0.98	<http://qudt.org/vocab/unit/PERCENT>	"%"^^<http://www.w3.org/2001/XMLSchema#string>
<http://www.wikidata.org/entity/Q9050235>	"Niphidium crassifolium"^^<http://www.w3.org/2001/XMLSchema#string>	"Leaf nitrogen content"	"Leaf nitrogen content per dry mass (Nmass)"^^<http://www.w3.org/2001/XMLSchema#string>	1.09	<http://qudt.org/vocab/unit/PERCENT>	"%"^^<http://www.w3.org/2001/XMLSchema#string>
<http://www.wikidata.org/entity/Q905980>	"Laserpitium latifolium"^^<http://www.w3.org/2001/XMLSchema#string>	"Leaf nitrogen content"	"Leaf nitrogen content per dry mass (Nmass)"^^<http://www.w3.org/2001/XMLSchema#string>	2.074279	<http://qudt.org/vocab/unit/PERCENT>	"%"^^<http://www.w3.org/2001/XMLSchema#string>
<http://www.wikidata.org/entity/Q90611496>	"Terminalia anogeissiana"^^<http://www.w3.org/2001/XMLSchema#string>	"Leaf nitrogen content"	"Leaf nitrogen content per dry mass (Nmass)"^^<http://www.w3.org/2001/XMLSchema#string>	1.44	<http://qudt.org/vocab/unit/PERCENT>	"%"^^<http://www.w3.org/2001/XMLSchema#string>
<http://www.wikidata.org/entity/Q9094284>	"Viola jaubertiana"^^<http://www.w3.org/2001/XMLSchema#string>	"Leaf nitrogen content"	"Leaf nitrogen content per dry mass (Nmass)"^^<http://www.w3.org/2001/XMLSchema#string>	3.65	<http://qudt.org/vocab/unit/PERCENT>	"%"^^<http://www.w3.org/2001/XMLSchema#string>
<http://www.wikidata.org/entity/Q909828>	"Shorea robusta"^^<http://www.w3.org/2001/XMLSchema#string>	"Leaf nitrogen content"	"Leaf nitrogen content per dry mass (Nmass)"^^<http://www.w3.org/2001/XMLSchema#string>	1.82	<http://qudt.org/vocab/unit/PERCENT>	"%"^^<http://www.w3.org/2001/XMLSchema#string>
<http://www.wikidata.org/entity/Q909828>	"Shorea robusta"^^<http://www.w3.org/2001/XMLSchema#string>	"Leaf nitrogen content"	"Leaf nitrogen content per dry mass (Nmass)"^^<http://www.w3.org/2001/XMLSchema#string>	1.97	<http://qudt.org/vocab/unit/PERCENT>	"%"^^<http://www.w3.org/2001/XMLSchema#string>
<http://www.wikidata.org/entity/Q909828>	"Shorea robusta"^^<http://www.w3.org/2001/XMLSchema#string>	"Leaf nitrogen content"	"Leaf nitrogen content per dry mass (Nmass)"^^<http://www.w3.org/2001/XMLSchema#string>	2.14	<http://qudt.org/vocab/unit/PERCENT>	"%"^^<http://www.w3.org/2001/XMLSchema#string>
<http://www.wikidata.org/entity/Q910419>	"Styrax japonicus"^^<http://www.w3.org/2001/XMLSchema#string>	"Leaf nitrogen content"	"Leaf nitrogen content per dry mass (Nmass)"^^<http://www.w3.org/2001/XMLSchema#string>	2.29	<http://qudt.org/vocab/unit/PERCENT>	"%"^^<http://www.w3.org/2001/XMLSchema#string>
<http://www.wikidata.org/entity/Q910419>	"Styrax japonicus"^^<http://www.w3.org/2001/XMLSchema#string>	"Specific leaf area"	"SLA: undefined if petiole in- or excluded"^^<http://www.w3.org/2001/XMLSchema#string>	386.9969	<http://qudt.org/vocab/unit/CentiM2-PER-GM>	"SLA cm2/g"^^<http://www.w3.org/2001/XMLSchema#string>
<http://www.wikidata.org/entity/Q91475212>	"Sporobolus aculeatus"^^<http://www.w3.org/2001/XMLSchema#string>	"Leaf phosphorus content"	"Leaf phosphorus content per dry mass (Pmass)"^^<http://www.w3.org/2001/XMLSchema#string>	3.57	<http://qudt.org/vocab/unit/MilliGM-PER-GM>	"mg/g"^^<http://www.w3.org/2001/XMLSchema#string>
<http://www.wikidata.org/entity/Q91569094>	"Codonanthopsis macradenia"^^<http://www.w3.org/2001/XMLSchema#string>	"Leaf nitrogen content"	"Leaf nitrogen content per dry mass (Nmass)"^^<http://www.w3.org/2001/XMLSchema#string>	1.05	<http://qudt.org/vocab/unit/PERCENT>	"%"^^<http://www.w3.org/2001/XMLSchema#string>
<http://www.wikidata.org/entity/Q917187>	"Chamaecyparis obtusa"^^<http://www.w3.org/2001/XMLSchema#string>	"Leaf nitrogen content"	"Leaf nitrogen content per dry mass (Nmass)"^^<http://www.w3.org/2001/XMLSchema#string>	1.37	<http://qudt.org/vocab/unit/PERCENT>	"%"^^<http://www.w3.org/2001/XMLSchema#string>
<http://www.wikidata.org/entity/Q917187>	"Chamaecyparis obtusa"^^<http://www.w3.org/2001/XMLSchema#string>	"Leaf phosphorus content"	"Leaf phosphorus content per dry mass (Pmass)"^^<http://www.w3.org/2001/XMLSchema#string>	0.12	<http://qudt.org/vocab/unit/PERCENT>	"%"^^<http://www.w3.org/2001/XMLSchema#string>
<http://www.wikidata.org/entity/Q9191357>	"Chrysophyllum amazonicum"^^<http://www.w3.org/2001/XMLSchema#string>	"Leaf nitrogen content"	"Leaf nitrogen content per dry mass (Nmass)"^^<http://www.w3.org/2001/XMLSchema#string>	1.87	<http://qudt.org/vocab/unit/PERCENT>	"%"^^<http://www.w3.org/2001/XMLSchema#string>
<http://www.wikidata.org/entity/Q923204>	"Persea lingue"^^<http://www.w3.org/2001/XMLSchema#string>	"Leaf nitrogen content"	"Leaf nitrogen content per dry mass (Nmass)"^^<http://www.w3.org/2001/XMLSchema#string>	1.01	<http://qudt.org/vocab/unit/PERCENT>	"%"^^<http://www.w3.org/2001/XMLSchema#string>
<http://www.wikidata.org/entity/Q926249>	"Cornus controversa"^^<http://www.w3.org/2001/XMLSchema#string>	"Leaf nitrogen content"	"Leaf nitrogen content per dry mass (Nmass)"^^<http://www.w3.org/2001/XMLSchema#string>	1.61	<http://qudt.org/vocab/unit/PERCENT>	"%"^^<http://www.w3.org/2001/XMLSchema#string>
<http://www.wikidata.org/entity/Q926249>	"Cornus controversa"^^<http://www.w3.org/2001/XMLSchema#string>	"Specific leaf area"	"SLA: undefined if petiole in- or excluded"^^<http://www.w3.org/2001/XMLSchema#string>	311.2356	<http://qudt.org/vocab/unit/CentiM2-PER-GM>	"SLA cm2/g"^^<http://www.w3.org/2001/XMLSchema#string>
<http://www.wikidata.org/entity/Q9311819>	"Cerastium fontanum"^^<http://www.w3.org/2001/XMLSchema#string>	"Leaf phosphorus content"	"Leaf phosphorus content per dry mass (Pmass)"^^<http://www.w3.org/2001/XMLSchema#string>	0.45	<http://qudt.org/vocab/unit/PERCENT>	"%"^^<http://www.w3.org/2001/XMLSchema#string>
<http://www.wikidata.org/entity/Q9311819>	"Cerastium fontanum"^^<http://www.w3.org/2001/XMLSchema#string>	"Specific leaf area"	"SLA: undefined if petiole in- or excluded"^^<http://www.w3.org/2001/XMLSchema#string>	251.0	<http://qudt.org/vocab/unit/CentiM2-PER-GM>	"SLA cm2/g"^^<http://www.w3.org/2001/XMLSchema#string>
<http://www.wikidata.org/entity/Q936202>	"Cedrela fissilis"^^<http://www.w3.org/2001/XMLSchema#string>	"Leaf nitrogen content"	"Leaf nitrogen content per dry mass (Nmass)"^^<http://www.w3.org/2001/XMLSchema#string>	3.2	<http://qudt.org/vocab/unit/PERCENT>	"%"^^<http://www.w3.org/2001/XMLSchema#string>
<http://www.wikidata.org/entity/Q936498>	"Abies amabilis"^^<http://www.w3.org/2001/XMLSchema#string>	"Leaf nitrogen content"	"Leaf nitrogen content per dry mass (Nmass)"^^<http://www.w3.org/2001/XMLSchema#string>	0.96	<http://qudt.org/vocab/unit/PERCENT>	"%"^^<http://www.w3.org/2001/XMLSchema#string>
<http://www.wikidata.org/entity/Q936498>	"Abies amabilis"^^<http://www.w3.org/2001/XMLSchema#string>	"Leaf nitrogen content"	"Leaf nitrogen content per dry mass (Nmass)"^^<http://www.w3.org/2001/XMLSchema#string>	0.94	<http://qudt.org/vocab/unit/PERCENT>	"%"^^<http://www.w3.org/2001/XMLSchema#string>
<http://www.wikidata.org/entity/Q936498>	"Abies amabilis"^^<http://www.w3.org/2001/XMLSchema#string>	"Leaf phosphorus content"	"Leaf phosphorus content per dry mass (Pmass)"^^<http://www.w3.org/2001/XMLSchema#string>	1200.0	<http://qudt.org/vocab/unit/PPM>	"ppm"^^<http://www.w3.org/2001/XMLSchema#string>
<http://www.wikidata.org/entity/Q936888>	"Pinus aristata"^^<http://www.w3.org/2001/XMLSchema#string>	"Leaf nitrogen content"	"Leaf nitrogen content per dry mass (Nmass)"^^<http://www.w3.org/2001/XMLSchema#string>	0.85	<http://qudt.org/vocab/unit/PERCENT>	"%"^^<http://www.w3.org/2001/XMLSchema#string>
<http://www.wikidata.org/entity/Q9395416>	"Spondias pinnata"^^<http://www.w3.org/2001/XMLSchema#string>	"Leaf nitrogen content"	"Leaf nitrogen content per dry mass (Nmass)"^^<http://www.w3.org/2001/XMLSchema#string>	1.76	<http://qudt.org/vocab/unit/PERCENT>	"%"^^<http://www.w3.org/2001/XMLSchema#string>
<http://www.wikidata.org/entity/Q942203>	"Butea monosperma"^^<http://www.w3.org/2001/XMLSchema#string>	"Leaf nitrogen content"	"Leaf nitrogen content per dry mass (Nmass)"^^<http://www.w3.org/2001/XMLSchema#string>	2.54	<http://qudt.org/vocab/unit/PERCENT>	"%"^^<http://www.w3.org/2001/XMLSchema#string>
<http://www.wikidata.org/entity/Q947016>	"Brachychiton populneus"^^<http://www.w3.org/2001/XMLSchema#string>	"Leaf nitrogen content"	"Leaf nitrogen content per dry mass (Nmass)"^^<http://www.w3.org/2001/XMLSchema#string>	1.78986	<http://qudt.org/vocab/unit/PERCENT>	"%"^^<http://www.w3.org/2001/XMLSchema#string>
<http://www.wikidata.org/entity/Q947016>	"Brachychiton populneus"^^<http://www.w3.org/2001/XMLSchema#string>	"Leaf nitrogen content"	"Leaf nitrogen content per dry mass (Nmass)"^^<http://www.w3.org/2001/XMLSchema#string>	1.545826	<http://qudt.org/vocab/unit/PERCENT>	"%"^^<http://www.w3.org/2001/XMLSchema#string>
<http://www.wikidata.org/entity/Q950247>	"Pyrola minor"^^<http://www.w3.org/2001/XMLSchema#string>	"Specific leaf area"	"SLA: undefined if petiole in- or excluded"^^<http://www.w3.org/2001/XMLSchema#string>	193.3	<http://qudt.org/vocab/unit/CentiM2-PER-GM>	"SLA cm2/g"^^<http://www.w3.org/2001/XMLSchema#string>
<http://www.wikidata.org/entity/Q9561322>	"Mimusops coriacea"^^<http://www.w3.org/2001/XMLSchema#string>	"Leaf nitrogen content"	"Leaf nitrogen content per dry mass (Nmass)"^^<http://www.w3.org/2001/XMLSchema#string>	1.62	<http://qudt.org/vocab/unit/PERCENT>	"%"^^<http://www.w3.org/2001/XMLSchema#string>
<http://www.wikidata.org/entity/Q9563468>	"Acacia colletioides"^^<http://www.w3.org/2001/XMLSchema#string>	"Leaf phosphorus content"	"Leaf phosphorus content per dry mass (Pmass)"^^<http://www.w3.org/2001/XMLSchema#string>	0.048	<http://qudt.org/vocab/unit/PERCENT>	"%"^^<http://www.w3.org/2001/XMLSchema#string>
<http://www.wikidata.org/entity/Q9564118>	"Acacia dimidiata"^^<http://www.w3.org/2001/XMLSchema#string>	"Leaf nitrogen content"	"Leaf nitrogen content per dry mass (Nmass)"^^<http://www.w3.org/2001/XMLSchema#string>	2.156	<http://qudt.org/vocab/unit/PERCENT>	"%"^^<http://www.w3.org/2001/XMLSchema#string>
<http://www.wikidata.org/entity/Q957624>	"Banksia marginata"^^<http://www.w3.org/2001/XMLSchema#string>	"Leaf nitrogen content"	"Leaf nitrogen content per dry mass (Nmass)"^^<http://www.w3.org/2001/XMLSchema#string>	0.63	<http://qudt.org/vocab/unit/PERCENT>	"%"^^<http://www.w3.org/2001/XMLSchema#string>
<http://www.wikidata.org/entity/Q958823>	"Angelica sylvestris"^^<http://www.w3.org/2001/XMLSchema#string>	"Specific leaf area"	"SLA: undefined if petiole in- or excluded"^^<http://www.w3.org/2001/XMLSchema#string>	333.9696	<http://qudt.org/vocab/unit/CentiM2-PER-GM>	"SLA cm2/g"^^<http://www.w3.org/2001/XMLSchema#string>
<http://www.wikidata.org/entity/Q965954>	"Larrea tridentata"^^<http://www.w3.org/2001/XMLSchema#string>	"Leaf nitrogen content"	"Leaf nitrogen content per dry mass (Nmass)"^^<http://www.w3.org/2001/XMLSchema#string>	2.38	<http://qudt.org/vocab/unit/PERCENT>	"%"^^<http://www.w3.org/2001/XMLSchema#string>
<http://www.wikidata.org/entity/Q965954>	"Larrea tridentata"^^<http://www.w3.org/2001/XMLSchema#string>	"Leaf nitrogen content"	"Leaf nitrogen content per dry mass (Nmass)"^^<http://www.w3.org/2001/XMLSchema#string>	2.76	<http://qudt.org/vocab/unit/PERCENT>	"%"^^<http://www.w3.org/2001/XMLSchema#string>
<http://www.wikidata.org/entity/Q965954>	"Larrea tridentata"^^<http://www.w3.org/2001/XMLSchema#string>	"Leaf nitrogen content"	"Leaf nitrogen content per dry mass (Nmass)"^^<http://www.w3.org/2001/XMLSchema#string>	1.82	<http://qudt.org/vocab/unit/PERCENT>	"%"^^<http://www.w3.org/2001/XMLSchema#string>
<http://www.wikidata.org/entity/Q965954>	"Larrea tridentata"^^<http://www.w3.org/2001/XMLSchema#string>	"Leaf nitrogen content"	"Leaf nitrogen content per dry mass (Nmass)"^^<http://www.w3.org/2001/XMLSchema#string>	2.2	<http://qudt.org/vocab/unit/PERCENT>	"%"^^<http://www.w3.org/2001/XMLSchema#string>
<http://www.wikidata.org/entity/Q965954>	"Larrea tridentata"^^<http://www.w3.org/2001/XMLSchema#string>	"Leaf nitrogen content"	"Leaf nitrogen content per dry mass (Nmass)"^^<http://www.w3.org/2001/XMLSchema#string>	2.06	<http://qudt.org/vocab/unit/PERCENT>	"%"^^<http://www.w3.org/2001/XMLSchema#string>
<http://www.wikidata.org/entity/Q965954>	"Larrea tridentata"^^<http://www.w3.org/2001/XMLSchema#string>	"Leaf nitrogen content"	"Leaf nitrogen content per dry mass (Nmass)"^^<http://www.w3.org/2001/XMLSchema#string>	2.0	<http://qudt.org/vocab/unit/PERCENT>	"%"^^<http://www.w3.org/2001/XMLSchema#string>
<http://www.wikidata.org/entity/Q965954>	"Larrea tridentata"^^<http://www.w3.org/2001/XMLSchema#string>	"Leaf nitrogen content"	"Leaf nitrogen content per dry mass (Nmass)"^^<http://www.w3.org/2001/XMLSchema#string>	1.97	<http://qudt.org/vocab/unit/PERCENT>	"%"^^<http://www.w3.org/2001/XMLSchema#string>
<http://www.wikidata.org/entity/Q965954>	"Larrea tridentata"^^<http://www.w3.org/2001/XMLSchema#string>	"Leaf nitrogen content"	"Leaf nitrogen content per dry mass (Nmass)"^^<http://www.w3.org/2001/XMLSchema#string>	1.96	<http://qudt.org/vocab/unit/PERCENT>	"%"^^<http://www.w3.org/2001/XMLSchema#string>
<http://www.wikidata.org/entity/Q965954>	"Larrea tridentata"^^<http://www.w3.org/2001/XMLSchema#string>	"Leaf nitrogen content"	"Leaf nitrogen content per dry mass (Nmass)"^^<http://www.w3.org/2001/XMLSchema#string>	1.86	<http://qudt.org/vocab/unit/PERCENT>	"%"^^<http://www.w3.org/2001/XMLSchema#string>
<http://www.wikidata.org/entity/Q965954>	"Larrea tridentata"^^<http://www.w3.org/2001/XMLSchema#string>	"Leaf nitrogen content"	"Leaf nitrogen content per dry mass (Nmass)"^^<http://www.w3.org/2001/XMLSchema#string>	1.85	<http://qudt.org/vocab/unit/PERCENT>	"%"^^<http://www.w3.org/2001/XMLSchema#string>
<http://www.wikidata.org/entity/Q968658>	"Hieracium umbellatum"^^<http://www.w3.org/2001/XMLSchema#string>	"Leaf nitrogen content"	"Leaf nitrogen content per dry mass (Nmass)"^^<http://www.w3.org/2001/XMLSchema#string>	23.8	<http://qudt.org/vocab/unit/MilliGM-PER-GM>	"(mg g-1)"^^<http://www.w3.org/2001/XMLSchema#string>
<http://www.wikidata.org/entity/Q968658>	"Hieracium umbellatum"^^<http://www.w3.org/2001/XMLSchema#string>	"Specific leaf area"	"SLA: undefined if petiole in- or excluded"^^<http://www.w3.org/2001/XMLSchema#string>	237.0	<http://qudt.org/vocab/unit/CentiM2-PER-GM>	"SLA cm2/g"^^<http://www.w3.org/2001/XMLSchema#string>
<http://www.wikidata.org/entity/Q978755>	"Abies lasiocarpa"^^<http://www.w3.org/2001/XMLSchema#string>	"Leaf nitrogen content"	"Leaf nitrogen content per dry mass (Nmass)"^^<http://www.w3.org/2001/XMLSchema#string>	1.46	<http://qudt.org/vocab/unit/PERCENT>	"%"^^<http://www.w3.org/2001/XMLSchema#string>
<http://www.wikidata.org/entity/Q978755>	"Abies lasiocarpa"^^<http://www.w3.org/2001/XMLSchema#string>	"Leaf nitrogen content"	"Leaf nitrogen content per dry mass (Nmass)"^^<http://www.w3.org/2001/XMLSchema#string>	1.32	<http://qudt.org/vocab/unit/PERCENT>	"%"^^<http://www.w3.org/2001/XMLSchema#string>
