?structure_inchikey	?wd_chem	?source_wdx	?sourceName
"AANMVENRNJYEMK-UHFFFAOYSA-N"	<http://www.wikidata.org/entity/Q21099100>	<http://www.wikidata.org/entity/Q162822>	"Eucalyptus camaldulensis"^^<http://www.w3.org/2001/XMLSchema#string>
"AAPGEKMDLXBUBL-ZGNLYJAISA-N"	<http://www.wikidata.org/entity/Q104908267>	<http://www.wikidata.org/entity/Q147388>	"Cryptomeria japonica"^^<http://www.w3.org/2001/XMLSchema#string>
"AAZCYGRPIATBDB-CPLUKWAASA-N"	<http://www.wikidata.org/entity/Q125028436>	<http://www.wikidata.org/entity/Q15388741>	"Ceriops decandra"^^<http://www.w3.org/2001/XMLSchema#string>
"AAZCYGRPIATBDB-YKCBXCCJSA-N"	<http://www.wikidata.org/entity/Q125028432>	<http://www.wikidata.org/entity/Q15388741>	"Ceriops decandra"^^<http://www.w3.org/2001/XMLSchema#string>
"ABSPRNADVQNDOU-UHFFFAOYSA-N"	<http://www.wikidata.org/entity/Q82040339>	<http://www.wikidata.org/entity/Q3266951>	"Handroanthus impetiginosus"^^<http://www.w3.org/2001/XMLSchema#string>
"ACWNTJJUZAIOLW-BWXYOZBYSA-N"	<http://www.wikidata.org/entity/Q104909346>	<http://www.wikidata.org/entity/Q162822>	"Eucalyptus camaldulensis"^^<http://www.w3.org/2001/XMLSchema#string>
"ACXQJXRUXSASPM-CRCWOVDESA-N"	<http://www.wikidata.org/entity/Q104909372>	<http://www.wikidata.org/entity/Q3274110>	"Nageia nagi"^^<http://www.w3.org/2001/XMLSchema#string>
"ADDGUHVEJPNWQZ-UHFFFAOYSA-N"	<http://www.wikidata.org/entity/Q110077485>	<http://www.wikidata.org/entity/Q2065540>	"Taxus brevifolia"^^<http://www.w3.org/2001/XMLSchema#string>
"ADIDQIZBYUABQK-RWMBFGLXSA-N"	<http://www.wikidata.org/entity/Q5613309>	<http://www.wikidata.org/entity/Q147388>	"Cryptomeria japonica"^^<http://www.w3.org/2001/XMLSchema#string>
"ADNADZOSMJDVIS-UHFFFAOYSA-N"	<http://www.wikidata.org/entity/Q27272766>	<http://www.wikidata.org/entity/Q162822>	"Eucalyptus camaldulensis"^^<http://www.w3.org/2001/XMLSchema#string>
"AEGWYWSJGKOLGB-UHFFFAOYSA-N"	<http://www.wikidata.org/entity/Q104910062>	<http://www.wikidata.org/entity/Q3274110>	"Nageia nagi"^^<http://www.w3.org/2001/XMLSchema#string>
"AEGWYWSJGKOLGB-ZLNDBNLZSA-N"	<http://www.wikidata.org/entity/Q83043713>	<http://www.wikidata.org/entity/Q3274110>	"Nageia nagi"^^<http://www.w3.org/2001/XMLSchema#string>
"AEVLWICMAHGAMS-UHFFFAOYSA-N"	<http://www.wikidata.org/entity/Q27285352>	<http://www.wikidata.org/entity/Q162822>	"Eucalyptus camaldulensis"^^<http://www.w3.org/2001/XMLSchema#string>
"AEXMKKGTQYQZCS-UHFFFAOYSA-N"	<http://www.wikidata.org/entity/Q2815978>	<http://www.wikidata.org/entity/Q147388>	"Cryptomeria japonica"^^<http://www.w3.org/2001/XMLSchema#string>
"AFFCSQROTFZBBI-VKDGGWMYSA-N"	<http://www.wikidata.org/entity/Q104911115>	<http://www.wikidata.org/entity/Q909828>	"Shorea robusta"^^<http://www.w3.org/2001/XMLSchema#string>
"AFRLMSOCDMQZOR-HIFRSBDPSA-N"	<http://www.wikidata.org/entity/Q104911437>	<http://www.wikidata.org/entity/Q33482>	"Platycladus orientalis"^^<http://www.w3.org/2001/XMLSchema#string>
"AFRLMSOCDMQZOR-ZFWWWQNUSA-N"	<http://www.wikidata.org/entity/Q104911440>	<http://www.wikidata.org/entity/Q33482>	"Platycladus orientalis"^^<http://www.w3.org/2001/XMLSchema#string>
"AFSDNFLWKVMVRB-UHFFFAOYSA-N"	<http://www.wikidata.org/entity/Q422044>	<http://www.wikidata.org/entity/Q161360>	"Chamaecyparis lawsoniana"^^<http://www.w3.org/2001/XMLSchema#string>
"AFSDNFLWKVMVRB-UHFFFAOYSA-N"	<http://www.wikidata.org/entity/Q422044>	<http://www.wikidata.org/entity/Q162822>	"Eucalyptus camaldulensis"^^<http://www.w3.org/2001/XMLSchema#string>
"AFSDNFLWKVMVRB-UHFFFAOYSA-N"	<http://www.wikidata.org/entity/Q422044>	<http://www.wikidata.org/entity/Q2998198>	"Corymbia calophylla"^^<http://www.w3.org/2001/XMLSchema#string>
"AGYZDIXPIMYUJW-NJZAAPMLSA-N"	<http://www.wikidata.org/entity/Q104912105>	<http://www.wikidata.org/entity/Q147388>	"Cryptomeria japonica"^^<http://www.w3.org/2001/XMLSchema#string>
"AHKVSCVAMJQCBQ-HSZRJFAPSA-N"	<http://www.wikidata.org/entity/Q104912303>	<http://www.wikidata.org/entity/Q482510>	"Eucalyptus grandis"^^<http://www.w3.org/2001/XMLSchema#string>
"AHKVSCVAMJQCBQ-UHFFFAOYSA-N"	<http://www.wikidata.org/entity/Q104912304>	<http://www.wikidata.org/entity/Q482510>	"Eucalyptus grandis"^^<http://www.w3.org/2001/XMLSchema#string>
"AHLYGBUCWDHKBC-XYZCENFISA-N"	<http://www.wikidata.org/entity/Q27135845>	<http://www.wikidata.org/entity/Q83170>	"Dalbergia melanoxylon"^^<http://www.w3.org/2001/XMLSchema#string>
"AHTRGGWSBFOEEG-HFLHEASMSA-N"	<http://www.wikidata.org/entity/Q104394417>	<http://www.wikidata.org/entity/Q156907>	"Fraxinus excelsior"^^<http://www.w3.org/2001/XMLSchema#string>
"AHTRGGWSBFOEEG-UHFFFAOYSA-N"	<http://www.wikidata.org/entity/Q104252922>	<http://www.wikidata.org/entity/Q156907>	"Fraxinus excelsior"^^<http://www.w3.org/2001/XMLSchema#string>
"AIQSGHBQRRSBCN-STQMWFEESA-N"	<http://www.wikidata.org/entity/Q27278857>	<http://www.wikidata.org/entity/Q234126>	"Aegle marmelos"^^<http://www.w3.org/2001/XMLSchema#string>
"AIXGIDCHNCBENY-UHFFFAOYSA-N"	<http://www.wikidata.org/entity/Q104913018>	<http://www.wikidata.org/entity/Q2385259>	"Pterocarpus marsupium"^^<http://www.w3.org/2001/XMLSchema#string>
"AJFRXGRWUZYILU-DZLVSBGCSA-N"	<http://www.wikidata.org/entity/Q104913157>	<http://www.wikidata.org/entity/Q3274110>	"Nageia nagi"^^<http://www.w3.org/2001/XMLSchema#string>
"AKACBGHGXCWOCV-KBXAGLNZSA-N"	<http://www.wikidata.org/entity/Q104913496>	<http://www.wikidata.org/entity/Q909828>	"Shorea robusta"^^<http://www.w3.org/2001/XMLSchema#string>
"AKTRXEZFQKELHL-YCMPDUMTSA-N"	<http://www.wikidata.org/entity/Q104913856>	<http://www.wikidata.org/entity/Q261309>	"Pinus monticola"^^<http://www.w3.org/2001/XMLSchema#string>
"AKVIKOHFNOZMCC-DWYXJJPNSA-N"	<http://www.wikidata.org/entity/Q104913875>	<http://www.wikidata.org/entity/Q1247582>	"Swietenia mahagoni"^^<http://www.w3.org/2001/XMLSchema#string>
"ALDOLERJIYTYDY-CLEQCBGDSA-N"	<http://www.wikidata.org/entity/Q115949801>	<http://www.wikidata.org/entity/Q156907>	"Fraxinus excelsior"^^<http://www.w3.org/2001/XMLSchema#string>
"ALDOLERJIYTYDY-JFGPLAMVSA-N"	<http://www.wikidata.org/entity/Q104914025>	<http://www.wikidata.org/entity/Q156907>	"Fraxinus excelsior"^^<http://www.w3.org/2001/XMLSchema#string>
"AMIMHEKPXKEEDK-UHFFFAOYSA-N"	<http://www.wikidata.org/entity/Q104914650>	<http://www.wikidata.org/entity/Q5434925>	"Myristica maingayi"^^<http://www.w3.org/2001/XMLSchema#string>
"AMKZEPMOTWRTSJ-FCIYXJNOSA-N"	<http://www.wikidata.org/entity/Q104914711>	<http://www.wikidata.org/entity/Q147388>	"Cryptomeria japonica"^^<http://www.w3.org/2001/XMLSchema#string>
"AOSOLLDONLOYAH-IADQEKLPSA-N"	<http://www.wikidata.org/entity/Q104915929>	<http://www.wikidata.org/entity/Q261309>	"Pinus monticola"^^<http://www.w3.org/2001/XMLSchema#string>
"APAPGJJZPJQKJJ-NTCAYCPXSA-N"	<http://www.wikidata.org/entity/Q104247111>	<http://www.wikidata.org/entity/Q147388>	"Cryptomeria japonica"^^<http://www.w3.org/2001/XMLSchema#string>
"APTNLHJOYOLQJB-ZEQRLZLVSA-N"	<http://www.wikidata.org/entity/Q104916543>	<http://www.wikidata.org/entity/Q147388>	"Cryptomeria japonica"^^<http://www.w3.org/2001/XMLSchema#string>
"AQBWTILJYRVPPH-LNYGYFNRSA-N"	<http://www.wikidata.org/entity/Q104916751>	<http://www.wikidata.org/entity/Q234126>	"Aegle marmelos"^^<http://www.w3.org/2001/XMLSchema#string>
"AQHKWALTXQHZKK-FFMDUYCJSA-N"	<http://www.wikidata.org/entity/Q104916836>	<http://www.wikidata.org/entity/Q162822>	"Eucalyptus camaldulensis"^^<http://www.w3.org/2001/XMLSchema#string>
"AQHKWALTXQHZKK-FTMTZRLXSA-N"	<http://www.wikidata.org/entity/Q104916837>	<http://www.wikidata.org/entity/Q162822>	"Eucalyptus camaldulensis"^^<http://www.w3.org/2001/XMLSchema#string>
"AQTPUXMQWKOGLL-CHSMQBHTSA-N"	<http://www.wikidata.org/entity/Q104917071>	<http://www.wikidata.org/entity/Q234126>	"Aegle marmelos"^^<http://www.w3.org/2001/XMLSchema#string>
"AQTPUXMQWKOGLL-UHFFFAOYSA-N"	<http://www.wikidata.org/entity/Q104917072>	<http://www.wikidata.org/entity/Q234126>	"Aegle marmelos"^^<http://www.w3.org/2001/XMLSchema#string>
"ARSSWIWXJFPAGJ-BJNJORMFSA-N"	<http://www.wikidata.org/entity/Q104917553>	<http://www.wikidata.org/entity/Q15432960>	"Erythrophleum lasianthum"^^<http://www.w3.org/2001/XMLSchema#string>
"ASDLSKCKYGVMAI-UHFFFAOYSA-N"	<http://www.wikidata.org/entity/Q59196332>	<http://www.wikidata.org/entity/Q3266951>	"Handroanthus impetiginosus"^^<http://www.w3.org/2001/XMLSchema#string>
"ATQOOBSXQVRQPY-OCBLOMHFSA-N"	<http://www.wikidata.org/entity/Q104918604>	<http://www.wikidata.org/entity/Q147388>	"Cryptomeria japonica"^^<http://www.w3.org/2001/XMLSchema#string>
"AXNXSFBKZQIMPF-GGEBCTHJSA-N"	<http://www.wikidata.org/entity/Q104920671>	<http://www.wikidata.org/entity/Q1331299>	"Nauclea diderrichii"^^<http://www.w3.org/2001/XMLSchema#string>
"AXNXSFBKZQIMPF-OKFIGZOCSA-N"	<http://www.wikidata.org/entity/Q104920673>	<http://www.wikidata.org/entity/Q1331299>	"Nauclea diderrichii"^^<http://www.w3.org/2001/XMLSchema#string>
"AXNXSFBKZQIMPF-ZZZTYRQWSA-N"	<http://www.wikidata.org/entity/Q104920681>	<http://www.wikidata.org/entity/Q1331299>	"Nauclea diderrichii"^^<http://www.w3.org/2001/XMLSchema#string>
"AYEZTOKCHWMCDA-LVIKVNAZSA-N"	<http://www.wikidata.org/entity/Q104921044>	<http://www.wikidata.org/entity/Q1247582>	"Swietenia mahagoni"^^<http://www.w3.org/2001/XMLSchema#string>
"AYSKZHKNQWJAPA-BACFJZBESA-N"	<http://www.wikidata.org/entity/Q104921356>	<http://www.wikidata.org/entity/Q5110439>	"Pterogyne nitens"^^<http://www.w3.org/2001/XMLSchema#string>
"AYUPCUGXBHAUAL-HSCSDGRASA-N"	<http://www.wikidata.org/entity/Q104921387>	<http://www.wikidata.org/entity/Q1331299>	"Nauclea diderrichii"^^<http://www.w3.org/2001/XMLSchema#string>
"AYUPCUGXBHAUAL-XWJLIPRVSA-N"	<http://www.wikidata.org/entity/Q104921391>	<http://www.wikidata.org/entity/Q1331299>	"Nauclea diderrichii"^^<http://www.w3.org/2001/XMLSchema#string>
"AYXPYQRXGNDJFU-AOWZIMASSA-N"	<http://www.wikidata.org/entity/Q19291552>	<http://www.wikidata.org/entity/Q162822>	"Eucalyptus camaldulensis"^^<http://www.w3.org/2001/XMLSchema#string>
"AYXPYQRXGNDJFU-IROTVPAZSA-N"	<http://www.wikidata.org/entity/Q67879986>	<http://www.wikidata.org/entity/Q18076816>	"Leplaea cedrata"^^<http://www.w3.org/2001/XMLSchema#string>
"AYXPYQRXGNDJFU-IROTVPAZSA-N"	<http://www.wikidata.org/entity/Q67879986>	<http://www.wikidata.org/entity/Q482510>	"Eucalyptus grandis"^^<http://www.w3.org/2001/XMLSchema#string>
"AYXPYQRXGNDJFU-QTPLKFIXSA-N"	<http://www.wikidata.org/entity/Q27278826>	<http://www.wikidata.org/entity/Q162822>	"Eucalyptus camaldulensis"^^<http://www.w3.org/2001/XMLSchema#string>
"AYXPYQRXGNDJFU-QTPLKFIXSA-N"	<http://www.wikidata.org/entity/Q27278826>	<http://www.wikidata.org/entity/Q18076816>	"Leplaea cedrata"^^<http://www.w3.org/2001/XMLSchema#string>
"AYXPYQRXGNDJFU-QTPLKFIXSA-N"	<http://www.wikidata.org/entity/Q27278826>	<http://www.wikidata.org/entity/Q482510>	"Eucalyptus grandis"^^<http://www.w3.org/2001/XMLSchema#string>
"AYXPYQRXGNDJFU-QTPLKFIXSA-N"	<http://www.wikidata.org/entity/Q27278826>	<http://www.wikidata.org/entity/Q909828>	"Shorea robusta"^^<http://www.w3.org/2001/XMLSchema#string>
"BAIWMJSLFJWAQP-UHFFFAOYSA-N"	<http://www.wikidata.org/entity/Q104922223>	<http://www.wikidata.org/entity/Q823016>	"Podocarpus nubigenus"^^<http://www.w3.org/2001/XMLSchema#string>
"BAIWMJSLFJWAQP-WSTLGDPDSA-N"	<http://www.wikidata.org/entity/Q67880067>	<http://www.wikidata.org/entity/Q147388>	"Cryptomeria japonica"^^<http://www.w3.org/2001/XMLSchema#string>
"BAVONGHXFVOKBV-NXEZZACHSA-N"	<http://www.wikidata.org/entity/Q27891515>	<http://www.wikidata.org/entity/Q234126>	"Aegle marmelos"^^<http://www.w3.org/2001/XMLSchema#string>
"BAVONGHXFVOKBV-UHFFFAOYSA-N"	<http://www.wikidata.org/entity/Q2920205>	<http://www.wikidata.org/entity/Q161360>	"Chamaecyparis lawsoniana"^^<http://www.w3.org/2001/XMLSchema#string>
"BAVONGHXFVOKBV-ZJUUUORDSA-N"	<http://www.wikidata.org/entity/Q27089409>	<http://www.wikidata.org/entity/Q1788810>	"Pistacia atlantica"^^<http://www.w3.org/2001/XMLSchema#string>
"BAVONGHXFVOKBV-ZJUUUORDSA-N"	<http://www.wikidata.org/entity/Q27089409>	<http://www.wikidata.org/entity/Q234126>	"Aegle marmelos"^^<http://www.w3.org/2001/XMLSchema#string>
"BBFYUPYFXSSMNV-HMGRVEAOSA-N"	<http://www.wikidata.org/entity/Q23069184>	<http://www.wikidata.org/entity/Q162822>	"Eucalyptus camaldulensis"^^<http://www.w3.org/2001/XMLSchema#string>
"BBNIEZUCHOPINF-ZWYIPDRBSA-N"	<http://www.wikidata.org/entity/Q104922882>	<http://www.wikidata.org/entity/Q3274110>	"Nageia nagi"^^<http://www.w3.org/2001/XMLSchema#string>
"BBPXZLJCPUPNGH-CMKODMSKSA-N"	<http://www.wikidata.org/entity/Q27104115>	<http://www.wikidata.org/entity/Q147388>	"Cryptomeria japonica"^^<http://www.w3.org/2001/XMLSchema#string>
"BCDHYGLIKUTJAW-WSDROIDSSA-N"	<http://www.wikidata.org/entity/Q104923221>	<http://www.wikidata.org/entity/Q5834163>	"Entandrophragma angolense"^^<http://www.w3.org/2001/XMLSchema#string>
"BDBQCWYFOMGJBU-AROLRFGWSA-N"	<http://www.wikidata.org/entity/Q104923783>	<http://www.wikidata.org/entity/Q1247582>	"Swietenia mahagoni"^^<http://www.w3.org/2001/XMLSchema#string>
"BDCDNTVZSILEOY-UXYNSRGZSA-N"	<http://www.wikidata.org/entity/Q9163056>	<http://www.wikidata.org/entity/Q162822>	"Eucalyptus camaldulensis"^^<http://www.w3.org/2001/XMLSchema#string>
"BDOYHNPLNKGOTP-YAYZOIBDSA-N"	<http://www.wikidata.org/entity/Q104924550>	<http://www.wikidata.org/entity/Q18076816>	"Leplaea cedrata"^^<http://www.w3.org/2001/XMLSchema#string>
"BEPQSACHIBDHIF-RHPXELCWSA-N"	<http://www.wikidata.org/entity/Q104396483>	<http://www.wikidata.org/entity/Q1247582>	"Swietenia mahagoni"^^<http://www.w3.org/2001/XMLSchema#string>
"BFCBRSFYYLSTAA-UHFFFAOYSA-N"	<http://www.wikidata.org/entity/Q27255896>	<http://www.wikidata.org/entity/Q161360>	"Chamaecyparis lawsoniana"^^<http://www.w3.org/2001/XMLSchema#string>
"BFGQXXNDFKWDMA-UHFFFAOYSA-N"	<http://www.wikidata.org/entity/Q27107180>	<http://www.wikidata.org/entity/Q3266951>	"Handroanthus impetiginosus"^^<http://www.w3.org/2001/XMLSchema#string>
"BFPAVSSBPLQXJZ-VBSBHUPXSA-N"	<http://www.wikidata.org/entity/Q104934675>	<http://www.wikidata.org/entity/Q33482>	"Platycladus orientalis"^^<http://www.w3.org/2001/XMLSchema#string>
"BFPYWIDHMRZLRN-SLHNCBLASA-N"	<http://www.wikidata.org/entity/Q415563>	<http://www.wikidata.org/entity/Q162822>	"Eucalyptus camaldulensis"^^<http://www.w3.org/2001/XMLSchema#string>
"BGEBZHIAGXMEMV-UHFFFAOYSA-N"	<http://www.wikidata.org/entity/Q414779>	<http://www.wikidata.org/entity/Q234126>	"Aegle marmelos"^^<http://www.w3.org/2001/XMLSchema#string>
"BGHCVCJVXZWKCC-UHFFFAOYSA-N"	<http://www.wikidata.org/entity/Q150808>	<http://www.wikidata.org/entity/Q36071>	"Pistacia vera"^^<http://www.w3.org/2001/XMLSchema#string>
"BGXFQDFSVDZUIW-LBPRGKRZSA-N"	<http://www.wikidata.org/entity/Q27068163>	<http://www.wikidata.org/entity/Q234126>	"Aegle marmelos"^^<http://www.w3.org/2001/XMLSchema#string>
"BHSMLHMTPPELTD-OAQYLSRUSA-N"	<http://www.wikidata.org/entity/Q104936201>	<http://www.wikidata.org/entity/Q147388>	"Cryptomeria japonica"^^<http://www.w3.org/2001/XMLSchema#string>
"BIFAPBYCXNQRFS-JXMROGBWSA-N"	<http://www.wikidata.org/entity/Q104936424>	<http://www.wikidata.org/entity/Q15612952>	"Cryptocarya agathophylla"^^<http://www.w3.org/2001/XMLSchema#string>
"BIFAPBYCXNQRFS-UHFFFAOYSA-N"	<http://www.wikidata.org/entity/Q104936425>	<http://www.wikidata.org/entity/Q15612952>	"Cryptocarya agathophylla"^^<http://www.w3.org/2001/XMLSchema#string>
"BILAMKFGAFCWCS-ONEGNTODSA-N"	<http://www.wikidata.org/entity/Q104247308>	<http://www.wikidata.org/entity/Q18077591>	"Leplaea thompsonii"^^<http://www.w3.org/2001/XMLSchema#string>
"BJHIKXHVCXFQLS-UYFOZJQFSA-N"	<http://www.wikidata.org/entity/Q122043>	<http://www.wikidata.org/entity/Q161360>	"Chamaecyparis lawsoniana"^^<http://www.w3.org/2001/XMLSchema#string>
"BJJFYNLYABNPSS-NSHDSACASA-N"	<http://www.wikidata.org/entity/Q27135854>	<http://www.wikidata.org/entity/Q83170>	"Dalbergia melanoxylon"^^<http://www.w3.org/2001/XMLSchema#string>
"BJQWYEJQWHSSCJ-UHFFFAOYSA-N"	<http://www.wikidata.org/entity/Q151028>	<http://www.wikidata.org/entity/Q1331299>	"Nauclea diderrichii"^^<http://www.w3.org/2001/XMLSchema#string>
"BKFXQSFQHZDNSM-IVDHNXQLSA-N"	<http://www.wikidata.org/entity/Q104937549>	<http://www.wikidata.org/entity/Q33482>	"Platycladus orientalis"^^<http://www.w3.org/2001/XMLSchema#string>
"BKJYMZRGLINXRP-NSCUHMNNSA-N"	<http://www.wikidata.org/entity/Q104937649>	<http://www.wikidata.org/entity/Q1666059>	"Yucca periculosa"^^<http://www.w3.org/2001/XMLSchema#string>
"BKJYMZRGLINXRP-UHFFFAOYSA-N"	<http://www.wikidata.org/entity/Q104937650>	<http://www.wikidata.org/entity/Q1666059>	"Yucca periculosa"^^<http://www.w3.org/2001/XMLSchema#string>
"BKYWAYNSDFXIPL-JWQCQUIFSA-N"	<http://www.wikidata.org/entity/Q104937847>	<http://www.wikidata.org/entity/Q147388>	"Cryptomeria japonica"^^<http://www.w3.org/2001/XMLSchema#string>
"BKYWAYNSDFXIPL-LOSJGSFVSA-N"	<http://www.wikidata.org/entity/Q104937849>	<http://www.wikidata.org/entity/Q147388>	"Cryptomeria japonica"^^<http://www.w3.org/2001/XMLSchema#string>
"BLSLSNAFNSAQBI-KRFUXDQASA-N"	<http://www.wikidata.org/entity/Q104938138>	<http://www.wikidata.org/entity/Q33482>	"Platycladus orientalis"^^<http://www.w3.org/2001/XMLSchema#string>
"BLSLSNAFNSAQBI-MEBIHWHUSA-N"	<http://www.wikidata.org/entity/Q104938139>	<http://www.wikidata.org/entity/Q33482>	"Platycladus orientalis"^^<http://www.w3.org/2001/XMLSchema#string>
"BNOXWGIIFHBMQJ-MYJHWVLHSA-N"	<http://www.wikidata.org/entity/Q104938954>	<http://www.wikidata.org/entity/Q162822>	"Eucalyptus camaldulensis"^^<http://www.w3.org/2001/XMLSchema#string>
"BNOXWGIIFHBMQJ-UHFFFAOYSA-N"	<http://www.wikidata.org/entity/Q104938955>	<http://www.wikidata.org/entity/Q162822>	"Eucalyptus camaldulensis"^^<http://www.w3.org/2001/XMLSchema#string>
"BNSCASRSSGJHQH-IROBIGDQSA-N"	<http://www.wikidata.org/entity/Q104938993>	<http://www.wikidata.org/entity/Q1788810>	"Pistacia atlantica"^^<http://www.w3.org/2001/XMLSchema#string>
"BONNBLZTHDEOEP-UHFFFAOYSA-N"	<http://www.wikidata.org/entity/Q104398989>	<http://www.wikidata.org/entity/Q3280527>	"Eucalyptus robusta"^^<http://www.w3.org/2001/XMLSchema#string>
"BOPIMTNSYWYZOC-VNHYZAJKSA-N"	<http://www.wikidata.org/entity/Q27108630>	<http://www.wikidata.org/entity/Q147388>	"Cryptomeria japonica"^^<http://www.w3.org/2001/XMLSchema#string>
"BOPIMTNSYWYZOC-VNHYZAJKSA-N"	<http://www.wikidata.org/entity/Q27108630>	<http://www.wikidata.org/entity/Q161360>	"Chamaecyparis lawsoniana"^^<http://www.w3.org/2001/XMLSchema#string>
"BOPIMTNSYWYZOC-VNHYZAJKSA-N"	<http://www.wikidata.org/entity/Q27108630>	<http://www.wikidata.org/entity/Q2385259>	"Pterocarpus marsupium"^^<http://www.w3.org/2001/XMLSchema#string>
"BOTWFXYSPFMFNR-PYDDKJGSSA-N"	<http://www.wikidata.org/entity/Q415945>	<http://www.wikidata.org/entity/Q147388>	"Cryptomeria japonica"^^<http://www.w3.org/2001/XMLSchema#string>
"BPAZNPBSKPMFHH-BYCOSLBDSA-N"	<http://www.wikidata.org/entity/Q104941326>	<http://www.wikidata.org/entity/Q15432960>	"Erythrophleum lasianthum"^^<http://www.w3.org/2001/XMLSchema#string>
"BPLQKQKXWHCZSS-UHFFFAOYSA-N"	<http://www.wikidata.org/entity/Q417746>	<http://www.wikidata.org/entity/Q15612952>	"Cryptocarya agathophylla"^^<http://www.w3.org/2001/XMLSchema#string>
"BQLIBSZGTNAGNT-OQOGXPRXSA-N"	<http://www.wikidata.org/entity/Q27138318>	<http://www.wikidata.org/entity/Q33482>	"Platycladus orientalis"^^<http://www.w3.org/2001/XMLSchema#string>
"BQLIBSZGTNAGNT-UHFFFAOYSA-N"	<http://www.wikidata.org/entity/Q104944416>	<http://www.wikidata.org/entity/Q33482>	"Platycladus orientalis"^^<http://www.w3.org/2001/XMLSchema#string>
"BQOFWKZOCNGFEC-BDAKNGLRSA-N"	<http://www.wikidata.org/entity/Q15222640>	<http://www.wikidata.org/entity/Q1788810>	"Pistacia atlantica"^^<http://www.w3.org/2001/XMLSchema#string>
"BQOFWKZOCNGFEC-BDAKNGLRSA-N"	<http://www.wikidata.org/entity/Q15222640>	<http://www.wikidata.org/entity/Q261309>	"Pinus monticola"^^<http://www.w3.org/2001/XMLSchema#string>
"BQOFWKZOCNGFEC-UHFFFAOYSA-N"	<http://www.wikidata.org/entity/Q19414>	<http://www.wikidata.org/entity/Q147388>	"Cryptomeria japonica"^^<http://www.w3.org/2001/XMLSchema#string>
"BQOFWKZOCNGFEC-UHFFFAOYSA-N"	<http://www.wikidata.org/entity/Q19414>	<http://www.wikidata.org/entity/Q161360>	"Chamaecyparis lawsoniana"^^<http://www.w3.org/2001/XMLSchema#string>
"BQOFWKZOCNGFEC-UHFFFAOYSA-N"	<http://www.wikidata.org/entity/Q19414>	<http://www.wikidata.org/entity/Q261309>	"Pinus monticola"^^<http://www.w3.org/2001/XMLSchema#string>
"BQOFWKZOCNGFEC-UHFFFAOYSA-N"	<http://www.wikidata.org/entity/Q19414>	<http://www.wikidata.org/entity/Q33482>	"Platycladus orientalis"^^<http://www.w3.org/2001/XMLSchema#string>
"BQOFWKZOCNGFEC-UHFFFAOYSA-N"	<http://www.wikidata.org/entity/Q19414>	<http://www.wikidata.org/entity/Q36071>	"Pistacia vera"^^<http://www.w3.org/2001/XMLSchema#string>
"BQOFWKZOCNGFEC-UHFFFAOYSA-N"	<http://www.wikidata.org/entity/Q19414>	<http://www.wikidata.org/entity/Q974954>	"Abies cilicica"^^<http://www.w3.org/2001/XMLSchema#string>
"BQSLMQNYHVFRDT-LSDHHAIUSA-N"	<http://www.wikidata.org/entity/Q63392179>	<http://www.wikidata.org/entity/Q15612952>	"Cryptocarya agathophylla"^^<http://www.w3.org/2001/XMLSchema#string>
"BQSLMQNYHVFRDT-LSDHHAIUSA-N"	<http://www.wikidata.org/entity/Q63392179>	<http://www.wikidata.org/entity/Q18076816>	"Leplaea cedrata"^^<http://www.w3.org/2001/XMLSchema#string>
"BRGJFCICCOEPPB-UHFFFAOYSA-N"	<http://www.wikidata.org/entity/Q67880175>	<http://www.wikidata.org/entity/Q161360>	"Chamaecyparis lawsoniana"^^<http://www.w3.org/2001/XMLSchema#string>
"BRJCEKUFHHYIQW-PZJFFQOISA-N"	<http://www.wikidata.org/entity/Q104944848>	<http://www.wikidata.org/entity/Q5834163>	"Entandrophragma angolense"^^<http://www.w3.org/2001/XMLSchema#string>
"BTFARGIVARHEON-IRFCIJBXSA-N"	<http://www.wikidata.org/entity/Q104945563>	<http://www.wikidata.org/entity/Q147388>	"Cryptomeria japonica"^^<http://www.w3.org/2001/XMLSchema#string>
"BTLXPCBPYBNQNR-UHFFFAOYSA-N"	<http://www.wikidata.org/entity/Q27103937>	<http://www.wikidata.org/entity/Q3266951>	"Handroanthus impetiginosus"^^<http://www.w3.org/2001/XMLSchema#string>
"BUFYOXOIVOUKQT-CYZUABTKSA-N"	<http://www.wikidata.org/entity/Q104946075>	<http://www.wikidata.org/entity/Q1247582>	"Swietenia mahagoni"^^<http://www.w3.org/2001/XMLSchema#string>
"BUINYLXAGLBDRX-KYRJBULHSA-N"	<http://www.wikidata.org/entity/Q104946111>	<http://www.wikidata.org/entity/Q1247582>	"Swietenia mahagoni"^^<http://www.w3.org/2001/XMLSchema#string>
"BUNGCZLFHHXKBX-UHFFFAOYSA-N"	<http://www.wikidata.org/entity/Q72489686>	<http://www.wikidata.org/entity/Q234126>	"Aegle marmelos"^^<http://www.w3.org/2001/XMLSchema#string>
"BVELDVCZJFBEBH-UQVNRYHBSA-N"	<http://www.wikidata.org/entity/Q104946484>	<http://www.wikidata.org/entity/Q147388>	"Cryptomeria japonica"^^<http://www.w3.org/2001/XMLSchema#string>
"BVQWLNLTCUTXBO-VRRQFBSDSA-N"	<http://www.wikidata.org/entity/Q104946803>	<http://www.wikidata.org/entity/Q147388>	"Cryptomeria japonica"^^<http://www.w3.org/2001/XMLSchema#string>
"BVWSXPXKZJKORS-UHFFFAOYSA-N"	<http://www.wikidata.org/entity/Q104946959>	<http://www.wikidata.org/entity/Q147388>	"Cryptomeria japonica"^^<http://www.w3.org/2001/XMLSchema#string>
"BXFIQIHHUYQVJG-GKYSZPLNSA-N"	<http://www.wikidata.org/entity/Q104947911>	<http://www.wikidata.org/entity/Q147388>	"Cryptomeria japonica"^^<http://www.w3.org/2001/XMLSchema#string>
"BXGVVQADPFXGHD-LSDHHAIUSA-N"	<http://www.wikidata.org/entity/Q82977253>	<http://www.wikidata.org/entity/Q161360>	"Chamaecyparis lawsoniana"^^<http://www.w3.org/2001/XMLSchema#string>
"BYCHQEILESTMQU-FMIVXFBMSA-N"	<http://www.wikidata.org/entity/Q10869283>	<http://www.wikidata.org/entity/Q147388>	"Cryptomeria japonica"^^<http://www.w3.org/2001/XMLSchema#string>
"BYNLGAZDLCEGRX-GTZPUNCASA-N"	<http://www.wikidata.org/entity/Q104396273>	<http://www.wikidata.org/entity/Q147388>	"Cryptomeria japonica"^^<http://www.w3.org/2001/XMLSchema#string>
"BYNLGAZDLCEGRX-YTYFBAJQSA-N"	<http://www.wikidata.org/entity/Q104949603>	<http://www.wikidata.org/entity/Q147388>	"Cryptomeria japonica"^^<http://www.w3.org/2001/XMLSchema#string>
"BZNIIOGSANMIET-MZWAYPSQSA-N"	<http://www.wikidata.org/entity/Q104253242>	<http://www.wikidata.org/entity/Q1137143>	"Tsuga canadensis"^^<http://www.w3.org/2001/XMLSchema#string>
"BZVMTFGLYYRTQI-HHBZCAFQSA-N"	<http://www.wikidata.org/entity/Q104950707>	<http://www.wikidata.org/entity/Q3266951>	"Handroanthus impetiginosus"^^<http://www.w3.org/2001/XMLSchema#string>
"BZXCDBSZDXKQKS-UHFFFAOYSA-N"	<http://www.wikidata.org/entity/Q115951873>	<http://www.wikidata.org/entity/Q147388>	"Cryptomeria japonica"^^<http://www.w3.org/2001/XMLSchema#string>
"BZXXSUZFEIFGEX-LCSOEGAZSA-N"	<http://www.wikidata.org/entity/Q27286355>	<http://www.wikidata.org/entity/Q1331299>	"Nauclea diderrichii"^^<http://www.w3.org/2001/XMLSchema#string>
"BZXXSUZFEIFGEX-RULFGOJKSA-N"	<http://www.wikidata.org/entity/Q104950753>	<http://www.wikidata.org/entity/Q1331299>	"Nauclea diderrichii"^^<http://www.w3.org/2001/XMLSchema#string>
"CBRGTGXXUAXRGP-BSJNIYAHSA-N"	<http://www.wikidata.org/entity/Q104952690>	<http://www.wikidata.org/entity/Q2065540>	"Taxus brevifolia"^^<http://www.w3.org/2001/XMLSchema#string>
"CBWGBTDKXAPUMY-DXNUVPBBSA-N"	<http://www.wikidata.org/entity/Q104400548>	<http://www.wikidata.org/entity/Q3274110>	"Nageia nagi"^^<http://www.w3.org/2001/XMLSchema#string>
"CCABFKLRHZCTBS-UHFFFAOYSA-N"	<http://www.wikidata.org/entity/Q110204541>	<http://www.wikidata.org/entity/Q2385259>	"Pterocarpus marsupium"^^<http://www.w3.org/2001/XMLSchema#string>
"CCEFMUBVSUDRLG-KXUCPTDWSA-N"	<http://www.wikidata.org/entity/Q27093910>	<http://www.wikidata.org/entity/Q1788810>	"Pistacia atlantica"^^<http://www.w3.org/2001/XMLSchema#string>
"CCJGGIKEFAWREN-UHFFFAOYSA-N"	<http://www.wikidata.org/entity/Q110077429>	<http://www.wikidata.org/entity/Q2065540>	"Taxus brevifolia"^^<http://www.w3.org/2001/XMLSchema#string>
"CDAISMWEOUEBRE-UHFFFAOYSA-N"	<http://www.wikidata.org/entity/Q407997>	<http://www.wikidata.org/entity/Q162822>	"Eucalyptus camaldulensis"^^<http://www.w3.org/2001/XMLSchema#string>
"CDBDDJJFIHXISK-GRNDGOIUSA-N"	<http://www.wikidata.org/entity/Q104402105>	<http://www.wikidata.org/entity/Q147388>	"Cryptomeria japonica"^^<http://www.w3.org/2001/XMLSchema#string>
"CDBDDJJFIHXISK-GRRNFSQQSA-N"	<http://www.wikidata.org/entity/Q104954145>	<http://www.wikidata.org/entity/Q147388>	"Cryptomeria japonica"^^<http://www.w3.org/2001/XMLSchema#string>
"CDBDDJJFIHXISK-YVJGJRSISA-N"	<http://www.wikidata.org/entity/Q104954151>	<http://www.wikidata.org/entity/Q147388>	"Cryptomeria japonica"^^<http://www.w3.org/2001/XMLSchema#string>
"CDICDSOGTRCHMG-ONEGZZNKSA-N"	<http://www.wikidata.org/entity/Q63392287>	<http://www.wikidata.org/entity/Q162822>	"Eucalyptus camaldulensis"^^<http://www.w3.org/2001/XMLSchema#string>
"CDOSHBSSFJOMGT-UHFFFAOYSA-N"	<http://www.wikidata.org/entity/Q410932>	<http://www.wikidata.org/entity/Q147388>	"Cryptomeria japonica"^^<http://www.w3.org/2001/XMLSchema#string>
"CDOSHBSSFJOMGT-UHFFFAOYSA-N"	<http://www.wikidata.org/entity/Q410932>	<http://www.wikidata.org/entity/Q15612952>	"Cryptocarya agathophylla"^^<http://www.w3.org/2001/XMLSchema#string>
"CDOSHBSSFJOMGT-UHFFFAOYSA-N"	<http://www.wikidata.org/entity/Q410932>	<http://www.wikidata.org/entity/Q161360>	"Chamaecyparis lawsoniana"^^<http://www.w3.org/2001/XMLSchema#string>
"CDOSHBSSFJOMGT-UHFFFAOYSA-N"	<http://www.wikidata.org/entity/Q410932>	<http://www.wikidata.org/entity/Q162822>	"Eucalyptus camaldulensis"^^<http://www.w3.org/2001/XMLSchema#string>
"CDOSHBSSFJOMGT-UHFFFAOYSA-N"	<http://www.wikidata.org/entity/Q410932>	<http://www.wikidata.org/entity/Q234126>	"Aegle marmelos"^^<http://www.w3.org/2001/XMLSchema#string>
"CDOSHBSSFJOMGT-UHFFFAOYSA-N"	<http://www.wikidata.org/entity/Q410932>	<http://www.wikidata.org/entity/Q36071>	"Pistacia vera"^^<http://www.w3.org/2001/XMLSchema#string>
"CDRPUGZCRXZLFL-OWOJBTEDSA-N"	<http://www.wikidata.org/entity/Q7190608>	<http://www.wikidata.org/entity/Q12700996>	"Intsia bijuga"^^<http://www.w3.org/2001/XMLSchema#string>
"CECREIRZLPLYDM-HNBVOPMISA-N"	<http://www.wikidata.org/entity/Q104375455>	<http://www.wikidata.org/entity/Q147388>	"Cryptomeria japonica"^^<http://www.w3.org/2001/XMLSchema#string>
"CECREIRZLPLYDM-RAUXBKROSA-N"	<http://www.wikidata.org/entity/Q27146459>	<http://www.wikidata.org/entity/Q147388>	"Cryptomeria japonica"^^<http://www.w3.org/2001/XMLSchema#string>
"CFADVMDMXMEBDZ-SEIIJOFPSA-N"	<http://www.wikidata.org/entity/Q104956261>	<http://www.wikidata.org/entity/Q1247582>	"Swietenia mahagoni"^^<http://www.w3.org/2001/XMLSchema#string>
"CFADVMDMXMEBDZ-UHFFFAOYSA-N"	<http://www.wikidata.org/entity/Q104956263>	<http://www.wikidata.org/entity/Q1247582>	"Swietenia mahagoni"^^<http://www.w3.org/2001/XMLSchema#string>
"CGJJTGYWQKZZSF-LAIADWHTSA-N"	<http://www.wikidata.org/entity/Q104957752>	<http://www.wikidata.org/entity/Q15432960>	"Erythrophleum lasianthum"^^<http://www.w3.org/2001/XMLSchema#string>
"CHVOPJINMUGQNR-HVYMBBLSSA-N"	<http://www.wikidata.org/entity/Q104959366>	<http://www.wikidata.org/entity/Q15393963>	"Jatropha mahafalensis"^^<http://www.w3.org/2001/XMLSchema#string>
"CIBPUQCKJURRRK-BTZRSCOSSA-N"	<http://www.wikidata.org/entity/Q104959597>	<http://www.wikidata.org/entity/Q2065540>	"Taxus brevifolia"^^<http://www.w3.org/2001/XMLSchema#string>
"CIEYTVIYYGTCCI-UHFFFAOYSA-N"	<http://www.wikidata.org/entity/Q739601>	<http://www.wikidata.org/entity/Q3266951>	"Handroanthus impetiginosus"^^<http://www.w3.org/2001/XMLSchema#string>
"CILROEPKLJZUBU-FRFSOERESA-N"	<http://www.wikidata.org/entity/Q104959944>	<http://www.wikidata.org/entity/Q147388>	"Cryptomeria japonica"^^<http://www.w3.org/2001/XMLSchema#string>
"CISYXFSTZZQVIH-NIYAVATFSA-N"	<http://www.wikidata.org/entity/Q104960216>	<http://www.wikidata.org/entity/Q261309>	"Pinus monticola"^^<http://www.w3.org/2001/XMLSchema#string>
"CIUKPPIQCHNAJV-JTLQOTSTSA-N"	<http://www.wikidata.org/entity/Q104960392>	<http://www.wikidata.org/entity/Q261309>	"Pinus monticola"^^<http://www.w3.org/2001/XMLSchema#string>
"CJCYABFPESVRKC-UHFFFAOYSA-N"	<http://www.wikidata.org/entity/Q110078102>	<http://www.wikidata.org/entity/Q2065540>	"Taxus brevifolia"^^<http://www.w3.org/2001/XMLSchema#string>
"CJCYABFPESVRKC-VIMPDCIZSA-N"	<http://www.wikidata.org/entity/Q82879091>	<http://www.wikidata.org/entity/Q2065540>	"Taxus brevifolia"^^<http://www.w3.org/2001/XMLSchema#string>
"CJJQLHLEWQGHMJ-UHFFFAOYSA-N"	<http://www.wikidata.org/entity/Q83120970>	<http://www.wikidata.org/entity/Q2385259>	"Pterocarpus marsupium"^^<http://www.w3.org/2001/XMLSchema#string>
"CJPPXZWWEOEKFP-IWLDQSELSA-N"	<http://www.wikidata.org/entity/Q104961508>	<http://www.wikidata.org/entity/Q2385259>	"Pterocarpus marsupium"^^<http://www.w3.org/2001/XMLSchema#string>
"CKCXAMWUYPZVFL-LURJTMIESA-N"	<http://www.wikidata.org/entity/Q27107093>	<http://www.wikidata.org/entity/Q3266951>	"Handroanthus impetiginosus"^^<http://www.w3.org/2001/XMLSchema#string>
"CKCXAMWUYPZVFL-ZCFIWIBFSA-N"	<http://www.wikidata.org/entity/Q104962142>	<http://www.wikidata.org/entity/Q3266951>	"Handroanthus impetiginosus"^^<http://www.w3.org/2001/XMLSchema#string>
"CKGKQISENBKOCA-FHXQZXMCSA-N"	<http://www.wikidata.org/entity/Q27137315>	<http://www.wikidata.org/entity/Q3266951>	"Handroanthus impetiginosus"^^<http://www.w3.org/2001/XMLSchema#string>
"CKIXYKXOOJINJX-RNCFNFMXSA-N"	<http://www.wikidata.org/entity/Q104962399>	<http://www.wikidata.org/entity/Q234126>	"Aegle marmelos"^^<http://www.w3.org/2001/XMLSchema#string>
"CKMAUJLOUQNVRZ-QSHLRHACSA-N"	<http://www.wikidata.org/entity/Q104962519>	<http://www.wikidata.org/entity/Q33482>	"Platycladus orientalis"^^<http://www.w3.org/2001/XMLSchema#string>
"CKMAUJLOUQNVRZ-RQQUZUBOSA-N"	<http://www.wikidata.org/entity/Q104962520>	<http://www.wikidata.org/entity/Q33482>	"Platycladus orientalis"^^<http://www.w3.org/2001/XMLSchema#string>
"CLJMUGBMMVBGHE-FOCKFDDASA-N"	<http://www.wikidata.org/entity/Q104963510>	<http://www.wikidata.org/entity/Q156907>	"Fraxinus excelsior"^^<http://www.w3.org/2001/XMLSchema#string>
"CLJMUGBMMVBGHE-UHFFFAOYSA-N"	<http://www.wikidata.org/entity/Q115968093>	<http://www.wikidata.org/entity/Q156907>	"Fraxinus excelsior"^^<http://www.w3.org/2001/XMLSchema#string>
"CMACUXVMRMVDJW-UHFFFAOYSA-N"	<http://www.wikidata.org/entity/Q115952143>	<http://www.wikidata.org/entity/Q2065540>	"Taxus brevifolia"^^<http://www.w3.org/2001/XMLSchema#string>
"CMKXQAFCXALXCG-RMOHBAFUSA-N"	<http://www.wikidata.org/entity/Q104964804>	<http://www.wikidata.org/entity/Q3266951>	"Handroanthus impetiginosus"^^<http://www.w3.org/2001/XMLSchema#string>
"CNNRPFQICPFDPO-UHFFFAOYSA-N"	<http://www.wikidata.org/entity/Q3631024>	<http://www.wikidata.org/entity/Q33482>	"Platycladus orientalis"^^<http://www.w3.org/2001/XMLSchema#string>
"CNRUFHBCTLNEKQ-SFMWUBETSA-N"	<http://www.wikidata.org/entity/Q104966300>	<http://www.wikidata.org/entity/Q15347916>	"Quercus oblongata"^^<http://www.w3.org/2001/XMLSchema#string>
"COAPCKUZMKOWBC-NCPCMAELSA-N"	<http://www.wikidata.org/entity/Q104966581>	<http://www.wikidata.org/entity/Q15432960>	"Erythrophleum lasianthum"^^<http://www.w3.org/2001/XMLSchema#string>
"COAPCKUZMKOWBC-OEQOBXNUSA-N"	<http://www.wikidata.org/entity/Q104966582>	<http://www.wikidata.org/entity/Q15432960>	"Erythrophleum lasianthum"^^<http://www.w3.org/2001/XMLSchema#string>
"COGPRPSWSKLKTF-CBBWQLFWSA-N"	<http://www.wikidata.org/entity/Q104253399>	<http://www.wikidata.org/entity/Q147388>	"Cryptomeria japonica"^^<http://www.w3.org/2001/XMLSchema#string>
"COGPRPSWSKLKTF-CBBWQLFWSA-N"	<http://www.wikidata.org/entity/Q104253399>	<http://www.wikidata.org/entity/Q18076816>	"Leplaea cedrata"^^<http://www.w3.org/2001/XMLSchema#string>
"COGPRPSWSKLKTF-QPSCCSFWSA-N"	<http://www.wikidata.org/entity/Q104253503>	<http://www.wikidata.org/entity/Q147388>	"Cryptomeria japonica"^^<http://www.w3.org/2001/XMLSchema#string>
"COOVABWZUIWIFI-ARWJVGBNSA-N"	<http://www.wikidata.org/entity/Q27260945>	<http://www.wikidata.org/entity/Q15432960>	"Erythrophleum lasianthum"^^<http://www.w3.org/2001/XMLSchema#string>
"COOVABWZUIWIFI-GDUZLJSQSA-N"	<http://www.wikidata.org/entity/Q104967188>	<http://www.wikidata.org/entity/Q15432960>	"Erythrophleum lasianthum"^^<http://www.w3.org/2001/XMLSchema#string>
"COOVABWZUIWIFI-SDNLWLLISA-N"	<http://www.wikidata.org/entity/Q104967189>	<http://www.wikidata.org/entity/Q15432960>	"Erythrophleum lasianthum"^^<http://www.w3.org/2001/XMLSchema#string>
"COZNAXBZFKROPK-UHFFFAOYSA-N"	<http://www.wikidata.org/entity/Q104967390>	<http://www.wikidata.org/entity/Q33482>	"Platycladus orientalis"^^<http://www.w3.org/2001/XMLSchema#string>
"CPGCVOVWHCWVTP-GDLZYMKVSA-N"	<http://www.wikidata.org/entity/Q27115157>	<http://www.wikidata.org/entity/Q33482>	"Platycladus orientalis"^^<http://www.w3.org/2001/XMLSchema#string>
"CPGCVOVWHCWVTP-LJAQVGFWSA-N"	<http://www.wikidata.org/entity/Q27115158>	<http://www.wikidata.org/entity/Q33482>	"Platycladus orientalis"^^<http://www.w3.org/2001/XMLSchema#string>
"CQGDBBBZCJYDRY-UHFFFAOYSA-N"	<http://www.wikidata.org/entity/Q27257251>	<http://www.wikidata.org/entity/Q3266951>	"Handroanthus impetiginosus"^^<http://www.w3.org/2001/XMLSchema#string>
"CQIWSWBMGHYSHK-DQKWIONCSA-N"	<http://www.wikidata.org/entity/Q104968031>	<http://www.wikidata.org/entity/Q1247582>	"Swietenia mahagoni"^^<http://www.w3.org/2001/XMLSchema#string>
"CQIWSWBMGHYSHK-HFKFOLKKSA-N"	<http://www.wikidata.org/entity/Q104396487>	<http://www.wikidata.org/entity/Q1247582>	"Swietenia mahagoni"^^<http://www.w3.org/2001/XMLSchema#string>
"CQIWSWBMGHYSHK-NZQTYSLHSA-N"	<http://www.wikidata.org/entity/Q104968032>	<http://www.wikidata.org/entity/Q1247582>	"Swietenia mahagoni"^^<http://www.w3.org/2001/XMLSchema#string>
"CQIWSWBMGHYSHK-XKOYBONVSA-N"	<http://www.wikidata.org/entity/Q104968034>	<http://www.wikidata.org/entity/Q1247582>	"Swietenia mahagoni"^^<http://www.w3.org/2001/XMLSchema#string>
"CRFHOAFXPBYTOF-NQBNRBMOSA-N"	<http://www.wikidata.org/entity/Q104968516>	<http://www.wikidata.org/entity/Q1247582>	"Swietenia mahagoni"^^<http://www.w3.org/2001/XMLSchema#string>
"CRPUJAZIXJMDBK-UHFFFAOYSA-N"	<http://www.wikidata.org/entity/Q416775>	<http://www.wikidata.org/entity/Q147388>	"Cryptomeria japonica"^^<http://www.w3.org/2001/XMLSchema#string>
"CRPUJAZIXJMDBK-UHFFFAOYSA-N"	<http://www.wikidata.org/entity/Q416775>	<http://www.wikidata.org/entity/Q15612952>	"Cryptocarya agathophylla"^^<http://www.w3.org/2001/XMLSchema#string>
"CRPUJAZIXJMDBK-UHFFFAOYSA-N"	<http://www.wikidata.org/entity/Q416775>	<http://www.wikidata.org/entity/Q161360>	"Chamaecyparis lawsoniana"^^<http://www.w3.org/2001/XMLSchema#string>
"CRPUJAZIXJMDBK-UHFFFAOYSA-N"	<http://www.wikidata.org/entity/Q416775>	<http://www.wikidata.org/entity/Q162822>	"Eucalyptus camaldulensis"^^<http://www.w3.org/2001/XMLSchema#string>
"CRPUJAZIXJMDBK-UHFFFAOYSA-N"	<http://www.wikidata.org/entity/Q416775>	<http://www.wikidata.org/entity/Q36071>	"Pistacia vera"^^<http://www.w3.org/2001/XMLSchema#string>
"CRSFLLTWRCYNNX-QBNNUVSCSA-N"	<http://www.wikidata.org/entity/Q1452081>	<http://www.wikidata.org/entity/Q156907>	"Fraxinus excelsior"^^<http://www.w3.org/2001/XMLSchema#string>
"CRSFLLTWRCYNNX-YJDQBUFVSA-N"	<http://www.wikidata.org/entity/Q104968826>	<http://www.wikidata.org/entity/Q156907>	"Fraxinus excelsior"^^<http://www.w3.org/2001/XMLSchema#string>
"CSATWRZOLKGPRW-UHFFFAOYSA-N"	<http://www.wikidata.org/entity/Q104969047>	<http://www.wikidata.org/entity/Q2385259>	"Pterocarpus marsupium"^^<http://www.w3.org/2001/XMLSchema#string>
"CTGGVCKBMLNHNX-FSRURDKKSA-N"	<http://www.wikidata.org/entity/Q104402107>	<http://www.wikidata.org/entity/Q147388>	"Cryptomeria japonica"^^<http://www.w3.org/2001/XMLSchema#string>
"CTGGVCKBMLNHNX-UHFFFAOYSA-N"	<http://www.wikidata.org/entity/Q104969775>	<http://www.wikidata.org/entity/Q147388>	"Cryptomeria japonica"^^<http://www.w3.org/2001/XMLSchema#string>
"CTGGVCKBMLNHNX-WLHXYQFRSA-N"	<http://www.wikidata.org/entity/Q104402106>	<http://www.wikidata.org/entity/Q147388>	"Cryptomeria japonica"^^<http://www.w3.org/2001/XMLSchema#string>
"CUUMXRBKJIDIAY-UHFFFAOYSA-N"	<http://www.wikidata.org/entity/Q27160655>	<http://www.wikidata.org/entity/Q147388>	"Cryptomeria japonica"^^<http://www.w3.org/2001/XMLSchema#string>
"CUUMXRBKJIDIAY-ZDUSSCGKSA-N"	<http://www.wikidata.org/entity/Q104253247>	<http://www.wikidata.org/entity/Q147388>	"Cryptomeria japonica"^^<http://www.w3.org/2001/XMLSchema#string>
"CUXXJIBDJZAJME-AXQLPHEPSA-N"	<http://www.wikidata.org/entity/Q104970569>	<http://www.wikidata.org/entity/Q156907>	"Fraxinus excelsior"^^<http://www.w3.org/2001/XMLSchema#string>
"CUXXJIBDJZAJME-ISTBFYRGSA-N"	<http://www.wikidata.org/entity/Q104970570>	<http://www.wikidata.org/entity/Q156907>	"Fraxinus excelsior"^^<http://www.w3.org/2001/XMLSchema#string>
"CUXXJIBDJZAJME-UHFFFAOYSA-N"	<http://www.wikidata.org/entity/Q115968096>	<http://www.wikidata.org/entity/Q156907>	"Fraxinus excelsior"^^<http://www.w3.org/2001/XMLSchema#string>
"CVAILKMOFONEDU-KRJMWWHISA-N"	<http://www.wikidata.org/entity/Q104970611>	<http://www.wikidata.org/entity/Q15388741>	"Ceriops decandra"^^<http://www.w3.org/2001/XMLSchema#string>
"CVXBBKOULFSLCC-UHFFFAOYSA-N"	<http://www.wikidata.org/entity/Q104971061>	<http://www.wikidata.org/entity/Q234126>	"Aegle marmelos"^^<http://www.w3.org/2001/XMLSchema#string>
"CWBPOOVULYCSDV-GURQSFPHSA-N"	<http://www.wikidata.org/entity/Q104971142>	<http://www.wikidata.org/entity/Q15388741>	"Ceriops decandra"^^<http://www.w3.org/2001/XMLSchema#string>
"CWBPOOVULYCSDV-HIORVUNJSA-N"	<http://www.wikidata.org/entity/Q104971144>	<http://www.wikidata.org/entity/Q15388741>	"Ceriops decandra"^^<http://www.w3.org/2001/XMLSchema#string>
"CWIUUACMAKLANV-AHXHLLMZSA-N"	<http://www.wikidata.org/entity/Q104971295>	<http://www.wikidata.org/entity/Q1247582>	"Swietenia mahagoni"^^<http://www.w3.org/2001/XMLSchema#string>
"CWIUUACMAKLANV-UFQDEJKPSA-N"	<http://www.wikidata.org/entity/Q104971298>	<http://www.wikidata.org/entity/Q1247582>	"Swietenia mahagoni"^^<http://www.w3.org/2001/XMLSchema#string>
"CWIUUACMAKLANV-UHFFFAOYSA-N"	<http://www.wikidata.org/entity/Q104396485>	<http://www.wikidata.org/entity/Q1247582>	"Swietenia mahagoni"^^<http://www.w3.org/2001/XMLSchema#string>
"CWMOJJSULWWJSO-HKUPYCBJSA-N"	<http://www.wikidata.org/entity/Q104971385>	<http://www.wikidata.org/entity/Q234126>	"Aegle marmelos"^^<http://www.w3.org/2001/XMLSchema#string>
"CWPGNVFCJOPXFB-UHFFFAOYSA-N"	<http://www.wikidata.org/entity/Q739601>	<http://www.wikidata.org/entity/Q3266951>	"Handroanthus impetiginosus"^^<http://www.w3.org/2001/XMLSchema#string>
"CXADIEVBJVECKF-UHFFFAOYSA-N"	<http://www.wikidata.org/entity/Q104971713>	<http://www.wikidata.org/entity/Q5434925>	"Myristica maingayi"^^<http://www.w3.org/2001/XMLSchema#string>
"CXQWRCVTCMQVQX-LSDHHAIUSA-N"	<http://www.wikidata.org/entity/Q412191>	<http://www.wikidata.org/entity/Q147388>	"Cryptomeria japonica"^^<http://www.w3.org/2001/XMLSchema#string>
"CYCDWLJKDQJNEU-HOMHNTCQSA-N"	<http://www.wikidata.org/entity/Q104972245>	<http://www.wikidata.org/entity/Q3266951>	"Handroanthus impetiginosus"^^<http://www.w3.org/2001/XMLSchema#string>
"CYIZQHWSHNNMLB-ZFXWMTPOSA-N"	<http://www.wikidata.org/entity/Q104972360>	<http://www.wikidata.org/entity/Q1247582>	"Swietenia mahagoni"^^<http://www.w3.org/2001/XMLSchema#string>
"CZCBTSFUTPZVKJ-NXEZZACHSA-N"	<http://www.wikidata.org/entity/Q27162308>	<http://www.wikidata.org/entity/Q147388>	"Cryptomeria japonica"^^<http://www.w3.org/2001/XMLSchema#string>
"CZEPBGSMIRTHKN-KKSFZXQISA-N"	<http://www.wikidata.org/entity/Q104396696>	<http://www.wikidata.org/entity/Q147388>	"Cryptomeria japonica"^^<http://www.w3.org/2001/XMLSchema#string>
"CZMRCDWAGMRECN-UGDNZRGBSA-N"	<http://www.wikidata.org/entity/Q4027534>	<http://www.wikidata.org/entity/Q161360>	"Chamaecyparis lawsoniana"^^<http://www.w3.org/2001/XMLSchema#string>
"CZMRCDWAGMRECN-UGDNZRGBSA-N"	<http://www.wikidata.org/entity/Q4027534>	<http://www.wikidata.org/entity/Q83170>	"Dalbergia melanoxylon"^^<http://www.w3.org/2001/XMLSchema#string>
"DAPATAKSYUBCLS-HSUOWHDTSA-N"	<http://www.wikidata.org/entity/Q104973796>	<http://www.wikidata.org/entity/Q2385259>	"Pterocarpus marsupium"^^<http://www.w3.org/2001/XMLSchema#string>
"DAPATAKSYUBCLS-RSPYBOQOSA-N"	<http://www.wikidata.org/entity/Q104973797>	<http://www.wikidata.org/entity/Q2385259>	"Pterocarpus marsupium"^^<http://www.w3.org/2001/XMLSchema#string>
"DAQCFFGRXTVWBG-MMOXWZNWSA-N"	<http://www.wikidata.org/entity/Q104973857>	<http://www.wikidata.org/entity/Q5834163>	"Entandrophragma angolense"^^<http://www.w3.org/2001/XMLSchema#string>
"DAUAQNGYDSHRET-UHFFFAOYSA-N"	<http://www.wikidata.org/entity/Q425928>	<http://www.wikidata.org/entity/Q3266951>	"Handroanthus impetiginosus"^^<http://www.w3.org/2001/XMLSchema#string>
"DBXFAPJCZABTDR-UHFFFAOYSA-N"	<http://www.wikidata.org/entity/Q110077672>	<http://www.wikidata.org/entity/Q2065540>	"Taxus brevifolia"^^<http://www.w3.org/2001/XMLSchema#string>
"DBXFAPJCZABTDR-WBYYIXQISA-N"	<http://www.wikidata.org/entity/Q104975015>	<http://www.wikidata.org/entity/Q2065540>	"Taxus brevifolia"^^<http://www.w3.org/2001/XMLSchema#string>
"DCAYPVUWAIABOU-UHFFFAOYSA-N"	<http://www.wikidata.org/entity/Q150843>	<http://www.wikidata.org/entity/Q36071>	"Pistacia vera"^^<http://www.w3.org/2001/XMLSchema#string>
"DCSCXTJOXBUFGB-UHFFFAOYSA-N"	<http://www.wikidata.org/entity/Q421151>	<http://www.wikidata.org/entity/Q162822>	"Eucalyptus camaldulensis"^^<http://www.w3.org/2001/XMLSchema#string>
"DCSCXTJOXBUFGB-YUMQZZPRSA-N"	<http://www.wikidata.org/entity/Q104253227>	<http://www.wikidata.org/entity/Q147388>	"Cryptomeria japonica"^^<http://www.w3.org/2001/XMLSchema#string>
"DCYOADKBABEMIQ-OWMUPTOHSA-N"	<http://www.wikidata.org/entity/Q6948223>	<http://www.wikidata.org/entity/Q33482>	"Platycladus orientalis"^^<http://www.w3.org/2001/XMLSchema#string>
"DCZDUZNVOVFUCD-HTXNQAPBSA-N"	<http://www.wikidata.org/entity/Q27124233>	<http://www.wikidata.org/entity/Q33482>	"Platycladus orientalis"^^<http://www.w3.org/2001/XMLSchema#string>
"DCZDUZNVOVFUCD-UHFFFAOYSA-N"	<http://www.wikidata.org/entity/Q104976157>	<http://www.wikidata.org/entity/Q33482>	"Platycladus orientalis"^^<http://www.w3.org/2001/XMLSchema#string>
"DDYVXKLAJBJNHL-DYWRSEPTSA-N"	<http://www.wikidata.org/entity/Q104977004>	<http://www.wikidata.org/entity/Q15388741>	"Ceriops decandra"^^<http://www.w3.org/2001/XMLSchema#string>
"DFDLSTQZQLKKOB-KQYSUTHUSA-N"	<http://www.wikidata.org/entity/Q27106504>	<http://www.wikidata.org/entity/Q15432960>	"Erythrophleum lasianthum"^^<http://www.w3.org/2001/XMLSchema#string>
"DGNOPGIIPQKNHD-GVIZVCPESA-N"	<http://www.wikidata.org/entity/Q104978924>	<http://www.wikidata.org/entity/Q3274110>	"Nageia nagi"^^<http://www.w3.org/2001/XMLSchema#string>
"DGNOPGIIPQKNHD-OXSBDFPOSA-N"	<http://www.wikidata.org/entity/Q104392358>	<http://www.wikidata.org/entity/Q3274110>	"Nageia nagi"^^<http://www.w3.org/2001/XMLSchema#string>
"DGNOPGIIPQKNHD-RSKPZANQSA-N"	<http://www.wikidata.org/entity/Q76005848>	<http://www.wikidata.org/entity/Q3274110>	"Nageia nagi"^^<http://www.w3.org/2001/XMLSchema#string>
"DGNOPGIIPQKNHD-UHFFFAOYSA-N"	<http://www.wikidata.org/entity/Q104978930>	<http://www.wikidata.org/entity/Q3274110>	"Nageia nagi"^^<http://www.w3.org/2001/XMLSchema#string>
"DGNOPGIIPQKNHD-UHFFFAOYSA-N"	<http://www.wikidata.org/entity/Q104978930>	<http://www.wikidata.org/entity/Q823016>	"Podocarpus nubigenus"^^<http://www.w3.org/2001/XMLSchema#string>
"DHLPMLVSBRRUGA-RXMQYKEDSA-N"	<http://www.wikidata.org/entity/Q4641539>	<http://www.wikidata.org/entity/Q3266951>	"Handroanthus impetiginosus"^^<http://www.w3.org/2001/XMLSchema#string>
"DHLPMLVSBRRUGA-YFKPBYRVSA-N"	<http://www.wikidata.org/entity/Q104980351>	<http://www.wikidata.org/entity/Q3266951>	"Handroanthus impetiginosus"^^<http://www.w3.org/2001/XMLSchema#string>
"DIFWJJFSELKWGA-IPQOMUISSA-N"	<http://www.wikidata.org/entity/Q27293894>	<http://www.wikidata.org/entity/Q909828>	"Shorea robusta"^^<http://www.w3.org/2001/XMLSchema#string>
"DINLEWSRQRXQCK-RRPMUHDTSA-N"	<http://www.wikidata.org/entity/Q104981512>	<http://www.wikidata.org/entity/Q5834163>	"Entandrophragma angolense"^^<http://www.w3.org/2001/XMLSchema#string>
"DIOQZVSQGTUSAI-UHFFFAOYSA-N"	<http://www.wikidata.org/entity/Q150717>	<http://www.wikidata.org/entity/Q162822>	"Eucalyptus camaldulensis"^^<http://www.w3.org/2001/XMLSchema#string>
"DJDONKFPLSVJGI-UHFFFAOYSA-N"	<http://www.wikidata.org/entity/Q82918679>	<http://www.wikidata.org/entity/Q261309>	"Pinus monticola"^^<http://www.w3.org/2001/XMLSchema#string>
"DJKLSYQJVKLXFN-JXOXKRRHSA-N"	<http://www.wikidata.org/entity/Q104982349>	<http://www.wikidata.org/entity/Q162822>	"Eucalyptus camaldulensis"^^<http://www.w3.org/2001/XMLSchema#string>
"DLCVFIMWFKVRTM-LBPRGKRZSA-N"	<http://www.wikidata.org/entity/Q76546307>	<http://www.wikidata.org/entity/Q83170>	"Dalbergia melanoxylon"^^<http://www.w3.org/2001/XMLSchema#string>
"DLFBGJCOHIZRGA-CMKODMSKSA-N"	<http://www.wikidata.org/entity/Q104984231>	<http://www.wikidata.org/entity/Q147388>	"Cryptomeria japonica"^^<http://www.w3.org/2001/XMLSchema#string>
"DLWAHHFLQNUOIA-UHFFFAOYSA-N"	<http://www.wikidata.org/entity/Q104984762>	<http://www.wikidata.org/entity/Q147388>	"Cryptomeria japonica"^^<http://www.w3.org/2001/XMLSchema#string>
"DMVJXSFUJUHRRF-MZBWOGCUSA-N"	<http://www.wikidata.org/entity/Q104985349>	<http://www.wikidata.org/entity/Q161360>	"Chamaecyparis lawsoniana"^^<http://www.w3.org/2001/XMLSchema#string>
"DMXKXBFFJSYDLG-JAZQRGJZSA-N"	<http://www.wikidata.org/entity/Q104985372>	<http://www.wikidata.org/entity/Q147388>	"Cryptomeria japonica"^^<http://www.w3.org/2001/XMLSchema#string>
"DMYISGJMGRTXJW-PZJWPPBQSA-N"	<http://www.wikidata.org/entity/Q100145905>	<http://www.wikidata.org/entity/Q147388>	"Cryptomeria japonica"^^<http://www.w3.org/2001/XMLSchema#string>
"DNFJSIPZGYBGON-JCLAUGGVSA-N"	<http://www.wikidata.org/entity/Q104985532>	<http://www.wikidata.org/entity/Q1247582>	"Swietenia mahagoni"^^<http://www.w3.org/2001/XMLSchema#string>
"DNFJSIPZGYBGON-WDXIATPISA-N"	<http://www.wikidata.org/entity/Q104985533>	<http://www.wikidata.org/entity/Q1247582>	"Swietenia mahagoni"^^<http://www.w3.org/2001/XMLSchema#string>
"DOYKMKZYLAAOGH-DOEMEAPXSA-N"	<http://www.wikidata.org/entity/Q15426267>	<http://www.wikidata.org/entity/Q147388>	"Cryptomeria japonica"^^<http://www.w3.org/2001/XMLSchema#string>
"DOYKMKZYLAAOGH-DOEMEAPXSA-N"	<http://www.wikidata.org/entity/Q15426267>	<http://www.wikidata.org/entity/Q33482>	"Platycladus orientalis"^^<http://www.w3.org/2001/XMLSchema#string>
"DOYKMKZYLAAOGH-UGUQBNQJSA-N"	<http://www.wikidata.org/entity/Q104986321>	<http://www.wikidata.org/entity/Q147388>	"Cryptomeria japonica"^^<http://www.w3.org/2001/XMLSchema#string>
"DOYKMKZYLAAOGH-UGUQBNQJSA-N"	<http://www.wikidata.org/entity/Q104986321>	<http://www.wikidata.org/entity/Q33482>	"Platycladus orientalis"^^<http://www.w3.org/2001/XMLSchema#string>
"DOYKMKZYLAAOGH-UHFFFAOYSA-N"	<http://www.wikidata.org/entity/Q104986322>	<http://www.wikidata.org/entity/Q147388>	"Cryptomeria japonica"^^<http://www.w3.org/2001/XMLSchema#string>
"DPAGRPSAFDXQDN-UHFFFAOYSA-N"	<http://www.wikidata.org/entity/Q104986356>	<http://www.wikidata.org/entity/Q15471793>	"Lonchocarpus costaricensis"^^<http://www.w3.org/2001/XMLSchema#string>
"DPHUWDIXHNQOSY-UHFFFAOYSA-N"	<http://www.wikidata.org/entity/Q27294876>	<http://www.wikidata.org/entity/Q3266951>	"Handroanthus impetiginosus"^^<http://www.w3.org/2001/XMLSchema#string>
"DQTNTDDGCXHSBH-FXAWDEMLSA-N"	<http://www.wikidata.org/entity/Q104399751>	<http://www.wikidata.org/entity/Q147388>	"Cryptomeria japonica"^^<http://www.w3.org/2001/XMLSchema#string>
"DRLFMBDRBRZALE-UHFFFAOYSA-N"	<http://www.wikidata.org/entity/Q180912>	<http://www.wikidata.org/entity/Q36071>	"Pistacia vera"^^<http://www.w3.org/2001/XMLSchema#string>
"DRQVGVASTZKOLP-DTKQMDLBSA-N"	<http://www.wikidata.org/entity/Q125028323>	<http://www.wikidata.org/entity/Q3280527>	"Eucalyptus robusta"^^<http://www.w3.org/2001/XMLSchema#string>
"DSCFFEYYQKSRSV-AGZHHQKVSA-N"	<http://www.wikidata.org/entity/Q4946108>	<http://www.wikidata.org/entity/Q33482>	"Platycladus orientalis"^^<http://www.w3.org/2001/XMLSchema#string>
"DSSYKIVIOFKYAU-UHFFFAOYSA-N"	<http://www.wikidata.org/entity/Q181559>	<http://www.wikidata.org/entity/Q147388>	"Cryptomeria japonica"^^<http://www.w3.org/2001/XMLSchema#string>
"DSSYKIVIOFKYAU-UHFFFAOYSA-N"	<http://www.wikidata.org/entity/Q181559>	<http://www.wikidata.org/entity/Q15612952>	"Cryptocarya agathophylla"^^<http://www.w3.org/2001/XMLSchema#string>
"DSSYKIVIOFKYAU-UHFFFAOYSA-N"	<http://www.wikidata.org/entity/Q181559>	<http://www.wikidata.org/entity/Q161360>	"Chamaecyparis lawsoniana"^^<http://www.w3.org/2001/XMLSchema#string>
"DSSYKIVIOFKYAU-UHFFFAOYSA-N"	<http://www.wikidata.org/entity/Q181559>	<http://www.wikidata.org/entity/Q36071>	"Pistacia vera"^^<http://www.w3.org/2001/XMLSchema#string>
"DTGKSKDOIYIVQL-HHCGNCNQSA-N"	<http://www.wikidata.org/entity/Q104249589>	<http://www.wikidata.org/entity/Q147388>	"Cryptomeria japonica"^^<http://www.w3.org/2001/XMLSchema#string>
"DTGKSKDOIYIVQL-HHCGNCNQSA-N"	<http://www.wikidata.org/entity/Q104249589>	<http://www.wikidata.org/entity/Q15612952>	"Cryptocarya agathophylla"^^<http://www.w3.org/2001/XMLSchema#string>
"DTGKSKDOIYIVQL-HHCGNCNQSA-N"	<http://www.wikidata.org/entity/Q104249589>	<http://www.wikidata.org/entity/Q36071>	"Pistacia vera"^^<http://www.w3.org/2001/XMLSchema#string>
"DTGKSKDOIYIVQL-HHCGNCNQSA-N"	<http://www.wikidata.org/entity/Q104249589>	<http://www.wikidata.org/entity/Q482510>	"Eucalyptus grandis"^^<http://www.w3.org/2001/XMLSchema#string>
"DTGKSKDOIYIVQL-UHFFFAOYSA-N"	<http://www.wikidata.org/entity/Q27103499>	<http://www.wikidata.org/entity/Q161360>	"Chamaecyparis lawsoniana"^^<http://www.w3.org/2001/XMLSchema#string>
"DTGKSKDOIYIVQL-UHFFFAOYSA-N"	<http://www.wikidata.org/entity/Q27103499>	<http://www.wikidata.org/entity/Q162822>	"Eucalyptus camaldulensis"^^<http://www.w3.org/2001/XMLSchema#string>
"DTGKSKDOIYIVQL-UHFFFAOYSA-N"	<http://www.wikidata.org/entity/Q27103499>	<http://www.wikidata.org/entity/Q261309>	"Pinus monticola"^^<http://www.w3.org/2001/XMLSchema#string>
"DTOSIQBPPRVQHS-IUQGRGSQSA-N"	<http://www.wikidata.org/entity/Q27286664>	<http://www.wikidata.org/entity/Q147388>	"Cryptomeria japonica"^^<http://www.w3.org/2001/XMLSchema#string>
"DTOSIQBPPRVQHS-IUQGRGSQSA-N"	<http://www.wikidata.org/entity/Q27286664>	<http://www.wikidata.org/entity/Q36071>	"Pistacia vera"^^<http://www.w3.org/2001/XMLSchema#string>
"DTOSIQBPPRVQHS-PDBXOOCHSA-N"	<http://www.wikidata.org/entity/Q256502>	<http://www.wikidata.org/entity/Q147388>	"Cryptomeria japonica"^^<http://www.w3.org/2001/XMLSchema#string>
"DTOSIQBPPRVQHS-PDBXOOCHSA-N"	<http://www.wikidata.org/entity/Q256502>	<http://www.wikidata.org/entity/Q36071>	"Pistacia vera"^^<http://www.w3.org/2001/XMLSchema#string>
"DTWMLACXVXYHJD-IPJXLRNBSA-N"	<http://www.wikidata.org/entity/Q110185280>	<http://www.wikidata.org/entity/Q1247582>	"Swietenia mahagoni"^^<http://www.w3.org/2001/XMLSchema#string>
"DUBCCGAQYVUYEU-ZUGPOPFOSA-N"	<http://www.wikidata.org/entity/Q6871627>	<http://www.wikidata.org/entity/Q162822>	"Eucalyptus camaldulensis"^^<http://www.w3.org/2001/XMLSchema#string>
"DUBCCGAQYVUYEU-ZUGPOPFOSA-N"	<http://www.wikidata.org/entity/Q6871627>	<http://www.wikidata.org/entity/Q2137116>	"Eucalyptus viminalis"^^<http://www.w3.org/2001/XMLSchema#string>
"DUCIYIHTTCVNJA-UHFFFAOYSA-N"	<http://www.wikidata.org/entity/Q104667232>	<http://www.wikidata.org/entity/Q15612952>	"Cryptocarya agathophylla"^^<http://www.w3.org/2001/XMLSchema#string>
"DUCIYIHTTCVNJA-UHFFFAOYSA-N"	<http://www.wikidata.org/entity/Q104667232>	<http://www.wikidata.org/entity/Q18076816>	"Leplaea cedrata"^^<http://www.w3.org/2001/XMLSchema#string>
"DUEINKIQNGZKPL-VYJAJWGXSA-N"	<http://www.wikidata.org/entity/Q27123466>	<http://www.wikidata.org/entity/Q147388>	"Cryptomeria japonica"^^<http://www.w3.org/2001/XMLSchema#string>
"DUMZYTYPNQNWMU-CTHBEMJXSA-N"	<http://www.wikidata.org/entity/Q104989339>	<http://www.wikidata.org/entity/Q147388>	"Cryptomeria japonica"^^<http://www.w3.org/2001/XMLSchema#string>
"DVASWGUNFKKFPR-LCSZQOBJSA-N"	<http://www.wikidata.org/entity/Q104989769>	<http://www.wikidata.org/entity/Q147388>	"Cryptomeria japonica"^^<http://www.w3.org/2001/XMLSchema#string>
"DVUXXXYVVWRAIA-UDEVJOAWSA-N"	<http://www.wikidata.org/entity/Q27124122>	<http://www.wikidata.org/entity/Q147388>	"Cryptomeria japonica"^^<http://www.w3.org/2001/XMLSchema#string>
"DWDOXTINEVOYSV-FFZOFVMBSA-N"	<http://www.wikidata.org/entity/Q104990492>	<http://www.wikidata.org/entity/Q147388>	"Cryptomeria japonica"^^<http://www.w3.org/2001/XMLSchema#string>
"DWLHCWUIQVURCE-KCACFXOTSA-N"	<http://www.wikidata.org/entity/Q104990598>	<http://www.wikidata.org/entity/Q147388>	"Cryptomeria japonica"^^<http://www.w3.org/2001/XMLSchema#string>
"DWUIDNXIJFWVRX-PEQLHJJVSA-N"	<http://www.wikidata.org/entity/Q104990756>	<http://www.wikidata.org/entity/Q3266951>	"Handroanthus impetiginosus"^^<http://www.w3.org/2001/XMLSchema#string>
"DXDRHHKMWQZJHT-FPYGCLRLSA-N"	<http://www.wikidata.org/entity/Q3155537>	<http://www.wikidata.org/entity/Q2385259>	"Pterocarpus marsupium"^^<http://www.w3.org/2001/XMLSchema#string>
"DXDRHHKMWQZJHT-UHFFFAOYSA-N"	<http://www.wikidata.org/entity/Q27165761>	<http://www.wikidata.org/entity/Q2385259>	"Pterocarpus marsupium"^^<http://www.w3.org/2001/XMLSchema#string>
"DYJDPNXKUMPXEJ-DZLVSBGCSA-N"	<http://www.wikidata.org/entity/Q27136789>	<http://www.wikidata.org/entity/Q3274110>	"Nageia nagi"^^<http://www.w3.org/2001/XMLSchema#string>
"DYLPEFGBWGEFBB-OSFYFWSMSA-N"	<http://www.wikidata.org/entity/Q76416645>	<http://www.wikidata.org/entity/Q33482>	"Platycladus orientalis"^^<http://www.w3.org/2001/XMLSchema#string>
"DYNYPTPHUFKWRF-BYCOSLBDSA-N"	<http://www.wikidata.org/entity/Q104991470>	<http://www.wikidata.org/entity/Q15432960>	"Erythrophleum lasianthum"^^<http://www.w3.org/2001/XMLSchema#string>
"DZNVIZQPWLDQHI-UHFFFAOYSA-N"	<http://www.wikidata.org/entity/Q27114304>	<http://www.wikidata.org/entity/Q147388>	"Cryptomeria japonica"^^<http://www.w3.org/2001/XMLSchema#string>
"FAARLWTXUUQFSN-UHFFFAOYSA-N"	<http://www.wikidata.org/entity/Q104401532>	<http://www.wikidata.org/entity/Q2998198>	"Corymbia calophylla"^^<http://www.w3.org/2001/XMLSchema#string>
"FAMPSKZZVDUYOS-HRGUGZIWSA-N"	<http://www.wikidata.org/entity/Q1995108>	<http://www.wikidata.org/entity/Q147388>	"Cryptomeria japonica"^^<http://www.w3.org/2001/XMLSchema#string>
"FAMPSKZZVDUYOS-HRGUGZIWSA-N"	<http://www.wikidata.org/entity/Q1995108>	<http://www.wikidata.org/entity/Q15612952>	"Cryptocarya agathophylla"^^<http://www.w3.org/2001/XMLSchema#string>
"FAMPSKZZVDUYOS-HRGUGZIWSA-N"	<http://www.wikidata.org/entity/Q1995108>	<http://www.wikidata.org/entity/Q161360>	"Chamaecyparis lawsoniana"^^<http://www.w3.org/2001/XMLSchema#string>
"FAMPSKZZVDUYOS-HRGUGZIWSA-N"	<http://www.wikidata.org/entity/Q1995108>	<http://www.wikidata.org/entity/Q18076816>	"Leplaea cedrata"^^<http://www.w3.org/2001/XMLSchema#string>
"FAMPSKZZVDUYOS-HRGUGZIWSA-N"	<http://www.wikidata.org/entity/Q1995108>	<http://www.wikidata.org/entity/Q234126>	"Aegle marmelos"^^<http://www.w3.org/2001/XMLSchema#string>
"FAMPSKZZVDUYOS-HRGUGZIWSA-N"	<http://www.wikidata.org/entity/Q1995108>	<http://www.wikidata.org/entity/Q33482>	"Platycladus orientalis"^^<http://www.w3.org/2001/XMLSchema#string>
"FAMPSKZZVDUYOS-YRWGZVKJSA-N"	<http://www.wikidata.org/entity/Q104247137>	<http://www.wikidata.org/entity/Q161360>	"Chamaecyparis lawsoniana"^^<http://www.w3.org/2001/XMLSchema#string>
"FBSKJMQYURKNSU-UHFFFAOYSA-N"	<http://www.wikidata.org/entity/Q104665494>	<http://www.wikidata.org/entity/Q156907>	"Fraxinus excelsior"^^<http://www.w3.org/2001/XMLSchema#string>
"FBSKJMQYURKNSU-ZLSOWSIRSA-N"	<http://www.wikidata.org/entity/Q411426>	<http://www.wikidata.org/entity/Q156907>	"Fraxinus excelsior"^^<http://www.w3.org/2001/XMLSchema#string>
"FBUPXHQDNXCVLC-AISPUCENSA-N"	<http://www.wikidata.org/entity/Q104992954>	<http://www.wikidata.org/entity/Q2385259>	"Pterocarpus marsupium"^^<http://www.w3.org/2001/XMLSchema#string>
"FCSRUSQUAVXUKK-UHFFFAOYSA-N"	<http://www.wikidata.org/entity/Q103818890>	<http://www.wikidata.org/entity/Q147388>	"Cryptomeria japonica"^^<http://www.w3.org/2001/XMLSchema#string>
"FCSRUSQUAVXUKK-VNHYZAJKSA-N"	<http://www.wikidata.org/entity/Q27108609>	<http://www.wikidata.org/entity/Q147388>	"Cryptomeria japonica"^^<http://www.w3.org/2001/XMLSchema#string>
"FCSRUSQUAVXUKK-VNHYZAJKSA-N"	<http://www.wikidata.org/entity/Q27108609>	<http://www.wikidata.org/entity/Q161360>	"Chamaecyparis lawsoniana"^^<http://www.w3.org/2001/XMLSchema#string>
"FCSRUSQUAVXUKK-VNHYZAJKSA-N"	<http://www.wikidata.org/entity/Q27108609>	<http://www.wikidata.org/entity/Q18076816>	"Leplaea cedrata"^^<http://www.w3.org/2001/XMLSchema#string>
"FDPZGIYDJZEQNE-BDLOOMQFSA-N"	<http://www.wikidata.org/entity/Q104993695>	<http://www.wikidata.org/entity/Q147388>	"Cryptomeria japonica"^^<http://www.w3.org/2001/XMLSchema#string>
"FEHZXRNYETYZHE-NZZSDUTASA-N"	<http://www.wikidata.org/entity/Q104993977>	<http://www.wikidata.org/entity/Q15388741>	"Ceriops decandra"^^<http://www.w3.org/2001/XMLSchema#string>
"FELCJAPFJOPHSD-ROUWMTJPSA-N"	<http://www.wikidata.org/entity/Q76009748>	<http://www.wikidata.org/entity/Q15388741>	"Ceriops decandra"^^<http://www.w3.org/2001/XMLSchema#string>
"FERIUCNNQQJTOY-UHFFFAOYSA-N"	<http://www.wikidata.org/entity/Q193213>	<http://www.wikidata.org/entity/Q33482>	"Platycladus orientalis"^^<http://www.w3.org/2001/XMLSchema#string>
"FFCWRLFQIKDRNO-SNBOQGAASA-N"	<http://www.wikidata.org/entity/Q104994357>	<http://www.wikidata.org/entity/Q2065540>	"Taxus brevifolia"^^<http://www.w3.org/2001/XMLSchema#string>
"FHQSDRHZGCMBKG-FEHORTKBSA-N"	<http://www.wikidata.org/entity/Q104995413>	<http://www.wikidata.org/entity/Q33482>	"Platycladus orientalis"^^<http://www.w3.org/2001/XMLSchema#string>
"FHQSDRHZGCMBKG-FIYPYCPBSA-N"	<http://www.wikidata.org/entity/Q104399319>	<http://www.wikidata.org/entity/Q33482>	"Platycladus orientalis"^^<http://www.w3.org/2001/XMLSchema#string>
"FIAAVMJLAGNUKW-VQVVXJKKSA-N"	<http://www.wikidata.org/entity/Q72516285>	<http://www.wikidata.org/entity/Q1788810>	"Pistacia atlantica"^^<http://www.w3.org/2001/XMLSchema#string>
"FIDUIAPDSKSUGO-UHFFFAOYSA-N"	<http://www.wikidata.org/entity/Q27137383>	<http://www.wikidata.org/entity/Q234126>	"Aegle marmelos"^^<http://www.w3.org/2001/XMLSchema#string>
"FJKROLUGYXJWQN-UHFFFAOYSA-N"	<http://www.wikidata.org/entity/Q229970>	<http://www.wikidata.org/entity/Q162822>	"Eucalyptus camaldulensis"^^<http://www.w3.org/2001/XMLSchema#string>
"FJKROLUGYXJWQN-UHFFFAOYSA-N"	<http://www.wikidata.org/entity/Q229970>	<http://www.wikidata.org/entity/Q3266951>	"Handroanthus impetiginosus"^^<http://www.w3.org/2001/XMLSchema#string>
"FLIACVVOZYBSBS-UHFFFAOYSA-N"	<http://www.wikidata.org/entity/Q16676086>	<http://www.wikidata.org/entity/Q147388>	"Cryptomeria japonica"^^<http://www.w3.org/2001/XMLSchema#string>
"FLIACVVOZYBSBS-UHFFFAOYSA-N"	<http://www.wikidata.org/entity/Q16676086>	<http://www.wikidata.org/entity/Q33482>	"Platycladus orientalis"^^<http://www.w3.org/2001/XMLSchema#string>
"FLLLEVXQNGRTCK-RMOHBAFUSA-N"	<http://www.wikidata.org/entity/Q104997217>	<http://www.wikidata.org/entity/Q3266951>	"Handroanthus impetiginosus"^^<http://www.w3.org/2001/XMLSchema#string>
"FLWJMCQMFYULRV-CDBYDPPHSA-N"	<http://www.wikidata.org/entity/Q104997567>	<http://www.wikidata.org/entity/Q5834163>	"Entandrophragma angolense"^^<http://www.w3.org/2001/XMLSchema#string>
"FMMOOAYVCKXGMF-MURFETPASA-N"	<http://www.wikidata.org/entity/Q27104200>	<http://www.wikidata.org/entity/Q147388>	"Cryptomeria japonica"^^<http://www.w3.org/2001/XMLSchema#string>
"FMPIEMVVEJGMCY-HPHVTGLNSA-N"	<http://www.wikidata.org/entity/Q104399313>	<http://www.wikidata.org/entity/Q2065540>	"Taxus brevifolia"^^<http://www.w3.org/2001/XMLSchema#string>
"FMQQLXJREAGPHS-OJWSHTDTSA-N"	<http://www.wikidata.org/entity/Q82955648>	<http://www.wikidata.org/entity/Q2137116>	"Eucalyptus viminalis"^^<http://www.w3.org/2001/XMLSchema#string>
"FMSFBVNDANCOGZ-TZASBNDZSA-N"	<http://www.wikidata.org/entity/Q104998024>	<http://www.wikidata.org/entity/Q1331299>	"Nauclea diderrichii"^^<http://www.w3.org/2001/XMLSchema#string>
"FNFBYOKOPYBWMY-ZETCQYMHSA-N"	<http://www.wikidata.org/entity/Q104998270>	<http://www.wikidata.org/entity/Q482510>	"Eucalyptus grandis"^^<http://www.w3.org/2001/XMLSchema#string>
"FNNZMRSRVYUVQT-AZUAARDMSA-N"	<http://www.wikidata.org/entity/Q27108386>	<http://www.wikidata.org/entity/Q147388>	"Cryptomeria japonica"^^<http://www.w3.org/2001/XMLSchema#string>
"FNOAGICHBKKJLR-JFOHDYCDSA-N"	<http://www.wikidata.org/entity/Q104998408>	<http://www.wikidata.org/entity/Q147388>	"Cryptomeria japonica"^^<http://www.w3.org/2001/XMLSchema#string>
"FNPXSSIBZAQOBP-OKGPKKKOSA-N"	<http://www.wikidata.org/entity/Q104998436>	<http://www.wikidata.org/entity/Q15612952>	"Cryptocarya agathophylla"^^<http://www.w3.org/2001/XMLSchema#string>
"FNSIEKLXCBZZLB-AWEZNQCLSA-N"	<http://www.wikidata.org/entity/Q104998486>	<http://www.wikidata.org/entity/Q3274110>	"Nageia nagi"^^<http://www.w3.org/2001/XMLSchema#string>
"FNSXIWZZZIJORF-CQSZACIVSA-N"	<http://www.wikidata.org/entity/Q67879812>	<http://www.wikidata.org/entity/Q147388>	"Cryptomeria japonica"^^<http://www.w3.org/2001/XMLSchema#string>
"FNTJVYCFNVUBOL-ZUGPOPFOSA-N"	<http://www.wikidata.org/entity/Q27145499>	<http://www.wikidata.org/entity/Q162822>	"Eucalyptus camaldulensis"^^<http://www.w3.org/2001/XMLSchema#string>
"FNYRUDPDRBZKNC-UHFFFAOYSA-N"	<http://www.wikidata.org/entity/Q110191067>	<http://www.wikidata.org/entity/Q33482>	"Platycladus orientalis"^^<http://www.w3.org/2001/XMLSchema#string>
"FOBXOZMHEKILEY-MUYACECFSA-N"	<http://www.wikidata.org/entity/Q104375769>	<http://www.wikidata.org/entity/Q147388>	"Cryptomeria japonica"^^<http://www.w3.org/2001/XMLSchema#string>
"FOEBWBJOXJBODA-RRHJOLCQSA-N"	<http://www.wikidata.org/entity/Q104998726>	<http://www.wikidata.org/entity/Q2065540>	"Taxus brevifolia"^^<http://www.w3.org/2001/XMLSchema#string>
"FOWUQUQIDYYMAT-TUGUJQRKSA-N"	<http://www.wikidata.org/entity/Q104999007>	<http://www.wikidata.org/entity/Q147388>	"Cryptomeria japonica"^^<http://www.w3.org/2001/XMLSchema#string>
"FQIWHGYDQMBKQO-GFHLGOHOSA-N"	<http://www.wikidata.org/entity/Q104999671>	<http://www.wikidata.org/entity/Q15393963>	"Jatropha mahafalensis"^^<http://www.w3.org/2001/XMLSchema#string>
"FQMZVFJYMPNUCT-YRNVUSSQSA-N"	<http://www.wikidata.org/entity/Q15726045>	<http://www.wikidata.org/entity/Q147388>	"Cryptomeria japonica"^^<http://www.w3.org/2001/XMLSchema#string>
"FQTLCLSUCSAZDY-GOFCXVBSSA-N"	<http://www.wikidata.org/entity/Q27126989>	<http://www.wikidata.org/entity/Q147388>	"Cryptomeria japonica"^^<http://www.w3.org/2001/XMLSchema#string>
"FQTLCLSUCSAZDY-GOFCXVBSSA-N"	<http://www.wikidata.org/entity/Q27126989>	<http://www.wikidata.org/entity/Q161360>	"Chamaecyparis lawsoniana"^^<http://www.w3.org/2001/XMLSchema#string>
"FQTQTFGYCBKCGB-UHFFFAOYSA-N"	<http://www.wikidata.org/entity/Q104999871>	<http://www.wikidata.org/entity/Q1247582>	"Swietenia mahagoni"^^<http://www.w3.org/2001/XMLSchema#string>
"FQTQTFGYCBKCGB-VHIHOINPSA-N"	<http://www.wikidata.org/entity/Q104999872>	<http://www.wikidata.org/entity/Q1247582>	"Swietenia mahagoni"^^<http://www.w3.org/2001/XMLSchema#string>
"FRMCCTDTYSRUBE-BGPZULBFSA-N"	<http://www.wikidata.org/entity/Q1376658>	<http://www.wikidata.org/entity/Q15612952>	"Cryptocarya agathophylla"^^<http://www.w3.org/2001/XMLSchema#string>
"FRMCCTDTYSRUBE-BGPZULBFSA-N"	<http://www.wikidata.org/entity/Q1376658>	<http://www.wikidata.org/entity/Q162822>	"Eucalyptus camaldulensis"^^<http://www.w3.org/2001/XMLSchema#string>
"FRMCCTDTYSRUBE-BGPZULBFSA-N"	<http://www.wikidata.org/entity/Q1376658>	<http://www.wikidata.org/entity/Q482510>	"Eucalyptus grandis"^^<http://www.w3.org/2001/XMLSchema#string>
"FRMCCTDTYSRUBE-JYKNGBAOSA-N"	<http://www.wikidata.org/entity/Q104253249>	<http://www.wikidata.org/entity/Q15612952>	"Cryptocarya agathophylla"^^<http://www.w3.org/2001/XMLSchema#string>
"FRMCCTDTYSRUBE-JYKNGBAOSA-N"	<http://www.wikidata.org/entity/Q104253249>	<http://www.wikidata.org/entity/Q162822>	"Eucalyptus camaldulensis"^^<http://www.w3.org/2001/XMLSchema#string>
"FRMCCTDTYSRUBE-JYKNGBAOSA-N"	<http://www.wikidata.org/entity/Q104253249>	<http://www.wikidata.org/entity/Q482510>	"Eucalyptus grandis"^^<http://www.w3.org/2001/XMLSchema#string>
"FRNCTTUBAHKEBZ-UHFFFAOYSA-N"	<http://www.wikidata.org/entity/Q72489445>	<http://www.wikidata.org/entity/Q1331299>	"Nauclea diderrichii"^^<http://www.w3.org/2001/XMLSchema#string>
"FRQQICZGMXISSV-LAMXMUIOSA-N"	<http://www.wikidata.org/entity/Q105000376>	<http://www.wikidata.org/entity/Q1247582>	"Swietenia mahagoni"^^<http://www.w3.org/2001/XMLSchema#string>
"FSBIGDSBMBYOPN-VKHMYHEASA-N"	<http://www.wikidata.org/entity/Q418408>	<http://www.wikidata.org/entity/Q675377>	"Olneya tesota"^^<http://www.w3.org/2001/XMLSchema#string>
"FSLPMRQHCOLESF-SFMCKYFRSA-N"	<http://www.wikidata.org/entity/Q2501558>	<http://www.wikidata.org/entity/Q1137143>	"Tsuga canadensis"^^<http://www.w3.org/2001/XMLSchema#string>
"FSLPMRQHCOLESF-SFMCKYFRSA-N"	<http://www.wikidata.org/entity/Q2501558>	<http://www.wikidata.org/entity/Q15388741>	"Ceriops decandra"^^<http://www.w3.org/2001/XMLSchema#string>
"FSLPMRQHCOLESF-SFMCKYFRSA-N"	<http://www.wikidata.org/entity/Q2501558>	<http://www.wikidata.org/entity/Q909828>	"Shorea robusta"^^<http://www.w3.org/2001/XMLSchema#string>
"FSLWKIHHQUNBQK-AKZLODSSSA-N"	<http://www.wikidata.org/entity/Q105000763>	<http://www.wikidata.org/entity/Q147388>	"Cryptomeria japonica"^^<http://www.w3.org/2001/XMLSchema#string>
"FSRZGYRCMPZNJF-KHMAMNHCSA-N"	<http://www.wikidata.org/entity/Q27108624>	<http://www.wikidata.org/entity/Q147388>	"Cryptomeria japonica"^^<http://www.w3.org/2001/XMLSchema#string>
"FSVMLWOLZHGCQX-UHFFFAOYSA-N"	<http://www.wikidata.org/entity/Q125027747>	<http://www.wikidata.org/entity/Q2998198>	"Corymbia calophylla"^^<http://www.w3.org/2001/XMLSchema#string>
"FTCLBYQXOXLBJY-HZSPNIEDSA-N"	<http://www.wikidata.org/entity/Q105000978>	<http://www.wikidata.org/entity/Q234126>	"Aegle marmelos"^^<http://www.w3.org/2001/XMLSchema#string>
"FTEUSHRMTWTVTP-SNVBAGLBSA-N"	<http://www.wikidata.org/entity/Q105001015>	<http://www.wikidata.org/entity/Q36071>	"Pistacia vera"^^<http://www.w3.org/2001/XMLSchema#string>
"FTVWIRXFELQLPI-CYBMUJFWSA-N"	<http://www.wikidata.org/entity/Q27121979>	<http://www.wikidata.org/entity/Q147388>	"Cryptomeria japonica"^^<http://www.w3.org/2001/XMLSchema#string>
"FTVWIRXFELQLPI-ZDUSSCGKSA-N"	<http://www.wikidata.org/entity/Q418374>	<http://www.wikidata.org/entity/Q12700996>	"Intsia bijuga"^^<http://www.w3.org/2001/XMLSchema#string>
"FTVWIRXFELQLPI-ZDUSSCGKSA-N"	<http://www.wikidata.org/entity/Q418374>	<http://www.wikidata.org/entity/Q147388>	"Cryptomeria japonica"^^<http://www.w3.org/2001/XMLSchema#string>
"FTVWIRXFELQLPI-ZDUSSCGKSA-N"	<http://www.wikidata.org/entity/Q418374>	<http://www.wikidata.org/entity/Q2385259>	"Pterocarpus marsupium"^^<http://www.w3.org/2001/XMLSchema#string>
"FUCYIEXQVQJBKY-ZFWWWQNUSA-N"	<http://www.wikidata.org/entity/Q27089406>	<http://www.wikidata.org/entity/Q147388>	"Cryptomeria japonica"^^<http://www.w3.org/2001/XMLSchema#string>
"FUCYIEXQVQJBKY-ZFWWWQNUSA-N"	<http://www.wikidata.org/entity/Q27089406>	<http://www.wikidata.org/entity/Q15612952>	"Cryptocarya agathophylla"^^<http://www.w3.org/2001/XMLSchema#string>
"FUCYIEXQVQJBKY-ZFWWWQNUSA-N"	<http://www.wikidata.org/entity/Q27089406>	<http://www.wikidata.org/entity/Q161360>	"Chamaecyparis lawsoniana"^^<http://www.w3.org/2001/XMLSchema#string>
"FUCYIEXQVQJBKY-ZFWWWQNUSA-N"	<http://www.wikidata.org/entity/Q27089406>	<http://www.wikidata.org/entity/Q36071>	"Pistacia vera"^^<http://www.w3.org/2001/XMLSchema#string>
"FURUXTVZLHCCNA-AWEZNQCLSA-N"	<http://www.wikidata.org/entity/Q6557526>	<http://www.wikidata.org/entity/Q2385259>	"Pterocarpus marsupium"^^<http://www.w3.org/2001/XMLSchema#string>
"FURUXTVZLHCCNA-UHFFFAOYSA-N"	<http://www.wikidata.org/entity/Q72487544>	<http://www.wikidata.org/entity/Q2385259>	"Pterocarpus marsupium"^^<http://www.w3.org/2001/XMLSchema#string>
"FUYIIAJEXUJNFA-UHFFFAOYSA-N"	<http://www.wikidata.org/entity/Q82921604>	<http://www.wikidata.org/entity/Q234126>	"Aegle marmelos"^^<http://www.w3.org/2001/XMLSchema#string>
"FVEWFIHDICYCAS-CQYDVNOOSA-N"	<http://www.wikidata.org/entity/Q105002341>	<http://www.wikidata.org/entity/Q3266951>	"Handroanthus impetiginosus"^^<http://www.w3.org/2001/XMLSchema#string>
"FVFQELHSZVFPDZ-VIFPVBQESA-N"	<http://www.wikidata.org/entity/Q72506872>	<http://www.wikidata.org/entity/Q234126>	"Aegle marmelos"^^<http://www.w3.org/2001/XMLSchema#string>
"FVQYDVAAZIXQID-AZCYGJOYSA-N"	<http://www.wikidata.org/entity/Q105002710>	<http://www.wikidata.org/entity/Q156907>	"Fraxinus excelsior"^^<http://www.w3.org/2001/XMLSchema#string>
"FVQYDVAAZIXQID-DTYPFZMBSA-N"	<http://www.wikidata.org/entity/Q105002711>	<http://www.wikidata.org/entity/Q156907>	"Fraxinus excelsior"^^<http://www.w3.org/2001/XMLSchema#string>
"FVWJYYTZTCVBKE-ROUWMTJPSA-N"	<http://www.wikidata.org/entity/Q419726>	<http://www.wikidata.org/entity/Q1137143>	"Tsuga canadensis"^^<http://www.w3.org/2001/XMLSchema#string>
"FVWJYYTZTCVBKE-ROUWMTJPSA-N"	<http://www.wikidata.org/entity/Q419726>	<http://www.wikidata.org/entity/Q15388741>	"Ceriops decandra"^^<http://www.w3.org/2001/XMLSchema#string>
"FVYXIJYOAGAUQK-UHFFFAOYSA-N"	<http://www.wikidata.org/entity/Q5896650>	<http://www.wikidata.org/entity/Q147388>	"Cryptomeria japonica"^^<http://www.w3.org/2001/XMLSchema#string>
"FWKDHGIXHPHDTH-VKNDTYNNSA-N"	<http://www.wikidata.org/entity/Q105003329>	<http://www.wikidata.org/entity/Q1247582>	"Swietenia mahagoni"^^<http://www.w3.org/2001/XMLSchema#string>
"FWWQKRXKHIRPJY-UHFFFAOYSA-N"	<http://www.wikidata.org/entity/Q7076690>	<http://www.wikidata.org/entity/Q15612952>	"Cryptocarya agathophylla"^^<http://www.w3.org/2001/XMLSchema#string>
"FWXLARJJANLKJQ-BPNYYHPPSA-N"	<http://www.wikidata.org/entity/Q115970542>	<http://www.wikidata.org/entity/Q3274110>	"Nageia nagi"^^<http://www.w3.org/2001/XMLSchema#string>
"FWYCIOBDBCZPAC-JGARHZPYSA-N"	<http://www.wikidata.org/entity/Q115970563>	<http://www.wikidata.org/entity/Q3274110>	"Nageia nagi"^^<http://www.w3.org/2001/XMLSchema#string>
"FWYSBEAFFPBAQU-GFCCVEGCSA-N"	<http://www.wikidata.org/entity/Q27121472>	<http://www.wikidata.org/entity/Q234126>	"Aegle marmelos"^^<http://www.w3.org/2001/XMLSchema#string>
"FWYSBEAFFPBAQU-LBPRGKRZSA-N"	<http://www.wikidata.org/entity/Q13847605>	<http://www.wikidata.org/entity/Q234126>	"Aegle marmelos"^^<http://www.w3.org/2001/XMLSchema#string>
"FXCLSQHGURWPTH-ROVGKIKZSA-N"	<http://www.wikidata.org/entity/Q105003833>	<http://www.wikidata.org/entity/Q1247582>	"Swietenia mahagoni"^^<http://www.w3.org/2001/XMLSchema#string>
"FXMITKCQEXIIPZ-HCWHUNCVSA-N"	<http://www.wikidata.org/entity/Q105004026>	<http://www.wikidata.org/entity/Q83170>	"Dalbergia melanoxylon"^^<http://www.w3.org/2001/XMLSchema#string>
"FYIJLTSMNXUNLT-CXQFPWCTSA-N"	<http://www.wikidata.org/entity/Q17119299>	<http://www.wikidata.org/entity/Q2137116>	"Eucalyptus viminalis"^^<http://www.w3.org/2001/XMLSchema#string>
"FYSWOGDQLZZJNN-BEUFEYIVSA-N"	<http://www.wikidata.org/entity/Q105004698>	<http://www.wikidata.org/entity/Q147388>	"Cryptomeria japonica"^^<http://www.w3.org/2001/XMLSchema#string>
"FYUKPQHYILWIKD-ISARSNTHSA-N"	<http://www.wikidata.org/entity/Q105004741>	<http://www.wikidata.org/entity/Q147388>	"Cryptomeria japonica"^^<http://www.w3.org/2001/XMLSchema#string>
"FZSRMADKTOBCNT-HFJXXIIPSA-N"	<http://www.wikidata.org/entity/Q105005155>	<http://www.wikidata.org/entity/Q147388>	"Cryptomeria japonica"^^<http://www.w3.org/2001/XMLSchema#string>
"FZSRMADKTOBCNT-LZHQGQFHSA-N"	<http://www.wikidata.org/entity/Q105005157>	<http://www.wikidata.org/entity/Q147388>	"Cryptomeria japonica"^^<http://www.w3.org/2001/XMLSchema#string>
"GAIBLDCXCZKKJE-ACWLMNNXSA-N"	<http://www.wikidata.org/entity/Q36502089>	<http://www.wikidata.org/entity/Q147388>	"Cryptomeria japonica"^^<http://www.w3.org/2001/XMLSchema#string>
"GAIBLDCXCZKKJE-ACWLMNNXSA-N"	<http://www.wikidata.org/entity/Q36502089>	<http://www.wikidata.org/entity/Q33482>	"Platycladus orientalis"^^<http://www.w3.org/2001/XMLSchema#string>
"GAIBLDCXCZKKJE-RXJOXMPGSA-N"	<http://www.wikidata.org/entity/Q27121450>	<http://www.wikidata.org/entity/Q147388>	"Cryptomeria japonica"^^<http://www.w3.org/2001/XMLSchema#string>
"GAIBLDCXCZKKJE-RXJOXMPGSA-N"	<http://www.wikidata.org/entity/Q27121450>	<http://www.wikidata.org/entity/Q33482>	"Platycladus orientalis"^^<http://www.w3.org/2001/XMLSchema#string>
"GAIBLDCXCZKKJE-RXJOXMPGSA-N"	<http://www.wikidata.org/entity/Q27121450>	<http://www.wikidata.org/entity/Q909828>	"Shorea robusta"^^<http://www.w3.org/2001/XMLSchema#string>
"GCAXPYWXIWWHHT-GYUQRCGZSA-N"	<http://www.wikidata.org/entity/Q105006180>	<http://www.wikidata.org/entity/Q3280527>	"Eucalyptus robusta"^^<http://www.w3.org/2001/XMLSchema#string>
"GCAXPYWXIWWHHT-UVJWIIJLSA-N"	<http://www.wikidata.org/entity/Q105006183>	<http://www.wikidata.org/entity/Q3280527>	"Eucalyptus robusta"^^<http://www.w3.org/2001/XMLSchema#string>
"GDBYZGRXGDJMHH-JLHYYAGUSA-N"	<http://www.wikidata.org/entity/Q105006640>	<http://www.wikidata.org/entity/Q234126>	"Aegle marmelos"^^<http://www.w3.org/2001/XMLSchema#string>
"GDBYZGRXGDJMHH-UHFFFAOYSA-N"	<http://www.wikidata.org/entity/Q105006641>	<http://www.wikidata.org/entity/Q234126>	"Aegle marmelos"^^<http://www.w3.org/2001/XMLSchema#string>
"GDLRDIDXYBIPFY-UHFFFAOYSA-N"	<http://www.wikidata.org/entity/Q105006785>	<http://www.wikidata.org/entity/Q147388>	"Cryptomeria japonica"^^<http://www.w3.org/2001/XMLSchema#string>
"GDLRDIDXYBIPFY-YWZLYKJASA-N"	<http://www.wikidata.org/entity/Q74410660>	<http://www.wikidata.org/entity/Q147388>	"Cryptomeria japonica"^^<http://www.w3.org/2001/XMLSchema#string>
"GDVRUDXLQBVIKP-HQHREHCSSA-N"	<http://www.wikidata.org/entity/Q5572322>	<http://www.wikidata.org/entity/Q2137116>	"Eucalyptus viminalis"^^<http://www.w3.org/2001/XMLSchema#string>
"GDVRUDXLQBVIKP-UHFFFAOYSA-N"	<http://www.wikidata.org/entity/Q104393260>	<http://www.wikidata.org/entity/Q2137116>	"Eucalyptus viminalis"^^<http://www.w3.org/2001/XMLSchema#string>
"GEUNSGFFCXHJOE-YDMLNEHTSA-N"	<http://www.wikidata.org/entity/Q105007340>	<http://www.wikidata.org/entity/Q15388741>	"Ceriops decandra"^^<http://www.w3.org/2001/XMLSchema#string>
"GFJIQNADMLPFOW-UMVBOHGHSA-N"	<http://www.wikidata.org/entity/Q104253646>	<http://www.wikidata.org/entity/Q147388>	"Cryptomeria japonica"^^<http://www.w3.org/2001/XMLSchema#string>
"GFJIQNADMLPFOW-VNHYZAJKSA-N"	<http://www.wikidata.org/entity/Q27282855>	<http://www.wikidata.org/entity/Q147388>	"Cryptomeria japonica"^^<http://www.w3.org/2001/XMLSchema#string>
"GFJIQNADMLPFOW-VNHYZAJKSA-N"	<http://www.wikidata.org/entity/Q27282855>	<http://www.wikidata.org/entity/Q161360>	"Chamaecyparis lawsoniana"^^<http://www.w3.org/2001/XMLSchema#string>
"GFJIQNADMLPFOW-YDHLFZDLSA-N"	<http://www.wikidata.org/entity/Q105007569>	<http://www.wikidata.org/entity/Q147388>	"Cryptomeria japonica"^^<http://www.w3.org/2001/XMLSchema#string>
"GFRCOBMEGVLODY-UHFFFAOYSA-N"	<http://www.wikidata.org/entity/Q110193494>	<http://www.wikidata.org/entity/Q33482>	"Platycladus orientalis"^^<http://www.w3.org/2001/XMLSchema#string>
"GGFHJVYVXSKMOX-HNGKQJQCSA-N"	<http://www.wikidata.org/entity/Q27139446>	<http://www.wikidata.org/entity/Q234126>	"Aegle marmelos"^^<http://www.w3.org/2001/XMLSchema#string>
"GGNSJMGNHUHCQF-ALSCNVKLSA-N"	<http://www.wikidata.org/entity/Q105008228>	<http://www.wikidata.org/entity/Q482510>	"Eucalyptus grandis"^^<http://www.w3.org/2001/XMLSchema#string>
"GGNSJMGNHUHCQF-DRZYCPRBSA-N"	<http://www.wikidata.org/entity/Q125027880>	<http://www.wikidata.org/entity/Q482510>	"Eucalyptus grandis"^^<http://www.w3.org/2001/XMLSchema#string>
"GGPPLWSUIOWFBI-QBCCGUPOSA-N"	<http://www.wikidata.org/entity/Q105008262>	<http://www.wikidata.org/entity/Q33482>	"Platycladus orientalis"^^<http://www.w3.org/2001/XMLSchema#string>
"GGPPLWSUIOWFBI-UHFFFAOYSA-N"	<http://www.wikidata.org/entity/Q105008265>	<http://www.wikidata.org/entity/Q33482>	"Platycladus orientalis"^^<http://www.w3.org/2001/XMLSchema#string>
"GHVLVGRUNWQKQX-XCUNVJOASA-N"	<http://www.wikidata.org/entity/Q105008747>	<http://www.wikidata.org/entity/Q15432960>	"Erythrophleum lasianthum"^^<http://www.w3.org/2001/XMLSchema#string>
"GIBQERSGRNPMEH-UHFFFAOYSA-N"	<http://www.wikidata.org/entity/Q27160891>	<http://www.wikidata.org/entity/Q147388>	"Cryptomeria japonica"^^<http://www.w3.org/2001/XMLSchema#string>
"GIBQERSGRNPMEH-VXGBXAGGSA-N"	<http://www.wikidata.org/entity/Q104253246>	<http://www.wikidata.org/entity/Q147388>	"Cryptomeria japonica"^^<http://www.w3.org/2001/XMLSchema#string>
"GIXHVOWBYFQWRP-CFZQKRDFSA-N"	<http://www.wikidata.org/entity/Q105009259>	<http://www.wikidata.org/entity/Q15432960>	"Erythrophleum lasianthum"^^<http://www.w3.org/2001/XMLSchema#string>
"GIXHVOWBYFQWRP-RDAQPQQTSA-N"	<http://www.wikidata.org/entity/Q105009260>	<http://www.wikidata.org/entity/Q15432960>	"Erythrophleum lasianthum"^^<http://www.w3.org/2001/XMLSchema#string>
"GJWSUKYXUMVMGX-UHFFFAOYSA-N"	<http://www.wikidata.org/entity/Q2182744>	<http://www.wikidata.org/entity/Q162822>	"Eucalyptus camaldulensis"^^<http://www.w3.org/2001/XMLSchema#string>
"GJYKUZUTZNTBEC-UHFFFAOYSA-N"	<http://www.wikidata.org/entity/Q408209>	<http://www.wikidata.org/entity/Q147388>	"Cryptomeria japonica"^^<http://www.w3.org/2001/XMLSchema#string>
"GLJXUJMLZHNKJU-CENDIDJXSA-N"	<http://www.wikidata.org/entity/Q105010992>	<http://www.wikidata.org/entity/Q147388>	"Cryptomeria japonica"^^<http://www.w3.org/2001/XMLSchema#string>
"GLZPCOQZEFWAFX-JXMROGBWSA-N"	<http://www.wikidata.org/entity/Q410836>	<http://www.wikidata.org/entity/Q147388>	"Cryptomeria japonica"^^<http://www.w3.org/2001/XMLSchema#string>
"GLZPCOQZEFWAFX-JXMROGBWSA-N"	<http://www.wikidata.org/entity/Q410836>	<http://www.wikidata.org/entity/Q161360>	"Chamaecyparis lawsoniana"^^<http://www.w3.org/2001/XMLSchema#string>
"GLZPCOQZEFWAFX-YFHOEESVSA-N"	<http://www.wikidata.org/entity/Q415359>	<http://www.wikidata.org/entity/Q147388>	"Cryptomeria japonica"^^<http://www.w3.org/2001/XMLSchema#string>
"GLZPCOQZEFWAFX-YFHOEESVSA-N"	<http://www.wikidata.org/entity/Q415359>	<http://www.wikidata.org/entity/Q15612952>	"Cryptocarya agathophylla"^^<http://www.w3.org/2001/XMLSchema#string>
"GMESSRPWBYEAPG-ZWVMGRIOSA-N"	<http://www.wikidata.org/entity/Q104399748>	<http://www.wikidata.org/entity/Q147388>	"Cryptomeria japonica"^^<http://www.w3.org/2001/XMLSchema#string>
"GMHWATCMBXIANN-GJFSMOKSSA-N"	<http://www.wikidata.org/entity/Q105011844>	<http://www.wikidata.org/entity/Q15432960>	"Erythrophleum lasianthum"^^<http://www.w3.org/2001/XMLSchema#string>
"GMHWATCMBXIANN-UHFFFAOYSA-N"	<http://www.wikidata.org/entity/Q105011848>	<http://www.wikidata.org/entity/Q15432960>	"Erythrophleum lasianthum"^^<http://www.w3.org/2001/XMLSchema#string>
"GMQXOLRKJQWPNB-JSTGBQKGSA-N"	<http://www.wikidata.org/entity/Q105012091>	<http://www.wikidata.org/entity/Q156907>	"Fraxinus excelsior"^^<http://www.w3.org/2001/XMLSchema#string>
"GMQXOLRKJQWPNB-MVVLSVRYSA-N"	<http://www.wikidata.org/entity/Q27269447>	<http://www.wikidata.org/entity/Q156907>	"Fraxinus excelsior"^^<http://www.w3.org/2001/XMLSchema#string>
"GMQXOLRKJQWPNB-OETWDZMNSA-N"	<http://www.wikidata.org/entity/Q104391252>	<http://www.wikidata.org/entity/Q156907>	"Fraxinus excelsior"^^<http://www.w3.org/2001/XMLSchema#string>
"GMQXOLRKJQWPNB-UHFFFAOYSA-N"	<http://www.wikidata.org/entity/Q105012101>	<http://www.wikidata.org/entity/Q156907>	"Fraxinus excelsior"^^<http://www.w3.org/2001/XMLSchema#string>
"GOEIYALPGAXEEK-VNZFLSIRSA-N"	<http://www.wikidata.org/entity/Q105013775>	<http://www.wikidata.org/entity/Q3266951>	"Handroanthus impetiginosus"^^<http://www.w3.org/2001/XMLSchema#string>
"GOEIYALPGAXEEK-XORKOADCSA-N"	<http://www.wikidata.org/entity/Q105013778>	<http://www.wikidata.org/entity/Q3266951>	"Handroanthus impetiginosus"^^<http://www.w3.org/2001/XMLSchema#string>
"GOJIPFWYRKXSJU-WZONZLPQSA-N"	<http://www.wikidata.org/entity/Q105014048>	<http://www.wikidata.org/entity/Q482510>	"Eucalyptus grandis"^^<http://www.w3.org/2001/XMLSchema#string>
"GOOJJMAKBXRBIG-UHFFFAOYSA-N"	<http://www.wikidata.org/entity/Q105014316>	<http://www.wikidata.org/entity/Q234126>	"Aegle marmelos"^^<http://www.w3.org/2001/XMLSchema#string>
"GOXDFVCHTSHAGI-SBNICUSFSA-N"	<http://www.wikidata.org/entity/Q115970547>	<http://www.wikidata.org/entity/Q3274110>	"Nageia nagi"^^<http://www.w3.org/2001/XMLSchema#string>
"GOYZKWCPWBKPIG-GYRVQHOLSA-N"	<http://www.wikidata.org/entity/Q105014722>	<http://www.wikidata.org/entity/Q1247582>	"Swietenia mahagoni"^^<http://www.w3.org/2001/XMLSchema#string>
"GOYZKWCPWBKPIG-JRMYCMGUSA-N"	<http://www.wikidata.org/entity/Q105014724>	<http://www.wikidata.org/entity/Q1247582>	"Swietenia mahagoni"^^<http://www.w3.org/2001/XMLSchema#string>
"GOYZKWCPWBKPIG-KDSQYEHRSA-N"	<http://www.wikidata.org/entity/Q105014725>	<http://www.wikidata.org/entity/Q1247582>	"Swietenia mahagoni"^^<http://www.w3.org/2001/XMLSchema#string>
"GOYZKWCPWBKPIG-UHFFFAOYSA-N"	<http://www.wikidata.org/entity/Q104888649>	<http://www.wikidata.org/entity/Q1247582>	"Swietenia mahagoni"^^<http://www.w3.org/2001/XMLSchema#string>
"GPMDKNUJKCRHQS-LLVKDONJSA-N"	<http://www.wikidata.org/entity/Q105014990>	<http://www.wikidata.org/entity/Q234126>	"Aegle marmelos"^^<http://www.w3.org/2001/XMLSchema#string>
"GPZFXSWMDFBRGS-UXONFWTHSA-N"	<http://www.wikidata.org/entity/Q27271957>	<http://www.wikidata.org/entity/Q83170>	"Dalbergia melanoxylon"^^<http://www.w3.org/2001/XMLSchema#string>
"GQVMHMFBVWSSPF-SOYUKNQTSA-N"	<http://www.wikidata.org/entity/Q15628365>	<http://www.wikidata.org/entity/Q15612952>	"Cryptocarya agathophylla"^^<http://www.w3.org/2001/XMLSchema#string>
"GRBHNQFQFHLCHO-BHMAJAPKSA-N"	<http://www.wikidata.org/entity/Q27136299>	<http://www.wikidata.org/entity/Q15388741>	"Ceriops decandra"^^<http://www.w3.org/2001/XMLSchema#string>
"GRWFGVWFFZKLTI-RKDXNWHRSA-N"	<http://www.wikidata.org/entity/Q2095629>	<http://www.wikidata.org/entity/Q147388>	"Cryptomeria japonica"^^<http://www.w3.org/2001/XMLSchema#string>
"GRWFGVWFFZKLTI-RKDXNWHRSA-N"	<http://www.wikidata.org/entity/Q2095629>	<http://www.wikidata.org/entity/Q1788810>	"Pistacia atlantica"^^<http://www.w3.org/2001/XMLSchema#string>
"GRWFGVWFFZKLTI-RKDXNWHRSA-N"	<http://www.wikidata.org/entity/Q2095629>	<http://www.wikidata.org/entity/Q261309>	"Pinus monticola"^^<http://www.w3.org/2001/XMLSchema#string>
"GRWFGVWFFZKLTI-UHFFFAOYSA-N"	<http://www.wikidata.org/entity/Q27104380>	<http://www.wikidata.org/entity/Q147388>	"Cryptomeria japonica"^^<http://www.w3.org/2001/XMLSchema#string>
"GRWFGVWFFZKLTI-UHFFFAOYSA-N"	<http://www.wikidata.org/entity/Q27104380>	<http://www.wikidata.org/entity/Q15612952>	"Cryptocarya agathophylla"^^<http://www.w3.org/2001/XMLSchema#string>
"GRWFGVWFFZKLTI-UHFFFAOYSA-N"	<http://www.wikidata.org/entity/Q27104380>	<http://www.wikidata.org/entity/Q161360>	"Chamaecyparis lawsoniana"^^<http://www.w3.org/2001/XMLSchema#string>
"GRWFGVWFFZKLTI-UHFFFAOYSA-N"	<http://www.wikidata.org/entity/Q27104380>	<http://www.wikidata.org/entity/Q162822>	"Eucalyptus camaldulensis"^^<http://www.w3.org/2001/XMLSchema#string>
"GRWFGVWFFZKLTI-UHFFFAOYSA-N"	<http://www.wikidata.org/entity/Q27104380>	<http://www.wikidata.org/entity/Q234126>	"Aegle marmelos"^^<http://www.w3.org/2001/XMLSchema#string>
"GRWFGVWFFZKLTI-UHFFFAOYSA-N"	<http://www.wikidata.org/entity/Q27104380>	<http://www.wikidata.org/entity/Q261309>	"Pinus monticola"^^<http://www.w3.org/2001/XMLSchema#string>
"GRWFGVWFFZKLTI-UHFFFAOYSA-N"	<http://www.wikidata.org/entity/Q27104380>	<http://www.wikidata.org/entity/Q33482>	"Platycladus orientalis"^^<http://www.w3.org/2001/XMLSchema#string>
"GRWFGVWFFZKLTI-UHFFFAOYSA-N"	<http://www.wikidata.org/entity/Q27104380>	<http://www.wikidata.org/entity/Q36071>	"Pistacia vera"^^<http://www.w3.org/2001/XMLSchema#string>
"GRWFGVWFFZKLTI-UHFFFAOYSA-N"	<http://www.wikidata.org/entity/Q27104380>	<http://www.wikidata.org/entity/Q482510>	"Eucalyptus grandis"^^<http://www.w3.org/2001/XMLSchema#string>
"GRWFGVWFFZKLTI-UHFFFAOYSA-N"	<http://www.wikidata.org/entity/Q27104380>	<http://www.wikidata.org/entity/Q974954>	"Abies cilicica"^^<http://www.w3.org/2001/XMLSchema#string>
"GSACHNDPLCWILD-KFTMRJCQSA-N"	<http://www.wikidata.org/entity/Q105016914>	<http://www.wikidata.org/entity/Q1247582>	"Swietenia mahagoni"^^<http://www.w3.org/2001/XMLSchema#string>
"GSZGJTIWTWKADX-WBADQZIMSA-N"	<http://www.wikidata.org/entity/Q105018302>	<http://www.wikidata.org/entity/Q3266951>	"Handroanthus impetiginosus"^^<http://www.w3.org/2001/XMLSchema#string>
"GUAFOGOEJLSQBT-UHFFFAOYSA-N"	<http://www.wikidata.org/entity/Q15424761>	<http://www.wikidata.org/entity/Q156907>	"Fraxinus excelsior"^^<http://www.w3.org/2001/XMLSchema#string>
"GUAFOGOEJLSQBT-UHFFFAOYSA-N"	<http://www.wikidata.org/entity/Q15424761>	<http://www.wikidata.org/entity/Q234126>	"Aegle marmelos"^^<http://www.w3.org/2001/XMLSchema#string>
"GVLSMMAPMUCRRO-OQZGELFMSA-N"	<http://www.wikidata.org/entity/Q27136558>	<http://www.wikidata.org/entity/Q2248958>	"Guaiacum sanctum"^^<http://www.w3.org/2001/XMLSchema#string>
"GVLSMMAPMUCRRO-POAYWABDSA-N"	<http://www.wikidata.org/entity/Q27136560>	<http://www.wikidata.org/entity/Q2248958>	"Guaiacum sanctum"^^<http://www.w3.org/2001/XMLSchema#string>
"GVLSMMAPMUCRRO-RZTCZVRSSA-N"	<http://www.wikidata.org/entity/Q27136559>	<http://www.wikidata.org/entity/Q2248958>	"Guaiacum sanctum"^^<http://www.w3.org/2001/XMLSchema#string>
"GVLSMMAPMUCRRO-UHBFVKAMSA-N"	<http://www.wikidata.org/entity/Q27136561>	<http://www.wikidata.org/entity/Q2248958>	"Guaiacum sanctum"^^<http://www.w3.org/2001/XMLSchema#string>
"GWDMSCZQYHAETO-UHFFFAOYSA-N"	<http://www.wikidata.org/entity/Q72466434>	<http://www.wikidata.org/entity/Q234126>	"Aegle marmelos"^^<http://www.w3.org/2001/XMLSchema#string>
"GWYFCOCPABKNJV-UHFFFAOYSA-N"	<http://www.wikidata.org/entity/Q415536>	<http://www.wikidata.org/entity/Q162822>	"Eucalyptus camaldulensis"^^<http://www.w3.org/2001/XMLSchema#string>
"GXLQUHPXGLZNGE-BJBZVNFPSA-N"	<http://www.wikidata.org/entity/Q63408589>	<http://www.wikidata.org/entity/Q162822>	"Eucalyptus camaldulensis"^^<http://www.w3.org/2001/XMLSchema#string>
"GXMKKDDGINQVBE-HHUCQEJWSA-N"	<http://www.wikidata.org/entity/Q104375776>	<http://www.wikidata.org/entity/Q161360>	"Chamaecyparis lawsoniana"^^<http://www.w3.org/2001/XMLSchema#string>
"GXNRMGXAKSADKB-UHFFFAOYSA-N"	<http://www.wikidata.org/entity/Q105023228>	<http://www.wikidata.org/entity/Q234126>	"Aegle marmelos"^^<http://www.w3.org/2001/XMLSchema#string>
"GXUQZHWWGWBNPT-GZHKEPGYSA-N"	<http://www.wikidata.org/entity/Q105023409>	<http://www.wikidata.org/entity/Q3266951>	"Handroanthus impetiginosus"^^<http://www.w3.org/2001/XMLSchema#string>
"GXUQZHWWGWBNPT-VPYMBIKWSA-N"	<http://www.wikidata.org/entity/Q105023412>	<http://www.wikidata.org/entity/Q3266951>	"Handroanthus impetiginosus"^^<http://www.w3.org/2001/XMLSchema#string>
"GYHFUZHODSMOHU-UHFFFAOYSA-N"	<http://www.wikidata.org/entity/Q419668>	<http://www.wikidata.org/entity/Q147388>	"Cryptomeria japonica"^^<http://www.w3.org/2001/XMLSchema#string>
"GYHFUZHODSMOHU-UHFFFAOYSA-N"	<http://www.wikidata.org/entity/Q419668>	<http://www.wikidata.org/entity/Q36071>	"Pistacia vera"^^<http://www.w3.org/2001/XMLSchema#string>
"GZTUAPFQPZVTGA-LTWMUGOISA-N"	<http://www.wikidata.org/entity/Q105024608>	<http://www.wikidata.org/entity/Q33482>	"Platycladus orientalis"^^<http://www.w3.org/2001/XMLSchema#string>
"GZUGASVGTFVJJB-MXJLCYGJSA-N"	<http://www.wikidata.org/entity/Q105024623>	<http://www.wikidata.org/entity/Q1247582>	"Swietenia mahagoni"^^<http://www.w3.org/2001/XMLSchema#string>
"GZYBRZKGRORIHQ-PXDATVDWSA-N"	<http://www.wikidata.org/entity/Q105024719>	<http://www.wikidata.org/entity/Q147388>	"Cryptomeria japonica"^^<http://www.w3.org/2001/XMLSchema#string>
"GZYBRZKGRORIHQ-SQJMNOBHSA-N"	<http://www.wikidata.org/entity/Q105024720>	<http://www.wikidata.org/entity/Q147388>	"Cryptomeria japonica"^^<http://www.w3.org/2001/XMLSchema#string>
"HALTYQLQMCAMTK-PEBSPDOASA-N"	<http://www.wikidata.org/entity/Q105024937>	<http://www.wikidata.org/entity/Q3274110>	"Nageia nagi"^^<http://www.w3.org/2001/XMLSchema#string>
"HAVWRBANWNTOJX-UHFFFAOYSA-N"	<http://www.wikidata.org/entity/Q15410973>	<http://www.wikidata.org/entity/Q156907>	"Fraxinus excelsior"^^<http://www.w3.org/2001/XMLSchema#string>
"HBFNWMJHTGIQRB-CQSZACIVSA-N"	<http://www.wikidata.org/entity/Q105025263>	<http://www.wikidata.org/entity/Q2385259>	"Pterocarpus marsupium"^^<http://www.w3.org/2001/XMLSchema#string>
"HCFGMTANKHPFJU-PGTRWGDISA-N"	<http://www.wikidata.org/entity/Q105025663>	<http://www.wikidata.org/entity/Q147388>	"Cryptomeria japonica"^^<http://www.w3.org/2001/XMLSchema#string>
"HCFGMTANKHPFJU-RQRRDGPPSA-N"	<http://www.wikidata.org/entity/Q105025664>	<http://www.wikidata.org/entity/Q147388>	"Cryptomeria japonica"^^<http://www.w3.org/2001/XMLSchema#string>
"HCOZRFYGIFMIEX-UHFFFAOYSA-N"	<http://www.wikidata.org/entity/Q27137360>	<http://www.wikidata.org/entity/Q5434925>	"Myristica maingayi"^^<http://www.w3.org/2001/XMLSchema#string>
"HCQUMJYLWCSLLR-XFQAVAEZSA-N"	<http://www.wikidata.org/entity/Q105025928>	<http://www.wikidata.org/entity/Q147388>	"Cryptomeria japonica"^^<http://www.w3.org/2001/XMLSchema#string>
"HCXVJBMSMIARIN-PHZDYDNGSA-N"	<http://www.wikidata.org/entity/Q425004>	<http://www.wikidata.org/entity/Q1331299>	"Nauclea diderrichii"^^<http://www.w3.org/2001/XMLSchema#string>
"HCXVJBMSMIARIN-PHZDYDNGSA-N"	<http://www.wikidata.org/entity/Q425004>	<http://www.wikidata.org/entity/Q15388741>	"Ceriops decandra"^^<http://www.w3.org/2001/XMLSchema#string>
"HCXVJBMSMIARIN-PHZDYDNGSA-N"	<http://www.wikidata.org/entity/Q425004>	<http://www.wikidata.org/entity/Q234126>	"Aegle marmelos"^^<http://www.w3.org/2001/XMLSchema#string>
"HCXVJBMSMIARIN-PHZDYDNGSA-N"	<http://www.wikidata.org/entity/Q425004>	<http://www.wikidata.org/entity/Q2385259>	"Pterocarpus marsupium"^^<http://www.w3.org/2001/XMLSchema#string>
"HCXVJBMSMIARIN-PHZDYDNGSA-N"	<http://www.wikidata.org/entity/Q425004>	<http://www.wikidata.org/entity/Q33482>	"Platycladus orientalis"^^<http://www.w3.org/2001/XMLSchema#string>
"HCXVJBMSMIARIN-PHZDYDNGSA-N"	<http://www.wikidata.org/entity/Q425004>	<http://www.wikidata.org/entity/Q5834163>	"Entandrophragma angolense"^^<http://www.w3.org/2001/XMLSchema#string>
"HCXVJBMSMIARIN-UHFFFAOYSA-N"	<http://www.wikidata.org/entity/Q104167717>	<http://www.wikidata.org/entity/Q33482>	"Platycladus orientalis"^^<http://www.w3.org/2001/XMLSchema#string>
"HELNZVBYWRVMNN-DXRWOZFTSA-N"	<http://www.wikidata.org/entity/Q105026888>	<http://www.wikidata.org/entity/Q18076816>	"Leplaea cedrata"^^<http://www.w3.org/2001/XMLSchema#string>
"HEOHAISYUOGPDX-PZVJUEDKSA-N"	<http://www.wikidata.org/entity/Q105026948>	<http://www.wikidata.org/entity/Q234126>	"Aegle marmelos"^^<http://www.w3.org/2001/XMLSchema#string>
"HESWCJDXWDNXCR-DUMNWFOQSA-N"	<http://www.wikidata.org/entity/Q105027019>	<http://www.wikidata.org/entity/Q5110439>	"Pterogyne nitens"^^<http://www.w3.org/2001/XMLSchema#string>
"HESWCJDXWDNXCR-MALLOTDXSA-N"	<http://www.wikidata.org/entity/Q105027020>	<http://www.wikidata.org/entity/Q5110439>	"Pterogyne nitens"^^<http://www.w3.org/2001/XMLSchema#string>
"HESWCJDXWDNXCR-UHFFFAOYSA-N"	<http://www.wikidata.org/entity/Q104167770>	<http://www.wikidata.org/entity/Q5110439>	"Pterogyne nitens"^^<http://www.w3.org/2001/XMLSchema#string>
"HEWISADZOXYZPA-OKXJJECOSA-N"	<http://www.wikidata.org/entity/Q105027083>	<http://www.wikidata.org/entity/Q162822>	"Eucalyptus camaldulensis"^^<http://www.w3.org/2001/XMLSchema#string>
"HEWISADZOXYZPA-ZJOLZYKMSA-N"	<http://www.wikidata.org/entity/Q105027085>	<http://www.wikidata.org/entity/Q162822>	"Eucalyptus camaldulensis"^^<http://www.w3.org/2001/XMLSchema#string>
"HFGSQOYIOKBQOW-UAQQPVTRSA-N"	<http://www.wikidata.org/entity/Q105027309>	<http://www.wikidata.org/entity/Q909828>	"Shorea robusta"^^<http://www.w3.org/2001/XMLSchema#string>
"HFGSQOYIOKBQOW-XGVRXJSRSA-N"	<http://www.wikidata.org/entity/Q105027317>	<http://www.wikidata.org/entity/Q909828>	"Shorea robusta"^^<http://www.w3.org/2001/XMLSchema#string>
"HFGSQOYIOKBQOW-ZSDYHTTISA-N"	<http://www.wikidata.org/entity/Q5172335>	<http://www.wikidata.org/entity/Q3280527>	"Eucalyptus robusta"^^<http://www.w3.org/2001/XMLSchema#string>
"HFGSQOYIOKBQOW-ZSDYHTTISA-N"	<http://www.wikidata.org/entity/Q5172335>	<http://www.wikidata.org/entity/Q909828>	"Shorea robusta"^^<http://www.w3.org/2001/XMLSchema#string>
"HFHXEAICOLMGTA-ITFYMWOXSA-N"	<http://www.wikidata.org/entity/Q105027345>	<http://www.wikidata.org/entity/Q2385259>	"Pterocarpus marsupium"^^<http://www.w3.org/2001/XMLSchema#string>
"HFHXEAICOLMGTA-RDHLRPHQSA-N"	<http://www.wikidata.org/entity/Q105027346>	<http://www.wikidata.org/entity/Q2385259>	"Pterocarpus marsupium"^^<http://www.w3.org/2001/XMLSchema#string>
"HFPZCAJZSCWRBC-UHFFFAOYSA-N"	<http://www.wikidata.org/entity/Q284072>	<http://www.wikidata.org/entity/Q147388>	"Cryptomeria japonica"^^<http://www.w3.org/2001/XMLSchema#string>
"HFPZCAJZSCWRBC-UHFFFAOYSA-N"	<http://www.wikidata.org/entity/Q284072>	<http://www.wikidata.org/entity/Q15612952>	"Cryptocarya agathophylla"^^<http://www.w3.org/2001/XMLSchema#string>
"HFPZCAJZSCWRBC-UHFFFAOYSA-N"	<http://www.wikidata.org/entity/Q284072>	<http://www.wikidata.org/entity/Q161360>	"Chamaecyparis lawsoniana"^^<http://www.w3.org/2001/XMLSchema#string>
"HFPZCAJZSCWRBC-UHFFFAOYSA-N"	<http://www.wikidata.org/entity/Q284072>	<http://www.wikidata.org/entity/Q162822>	"Eucalyptus camaldulensis"^^<http://www.w3.org/2001/XMLSchema#string>
"HFPZCAJZSCWRBC-UHFFFAOYSA-N"	<http://www.wikidata.org/entity/Q284072>	<http://www.wikidata.org/entity/Q36071>	"Pistacia vera"^^<http://www.w3.org/2001/XMLSchema#string>
"HFPZCAJZSCWRBC-UHFFFAOYSA-N"	<http://www.wikidata.org/entity/Q284072>	<http://www.wikidata.org/entity/Q482510>	"Eucalyptus grandis"^^<http://www.w3.org/2001/XMLSchema#string>
"HGXBRUKMWQGOIE-AFHBHXEDSA-N"	<http://www.wikidata.org/entity/Q3388802>	<http://www.wikidata.org/entity/Q36071>	"Pistacia vera"^^<http://www.w3.org/2001/XMLSchema#string>
"HHGPYJLEJGNWJA-UHFFFAOYSA-N"	<http://www.wikidata.org/entity/Q7317388>	<http://www.wikidata.org/entity/Q147388>	"Cryptomeria japonica"^^<http://www.w3.org/2001/XMLSchema#string>
"HICYDYJTCDBHMZ-COMQUAJESA-N"	<http://www.wikidata.org/entity/Q27132143>	<http://www.wikidata.org/entity/Q36071>	"Pistacia vera"^^<http://www.w3.org/2001/XMLSchema#string>
"HICYDYJTCDBHMZ-QVHKTLOISA-N"	<http://www.wikidata.org/entity/Q104253174>	<http://www.wikidata.org/entity/Q147388>	"Cryptomeria japonica"^^<http://www.w3.org/2001/XMLSchema#string>
"HICYDYJTCDBHMZ-XFMPKHEZSA-N"	<http://www.wikidata.org/entity/Q104253183>	<http://www.wikidata.org/entity/Q36071>	"Pistacia vera"^^<http://www.w3.org/2001/XMLSchema#string>
"HIGQPQRQIQDZMP-DHZHZOJOSA-N"	<http://www.wikidata.org/entity/Q426437>	<http://www.wikidata.org/entity/Q161360>	"Chamaecyparis lawsoniana"^^<http://www.w3.org/2001/XMLSchema#string>
"HIONHMYURGHMTP-DVXVSMJQSA-N"	<http://www.wikidata.org/entity/Q105028941>	<http://www.wikidata.org/entity/Q18076816>	"Leplaea cedrata"^^<http://www.w3.org/2001/XMLSchema#string>
"HJCKGGNXLQCBHK-UHFFFAOYSA-N"	<http://www.wikidata.org/entity/Q105029147>	<http://www.wikidata.org/entity/Q3280527>	"Eucalyptus robusta"^^<http://www.w3.org/2001/XMLSchema#string>
"HJIKODJJEORHMZ-NNPZUXBVSA-N"	<http://www.wikidata.org/entity/Q27286050>	<http://www.wikidata.org/entity/Q147388>	"Cryptomeria japonica"^^<http://www.w3.org/2001/XMLSchema#string>
"HJUFKGISWDHSRD-DOGSQSLWSA-N"	<http://www.wikidata.org/entity/Q105029456>	<http://www.wikidata.org/entity/Q3280527>	"Eucalyptus robusta"^^<http://www.w3.org/2001/XMLSchema#string>
"HJUFKGISWDHSRD-ZHUGDCOOSA-N"	<http://www.wikidata.org/entity/Q105029458>	<http://www.wikidata.org/entity/Q3280527>	"Eucalyptus robusta"^^<http://www.w3.org/2001/XMLSchema#string>
"HJUKBPHPHULBRA-AQNXPRMDSA-N"	<http://www.wikidata.org/entity/Q105029461>	<http://www.wikidata.org/entity/Q15612952>	"Cryptocarya agathophylla"^^<http://www.w3.org/2001/XMLSchema#string>
"HKQYGTCOTHHOMP-UHFFFAOYSA-N"	<http://www.wikidata.org/entity/Q408859>	<http://www.wikidata.org/entity/Q2385259>	"Pterocarpus marsupium"^^<http://www.w3.org/2001/XMLSchema#string>
"HKZQJZIFODOLFR-UHFFFAOYSA-N"	<http://www.wikidata.org/entity/Q27102310>	<http://www.wikidata.org/entity/Q36071>	"Pistacia vera"^^<http://www.w3.org/2001/XMLSchema#string>
"HLCQNKQLAGJUPK-WBGSMKLASA-N"	<http://www.wikidata.org/entity/Q105030086>	<http://www.wikidata.org/entity/Q3274110>	"Nageia nagi"^^<http://www.w3.org/2001/XMLSchema#string>
"HLSNQZQSNWFXET-UHFFFAOYSA-N"	<http://www.wikidata.org/entity/Q72445511>	<http://www.wikidata.org/entity/Q3266951>	"Handroanthus impetiginosus"^^<http://www.w3.org/2001/XMLSchema#string>
"HLXHWKRKFDBAEQ-XWTUZYLUSA-N"	<http://www.wikidata.org/entity/Q105030372>	<http://www.wikidata.org/entity/Q234126>	"Aegle marmelos"^^<http://www.w3.org/2001/XMLSchema#string>
"HMIFNEKPRFKIQX-QHCPKHFHSA-N"	<http://www.wikidata.org/entity/Q105030518>	<http://www.wikidata.org/entity/Q909828>	"Shorea robusta"^^<http://www.w3.org/2001/XMLSchema#string>
"HODOWBFKRLQCBH-GPZRYRNASA-N"	<http://www.wikidata.org/entity/Q105031203>	<http://www.wikidata.org/entity/Q234126>	"Aegle marmelos"^^<http://www.w3.org/2001/XMLSchema#string>
"HOEVRHHMDJKUMZ-UHFFFAOYSA-N"	<http://www.wikidata.org/entity/Q15426264>	<http://www.wikidata.org/entity/Q234126>	"Aegle marmelos"^^<http://www.w3.org/2001/XMLSchema#string>
"HOKJOPUNHSFUMB-CGAFVPGTSA-N"	<http://www.wikidata.org/entity/Q105031330>	<http://www.wikidata.org/entity/Q1247582>	"Swietenia mahagoni"^^<http://www.w3.org/2001/XMLSchema#string>
"HOQDFKUSWWBYGK-KKSFZXQISA-N"	<http://www.wikidata.org/entity/Q105031476>	<http://www.wikidata.org/entity/Q147388>	"Cryptomeria japonica"^^<http://www.w3.org/2001/XMLSchema#string>
"HPEFWCAKFRCLBD-UHFFFAOYSA-N"	<http://www.wikidata.org/entity/Q72465991>	<http://www.wikidata.org/entity/Q261309>	"Pinus monticola"^^<http://www.w3.org/2001/XMLSchema#string>
"HPOHAUWWDDPHRS-UWVGGRQHSA-N"	<http://www.wikidata.org/entity/Q63408709>	<http://www.wikidata.org/entity/Q147388>	"Cryptomeria japonica"^^<http://www.w3.org/2001/XMLSchema#string>
"HPOHAUWWDDPHRS-UWVGGRQHSA-N"	<http://www.wikidata.org/entity/Q63408709>	<http://www.wikidata.org/entity/Q162822>	"Eucalyptus camaldulensis"^^<http://www.w3.org/2001/XMLSchema#string>
"HPQKNJHVWUWAOR-BWCMQUJESA-N"	<http://www.wikidata.org/entity/Q82873444>	<http://www.wikidata.org/entity/Q147388>	"Cryptomeria japonica"^^<http://www.w3.org/2001/XMLSchema#string>
"HPQKNJHVWUWAOR-UHFFFAOYSA-N"	<http://www.wikidata.org/entity/Q105031832>	<http://www.wikidata.org/entity/Q33482>	"Platycladus orientalis"^^<http://www.w3.org/2001/XMLSchema#string>
"HQEBQNGGKFIFBW-SDESGXHJSA-N"	<http://www.wikidata.org/entity/Q105032211>	<http://www.wikidata.org/entity/Q156907>	"Fraxinus excelsior"^^<http://www.w3.org/2001/XMLSchema#string>
"HSANNLXBHKRHSH-LMUCYUMOSA-N"	<http://www.wikidata.org/entity/Q105032925>	<http://www.wikidata.org/entity/Q147388>	"Cryptomeria japonica"^^<http://www.w3.org/2001/XMLSchema#string>
"HSNPSWRYBNJNOF-WCCBULMPSA-N"	<http://www.wikidata.org/entity/Q105033153>	<http://www.wikidata.org/entity/Q147388>	"Cryptomeria japonica"^^<http://www.w3.org/2001/XMLSchema#string>
"HSNPSWRYBNJNOF-ZJDLJICXSA-N"	<http://www.wikidata.org/entity/Q105033154>	<http://www.wikidata.org/entity/Q147388>	"Cryptomeria japonica"^^<http://www.w3.org/2001/XMLSchema#string>
"HSPUKYMHISVQNU-XYLSPEOBSA-N"	<http://www.wikidata.org/entity/Q105033198>	<http://www.wikidata.org/entity/Q1331299>	"Nauclea diderrichii"^^<http://www.w3.org/2001/XMLSchema#string>
"HSPUKYMHISVQNU-XZHBXAKMSA-N"	<http://www.wikidata.org/entity/Q117835474>	<http://www.wikidata.org/entity/Q1331299>	"Nauclea diderrichii"^^<http://www.w3.org/2001/XMLSchema#string>
"HSTZMXCBWJGKHG-CUYWLFDKSA-N"	<http://www.wikidata.org/entity/Q3902665>	<http://www.wikidata.org/entity/Q15432960>	"Erythrophleum lasianthum"^^<http://www.w3.org/2001/XMLSchema#string>
"HUGUGFBIYQBLCS-UHFFFAOYSA-N"	<http://www.wikidata.org/entity/Q27107313>	<http://www.wikidata.org/entity/Q83170>	"Dalbergia melanoxylon"^^<http://www.w3.org/2001/XMLSchema#string>
"HUMGJQLBBAYPNM-HXUWFJFHSA-N"	<http://www.wikidata.org/entity/Q105033916>	<http://www.wikidata.org/entity/Q147388>	"Cryptomeria japonica"^^<http://www.w3.org/2001/XMLSchema#string>
"HUMGJQLBBAYPNM-UHFFFAOYSA-N"	<http://www.wikidata.org/entity/Q105033917>	<http://www.wikidata.org/entity/Q147388>	"Cryptomeria japonica"^^<http://www.w3.org/2001/XMLSchema#string>
"HUMNYLRZRPPJDN-UHFFFAOYSA-N"	<http://www.wikidata.org/entity/Q372524>	<http://www.wikidata.org/entity/Q162822>	"Eucalyptus camaldulensis"^^<http://www.w3.org/2001/XMLSchema#string>
"HUOOMAOYXQFIDQ-UHFFFAOYSA-N"	<http://www.wikidata.org/entity/Q27148149>	<http://www.wikidata.org/entity/Q3274110>	"Nageia nagi"^^<http://www.w3.org/2001/XMLSchema#string>
"HVBVLFPWEDYRDF-ILESXYEXSA-N"	<http://www.wikidata.org/entity/Q105034181>	<http://www.wikidata.org/entity/Q1247582>	"Swietenia mahagoni"^^<http://www.w3.org/2001/XMLSchema#string>
"HVQAJTFOCKOKIN-UHFFFAOYSA-N"	<http://www.wikidata.org/entity/Q5919049>	<http://www.wikidata.org/entity/Q162822>	"Eucalyptus camaldulensis"^^<http://www.w3.org/2001/XMLSchema#string>
"HVYWMOMLDIMFJA-DPAQBDIFSA-N"	<http://www.wikidata.org/entity/Q43656>	<http://www.wikidata.org/entity/Q15388741>	"Ceriops decandra"^^<http://www.w3.org/2001/XMLSchema#string>
"HWYJCPANXFVVGH-MFKWGIFDSA-N"	<http://www.wikidata.org/entity/Q105034869>	<http://www.wikidata.org/entity/Q147388>	"Cryptomeria japonica"^^<http://www.w3.org/2001/XMLSchema#string>
"HXBWNAVRXULPIK-HTQKRWCJSA-N"	<http://www.wikidata.org/entity/Q104395561>	<http://www.wikidata.org/entity/Q2385259>	"Pterocarpus marsupium"^^<http://www.w3.org/2001/XMLSchema#string>
"HXCGUCZXPFBNRD-NEDVQNLSSA-N"	<http://www.wikidata.org/entity/Q27225562>	<http://www.wikidata.org/entity/Q234126>	"Aegle marmelos"^^<http://www.w3.org/2001/XMLSchema#string>
"HXCGUCZXPFBNRD-UHFFFAOYSA-N"	<http://www.wikidata.org/entity/Q105034917>	<http://www.wikidata.org/entity/Q234126>	"Aegle marmelos"^^<http://www.w3.org/2001/XMLSchema#string>
"HXRBQSOSCSKMTM-UHFFFAOYSA-N"	<http://www.wikidata.org/entity/Q105035116>	<http://www.wikidata.org/entity/Q3266951>	"Handroanthus impetiginosus"^^<http://www.w3.org/2001/XMLSchema#string>
"HYBRYAPKQCZIAE-UHFFFAOYSA-N"	<http://www.wikidata.org/entity/Q15410229>	<http://www.wikidata.org/entity/Q234126>	"Aegle marmelos"^^<http://www.w3.org/2001/XMLSchema#string>
"HYXULMWPHCMLGR-BEUFEYIVSA-N"	<http://www.wikidata.org/entity/Q104253418>	<http://www.wikidata.org/entity/Q147388>	"Cryptomeria japonica"^^<http://www.w3.org/2001/XMLSchema#string>
"IAIHUHQCLTYTSF-MRTMQBJTSA-N"	<http://www.wikidata.org/entity/Q27089421>	<http://www.wikidata.org/entity/Q147388>	"Cryptomeria japonica"^^<http://www.w3.org/2001/XMLSchema#string>
"IAIHUHQCLTYTSF-OYNCUSHFSA-N"	<http://www.wikidata.org/entity/Q64224715>	<http://www.wikidata.org/entity/Q147388>	"Cryptomeria japonica"^^<http://www.w3.org/2001/XMLSchema#string>
"IAIHUHQCLTYTSF-ZCUBBSJVSA-N"	<http://www.wikidata.org/entity/Q110188634>	<http://www.wikidata.org/entity/Q162822>	"Eucalyptus camaldulensis"^^<http://www.w3.org/2001/XMLSchema#string>
"IAXGLXFIQSEJPB-MBHQVIDASA-N"	<http://www.wikidata.org/entity/Q105036332>	<http://www.wikidata.org/entity/Q5110439>	"Pterogyne nitens"^^<http://www.w3.org/2001/XMLSchema#string>
"IAXIHKJASWPASP-UHFFFAOYSA-N"	<http://www.wikidata.org/entity/Q82067019>	<http://www.wikidata.org/entity/Q5434925>	"Myristica maingayi"^^<http://www.w3.org/2001/XMLSchema#string>
"IBBBJODOWHMIJZ-BSJNIYAHSA-N"	<http://www.wikidata.org/entity/Q105036409>	<http://www.wikidata.org/entity/Q2065540>	"Taxus brevifolia"^^<http://www.w3.org/2001/XMLSchema#string>
"IBEJQTNPERQUOA-LLVKDONJSA-N"	<http://www.wikidata.org/entity/Q105036459>	<http://www.wikidata.org/entity/Q3266951>	"Handroanthus impetiginosus"^^<http://www.w3.org/2001/XMLSchema#string>
"IBLPTYJTKWQCDX-DVEJAMSSSA-N"	<http://www.wikidata.org/entity/Q125033260>	<http://www.wikidata.org/entity/Q2137116>	"Eucalyptus viminalis"^^<http://www.w3.org/2001/XMLSchema#string>
"IBLPTYJTKWQCDX-XOQZPGFESA-N"	<http://www.wikidata.org/entity/Q105036575>	<http://www.wikidata.org/entity/Q2137116>	"Eucalyptus viminalis"^^<http://www.w3.org/2001/XMLSchema#string>
"IBVJWOMJGCHRRW-UHFFFAOYSA-N"	<http://www.wikidata.org/entity/Q81986195>	<http://www.wikidata.org/entity/Q36071>	"Pistacia vera"^^<http://www.w3.org/2001/XMLSchema#string>
"IDUOLJVTGNEBPF-UHFFFAOYSA-N"	<http://www.wikidata.org/entity/Q105111546>	<http://www.wikidata.org/entity/Q147388>	"Cryptomeria japonica"^^<http://www.w3.org/2001/XMLSchema#string>
"IEMIRSXOYFWPFD-BJGSYIFTSA-N"	<http://www.wikidata.org/entity/Q105111854>	<http://www.wikidata.org/entity/Q147388>	"Cryptomeria japonica"^^<http://www.w3.org/2001/XMLSchema#string>
"IERFAZQCIAZODG-CENDIDJXSA-N"	<http://www.wikidata.org/entity/Q105111935>	<http://www.wikidata.org/entity/Q147388>	"Cryptomeria japonica"^^<http://www.w3.org/2001/XMLSchema#string>
"IERFAZQCIAZODG-OMZCGLGVSA-N"	<http://www.wikidata.org/entity/Q105111936>	<http://www.wikidata.org/entity/Q33482>	"Platycladus orientalis"^^<http://www.w3.org/2001/XMLSchema#string>
"IGGUPRCHHJZPBS-UHFFFAOYSA-N"	<http://www.wikidata.org/entity/Q151038>	<http://www.wikidata.org/entity/Q1331299>	"Nauclea diderrichii"^^<http://www.w3.org/2001/XMLSchema#string>
"IGGZLIGWWTVKMJ-XWNQJCMKSA-N"	<http://www.wikidata.org/entity/Q105112638>	<http://www.wikidata.org/entity/Q3266951>	"Handroanthus impetiginosus"^^<http://www.w3.org/2001/XMLSchema#string>
"IGODOXYLBBXFDW-UHFFFAOYSA-N"	<http://www.wikidata.org/entity/Q4456134>	<http://www.wikidata.org/entity/Q147388>	"Cryptomeria japonica"^^<http://www.w3.org/2001/XMLSchema#string>
"IGODOXYLBBXFDW-UHFFFAOYSA-N"	<http://www.wikidata.org/entity/Q4456134>	<http://www.wikidata.org/entity/Q162822>	"Eucalyptus camaldulensis"^^<http://www.w3.org/2001/XMLSchema#string>
"IGODOXYLBBXFDW-UHFFFAOYSA-N"	<http://www.wikidata.org/entity/Q4456134>	<http://www.wikidata.org/entity/Q3280527>	"Eucalyptus robusta"^^<http://www.w3.org/2001/XMLSchema#string>
"IGODOXYLBBXFDW-UHFFFAOYSA-N"	<http://www.wikidata.org/entity/Q4456134>	<http://www.wikidata.org/entity/Q33482>	"Platycladus orientalis"^^<http://www.w3.org/2001/XMLSchema#string>
"IHPKGUQCSIINRJ-CSKARUKUSA-N"	<http://www.wikidata.org/entity/Q26777012>	<http://www.wikidata.org/entity/Q36071>	"Pistacia vera"^^<http://www.w3.org/2001/XMLSchema#string>
"IHPKGUQCSIINRJ-NTMALXAHSA-N"	<http://www.wikidata.org/entity/Q26777005>	<http://www.wikidata.org/entity/Q234126>	"Aegle marmelos"^^<http://www.w3.org/2001/XMLSchema#string>
"IHPKGUQCSIINRJ-NTMALXAHSA-N"	<http://www.wikidata.org/entity/Q26777005>	<http://www.wikidata.org/entity/Q36071>	"Pistacia vera"^^<http://www.w3.org/2001/XMLSchema#string>
"IHPKGUQCSIINRJ-UHFFFAOYSA-N"	<http://www.wikidata.org/entity/Q27108635>	<http://www.wikidata.org/entity/Q162822>	"Eucalyptus camaldulensis"^^<http://www.w3.org/2001/XMLSchema#string>
"IHPKGUQCSIINRJ-UHFFFAOYSA-N"	<http://www.wikidata.org/entity/Q27108635>	<http://www.wikidata.org/entity/Q3280527>	"Eucalyptus robusta"^^<http://www.w3.org/2001/XMLSchema#string>
"IIIOQVDDEWZCEQ-DTROEHEESA-N"	<http://www.wikidata.org/entity/Q105113520>	<http://www.wikidata.org/entity/Q1331299>	"Nauclea diderrichii"^^<http://www.w3.org/2001/XMLSchema#string>
"IIIOQVDDEWZCEQ-ZWFMOVEUSA-N"	<http://www.wikidata.org/entity/Q105113532>	<http://www.wikidata.org/entity/Q1331299>	"Nauclea diderrichii"^^<http://www.w3.org/2001/XMLSchema#string>
"IIWNDLDEVPJIBT-STQMWFEESA-N"	<http://www.wikidata.org/entity/Q105113798>	<http://www.wikidata.org/entity/Q147388>	"Cryptomeria japonica"^^<http://www.w3.org/2001/XMLSchema#string>
"IKGXIBQEEMLURG-GGFYDIPBSA-N"	<http://www.wikidata.org/entity/Q105114390>	<http://www.wikidata.org/entity/Q2137116>	"Eucalyptus viminalis"^^<http://www.w3.org/2001/XMLSchema#string>
"IKGXIBQEEMLURG-NVPNHPEKSA-N"	<http://www.wikidata.org/entity/Q407857>	<http://www.wikidata.org/entity/Q162822>	"Eucalyptus camaldulensis"^^<http://www.w3.org/2001/XMLSchema#string>
"IKGXIBQEEMLURG-NVPNHPEKSA-N"	<http://www.wikidata.org/entity/Q407857>	<http://www.wikidata.org/entity/Q1788810>	"Pistacia atlantica"^^<http://www.w3.org/2001/XMLSchema#string>
"IKGXIBQEEMLURG-NVPNHPEKSA-N"	<http://www.wikidata.org/entity/Q407857>	<http://www.wikidata.org/entity/Q5110439>	"Pterogyne nitens"^^<http://www.w3.org/2001/XMLSchema#string>
"IKIYIAJFBKHTIG-AAKXVVKBSA-N"	<http://www.wikidata.org/entity/Q105114673>	<http://www.wikidata.org/entity/Q162822>	"Eucalyptus camaldulensis"^^<http://www.w3.org/2001/XMLSchema#string>
"IKIYIAJFBKHTIG-LVNKCXMZSA-N"	<http://www.wikidata.org/entity/Q105114675>	<http://www.wikidata.org/entity/Q162822>	"Eucalyptus camaldulensis"^^<http://www.w3.org/2001/XMLSchema#string>
"IKMDFBPHZNJCSN-UHFFFAOYSA-N"	<http://www.wikidata.org/entity/Q951449>	<http://www.wikidata.org/entity/Q12700996>	"Intsia bijuga"^^<http://www.w3.org/2001/XMLSchema#string>
"IKMDFBPHZNJCSN-UHFFFAOYSA-N"	<http://www.wikidata.org/entity/Q951449>	<http://www.wikidata.org/entity/Q162822>	"Eucalyptus camaldulensis"^^<http://www.w3.org/2001/XMLSchema#string>
"IKMDFBPHZNJCSN-UHFFFAOYSA-N"	<http://www.wikidata.org/entity/Q951449>	<http://www.wikidata.org/entity/Q3153735>	"Intsia palembanica"^^<http://www.w3.org/2001/XMLSchema#string>
"IKMDFBPHZNJCSN-UHFFFAOYSA-N"	<http://www.wikidata.org/entity/Q951449>	<http://www.wikidata.org/entity/Q3274110>	"Nageia nagi"^^<http://www.w3.org/2001/XMLSchema#string>
"IKMDFBPHZNJCSN-UHFFFAOYSA-N"	<http://www.wikidata.org/entity/Q951449>	<http://www.wikidata.org/entity/Q33482>	"Platycladus orientalis"^^<http://www.w3.org/2001/XMLSchema#string>
"IKMDFBPHZNJCSN-UHFFFAOYSA-N"	<http://www.wikidata.org/entity/Q951449>	<http://www.wikidata.org/entity/Q36071>	"Pistacia vera"^^<http://www.w3.org/2001/XMLSchema#string>
"IKVZJSUBXGBGNO-JOJSCMCXSA-N"	<http://www.wikidata.org/entity/Q105114970>	<http://www.wikidata.org/entity/Q1247582>	"Swietenia mahagoni"^^<http://www.w3.org/2001/XMLSchema#string>
"IKVZJSUBXGBGNO-RBTADCQYSA-N"	<http://www.wikidata.org/entity/Q105114971>	<http://www.wikidata.org/entity/Q1247582>	"Swietenia mahagoni"^^<http://www.w3.org/2001/XMLSchema#string>
"IKZXEISUNLAELH-AFBUJPPUSA-N"	<http://www.wikidata.org/entity/Q105115042>	<http://www.wikidata.org/entity/Q3266951>	"Handroanthus impetiginosus"^^<http://www.w3.org/2001/XMLSchema#string>
"ILCFBPOKGGZIAL-KOKXJVIGSA-N"	<http://www.wikidata.org/entity/Q105115083>	<http://www.wikidata.org/entity/Q2385259>	"Pterocarpus marsupium"^^<http://www.w3.org/2001/XMLSchema#string>
"ILEDWLMCKZNDJK-UHFFFAOYSA-N"	<http://www.wikidata.org/entity/Q3058018>	<http://www.wikidata.org/entity/Q156907>	"Fraxinus excelsior"^^<http://www.w3.org/2001/XMLSchema#string>
"ILHQKDNSSPXDJC-DILOTOHQSA-N"	<http://www.wikidata.org/entity/Q105115199>	<http://www.wikidata.org/entity/Q147388>	"Cryptomeria japonica"^^<http://www.w3.org/2001/XMLSchema#string>
"ILRCGYURZSFMEG-RKQHYHRCSA-N"	<http://www.wikidata.org/entity/Q7404463>	<http://www.wikidata.org/entity/Q156907>	"Fraxinus excelsior"^^<http://www.w3.org/2001/XMLSchema#string>
"ILRQFFUQLPOVNR-UHFFFAOYSA-N"	<http://www.wikidata.org/entity/Q105115426>	<http://www.wikidata.org/entity/Q234126>	"Aegle marmelos"^^<http://www.w3.org/2001/XMLSchema#string>
"ILRQFFUQLPOVNR-XCVCLJGOSA-N"	<http://www.wikidata.org/entity/Q105115428>	<http://www.wikidata.org/entity/Q234126>	"Aegle marmelos"^^<http://www.w3.org/2001/XMLSchema#string>
"IMPKVMRTXBRHRB-MBMOQRBOSA-N"	<http://www.wikidata.org/entity/Q4639585>	<http://www.wikidata.org/entity/Q162822>	"Eucalyptus camaldulensis"^^<http://www.w3.org/2001/XMLSchema#string>
"IMYZYCNQZDBZBQ-SJORKVTESA-N"	<http://www.wikidata.org/entity/Q83049812>	<http://www.wikidata.org/entity/Q909828>	"Shorea robusta"^^<http://www.w3.org/2001/XMLSchema#string>
"INBPQAJYHSJVRY-UHFFFAOYSA-N"	<http://www.wikidata.org/entity/Q82881695>	<http://www.wikidata.org/entity/Q261309>	"Pinus monticola"^^<http://www.w3.org/2001/XMLSchema#string>
"INBPQAJYHSJVRY-ZDUSSCGKSA-N"	<http://www.wikidata.org/entity/Q27108348>	<http://www.wikidata.org/entity/Q261309>	"Pinus monticola"^^<http://www.w3.org/2001/XMLSchema#string>
"INDFCQCOCFVHHY-UHFFFAOYSA-N"	<http://www.wikidata.org/entity/Q105116106>	<http://www.wikidata.org/entity/Q3280527>	"Eucalyptus robusta"^^<http://www.w3.org/2001/XMLSchema#string>
"INDTZNYQNROCGV-LQUAAPKLSA-N"	<http://www.wikidata.org/entity/Q105116122>	<http://www.wikidata.org/entity/Q234126>	"Aegle marmelos"^^<http://www.w3.org/2001/XMLSchema#string>
"IPCSVZSSVZVIGE-UHFFFAOYSA-N"	<http://www.wikidata.org/entity/Q209727>	<http://www.wikidata.org/entity/Q147388>	"Cryptomeria japonica"^^<http://www.w3.org/2001/XMLSchema#string>
"IPCSVZSSVZVIGE-UHFFFAOYSA-N"	<http://www.wikidata.org/entity/Q209727>	<http://www.wikidata.org/entity/Q234126>	"Aegle marmelos"^^<http://www.w3.org/2001/XMLSchema#string>
"IPCSVZSSVZVIGE-UHFFFAOYSA-N"	<http://www.wikidata.org/entity/Q209727>	<http://www.wikidata.org/entity/Q33482>	"Platycladus orientalis"^^<http://www.w3.org/2001/XMLSchema#string>
"IPCSVZSSVZVIGE-UHFFFAOYSA-N"	<http://www.wikidata.org/entity/Q209727>	<http://www.wikidata.org/entity/Q36071>	"Pistacia vera"^^<http://www.w3.org/2001/XMLSchema#string>
"IPEHJNRNYPOFII-AZUAARDMSA-N"	<http://www.wikidata.org/entity/Q74410874>	<http://www.wikidata.org/entity/Q147388>	"Cryptomeria japonica"^^<http://www.w3.org/2001/XMLSchema#string>
"IPEHJNRNYPOFII-AZUAARDMSA-N"	<http://www.wikidata.org/entity/Q74410874>	<http://www.wikidata.org/entity/Q3274110>	"Nageia nagi"^^<http://www.w3.org/2001/XMLSchema#string>
"IPEHJNRNYPOFII-UHFFFAOYSA-N"	<http://www.wikidata.org/entity/Q72509102>	<http://www.wikidata.org/entity/Q147388>	"Cryptomeria japonica"^^<http://www.w3.org/2001/XMLSchema#string>
"IPEHJNRNYPOFII-UHFFFAOYSA-N"	<http://www.wikidata.org/entity/Q72509102>	<http://www.wikidata.org/entity/Q3274110>	"Nageia nagi"^^<http://www.w3.org/2001/XMLSchema#string>
"IPVNWFZBGGPURL-UHFFFAOYSA-N"	<http://www.wikidata.org/entity/Q105117524>	<http://www.wikidata.org/entity/Q3274110>	"Nageia nagi"^^<http://www.w3.org/2001/XMLSchema#string>
"IPVNWFZBGGPURL-ZVXCOOMCSA-N"	<http://www.wikidata.org/entity/Q83043712>	<http://www.wikidata.org/entity/Q3274110>	"Nageia nagi"^^<http://www.w3.org/2001/XMLSchema#string>
"IQKFJIADNDSMNL-IUODEOHRSA-N"	<http://www.wikidata.org/entity/Q105117912>	<http://www.wikidata.org/entity/Q147388>	"Cryptomeria japonica"^^<http://www.w3.org/2001/XMLSchema#string>
"IQPNAANSBPBGFQ-UHFFFAOYSA-N"	<http://www.wikidata.org/entity/Q415011>	<http://www.wikidata.org/entity/Q147388>	"Cryptomeria japonica"^^<http://www.w3.org/2001/XMLSchema#string>
"IQPNAANSBPBGFQ-UHFFFAOYSA-N"	<http://www.wikidata.org/entity/Q415011>	<http://www.wikidata.org/entity/Q33482>	"Platycladus orientalis"^^<http://www.w3.org/2001/XMLSchema#string>
"IQPNAANSBPBGFQ-UHFFFAOYSA-N"	<http://www.wikidata.org/entity/Q415011>	<http://www.wikidata.org/entity/Q36071>	"Pistacia vera"^^<http://www.w3.org/2001/XMLSchema#string>
"IQTGAKWQIFFPQX-INIZCTEOSA-N"	<http://www.wikidata.org/entity/Q105118561>	<http://www.wikidata.org/entity/Q2385259>	"Pterocarpus marsupium"^^<http://www.w3.org/2001/XMLSchema#string>
"IQTGAKWQIFFPQX-UHFFFAOYSA-N"	<http://www.wikidata.org/entity/Q27135300>	<http://www.wikidata.org/entity/Q2385259>	"Pterocarpus marsupium"^^<http://www.w3.org/2001/XMLSchema#string>
"IQWASIDCNRIYPA-CAVPWBGLSA-N"	<http://www.wikidata.org/entity/Q105118638>	<http://www.wikidata.org/entity/Q15432960>	"Erythrophleum lasianthum"^^<http://www.w3.org/2001/XMLSchema#string>
"IQWASIDCNRIYPA-KMHFHPTKSA-N"	<http://www.wikidata.org/entity/Q105118639>	<http://www.wikidata.org/entity/Q15432960>	"Erythrophleum lasianthum"^^<http://www.w3.org/2001/XMLSchema#string>
"IRHTZOCLLONTOC-UHFFFAOYSA-N"	<http://www.wikidata.org/entity/Q4545790>	<http://www.wikidata.org/entity/Q33482>	"Platycladus orientalis"^^<http://www.w3.org/2001/XMLSchema#string>
"IRRXAUMIYZICTI-GXUNQHPWSA-N"	<http://www.wikidata.org/entity/Q105119071>	<http://www.wikidata.org/entity/Q15388741>	"Ceriops decandra"^^<http://www.w3.org/2001/XMLSchema#string>
"IRZVHDLBAYNPCT-UHFFFAOYSA-N"	<http://www.wikidata.org/entity/Q3516969>	<http://www.wikidata.org/entity/Q261309>	"Pinus monticola"^^<http://www.w3.org/2001/XMLSchema#string>
"ISDOCUIPMQVNLK-AGCMVEMMSA-N"	<http://www.wikidata.org/entity/Q105119442>	<http://www.wikidata.org/entity/Q3266951>	"Handroanthus impetiginosus"^^<http://www.w3.org/2001/XMLSchema#string>
"ISDOCUIPMQVNLK-DNBFDNMXSA-N"	<http://www.wikidata.org/entity/Q105119443>	<http://www.wikidata.org/entity/Q3266951>	"Handroanthus impetiginosus"^^<http://www.w3.org/2001/XMLSchema#string>
"ISDOCUIPMQVNLK-XIHNPPHFSA-N"	<http://www.wikidata.org/entity/Q105119447>	<http://www.wikidata.org/entity/Q3266951>	"Handroanthus impetiginosus"^^<http://www.w3.org/2001/XMLSchema#string>
"ISHVJVXYPLFKAL-AZUAARDMSA-N"	<http://www.wikidata.org/entity/Q27138906>	<http://www.wikidata.org/entity/Q147388>	"Cryptomeria japonica"^^<http://www.w3.org/2001/XMLSchema#string>
"ISPGZIUKMNZQID-YJKRHCIASA-N"	<http://www.wikidata.org/entity/Q105119690>	<http://www.wikidata.org/entity/Q1247582>	"Swietenia mahagoni"^^<http://www.w3.org/2001/XMLSchema#string>
"ISYNGIHUXCEJCI-ZKOMGTKCSA-N"	<http://www.wikidata.org/entity/Q105119907>	<http://www.wikidata.org/entity/Q147388>	"Cryptomeria japonica"^^<http://www.w3.org/2001/XMLSchema#string>
"ITDYPNOEEHONAH-UHFFFAOYSA-N"	<http://www.wikidata.org/entity/Q104169101>	<http://www.wikidata.org/entity/Q5110439>	"Pterogyne nitens"^^<http://www.w3.org/2001/XMLSchema#string>
"ITOTUSMHIQFNHJ-INIZCTEOSA-N"	<http://www.wikidata.org/entity/Q83096939>	<http://www.wikidata.org/entity/Q15471793>	"Lonchocarpus costaricensis"^^<http://www.w3.org/2001/XMLSchema#string>
"ITRSBVNKBJUKEK-NLWMSMBSSA-N"	<http://www.wikidata.org/entity/Q105120253>	<http://www.wikidata.org/entity/Q234126>	"Aegle marmelos"^^<http://www.w3.org/2001/XMLSchema#string>
"ITYNGVSTWVVPIC-LRUBOHGLSA-N"	<http://www.wikidata.org/entity/Q67879598>	<http://www.wikidata.org/entity/Q162822>	"Eucalyptus camaldulensis"^^<http://www.w3.org/2001/XMLSchema#string>
"ITYNGVSTWVVPIC-NSIINPIOSA-N"	<http://www.wikidata.org/entity/Q104249395>	<http://www.wikidata.org/entity/Q162822>	"Eucalyptus camaldulensis"^^<http://www.w3.org/2001/XMLSchema#string>
"ITYNGVSTWVVPIC-NSIINPIOSA-N"	<http://www.wikidata.org/entity/Q104249395>	<http://www.wikidata.org/entity/Q18076816>	"Leplaea cedrata"^^<http://www.w3.org/2001/XMLSchema#string>
"ITYNGVSTWVVPIC-XBIUQDLISA-N"	<http://www.wikidata.org/entity/Q103795149>	<http://www.wikidata.org/entity/Q15612952>	"Cryptocarya agathophylla"^^<http://www.w3.org/2001/XMLSchema#string>
"ITYNGVSTWVVPIC-XBIUQDLISA-N"	<http://www.wikidata.org/entity/Q103795149>	<http://www.wikidata.org/entity/Q162822>	"Eucalyptus camaldulensis"^^<http://www.w3.org/2001/XMLSchema#string>
"ITYNGVSTWVVPIC-XBIUQDLISA-N"	<http://www.wikidata.org/entity/Q103795149>	<http://www.wikidata.org/entity/Q482510>	"Eucalyptus grandis"^^<http://www.w3.org/2001/XMLSchema#string>
"ITYNGVSTWVVPIC-XVIXHAIJSA-N"	<http://www.wikidata.org/entity/Q76416625>	<http://www.wikidata.org/entity/Q909828>	"Shorea robusta"^^<http://www.w3.org/2001/XMLSchema#string>
"IUPNQIBOKXONOJ-OXXKWLEUSA-N"	<http://www.wikidata.org/entity/Q105120752>	<http://www.wikidata.org/entity/Q2065540>	"Taxus brevifolia"^^<http://www.w3.org/2001/XMLSchema#string>
"IUPNQIBOKXONOJ-UHFFFAOYSA-N"	<http://www.wikidata.org/entity/Q105120755>	<http://www.wikidata.org/entity/Q2065540>	"Taxus brevifolia"^^<http://www.w3.org/2001/XMLSchema#string>
"IVHKKBDDNUGYCJ-CUAXRVMXSA-N"	<http://www.wikidata.org/entity/Q105121049>	<http://www.wikidata.org/entity/Q3266951>	"Handroanthus impetiginosus"^^<http://www.w3.org/2001/XMLSchema#string>
"IVRQZYXJBVMHCW-OTCFHACESA-N"	<http://www.wikidata.org/entity/Q76084642>	<http://www.wikidata.org/entity/Q3266951>	"Handroanthus impetiginosus"^^<http://www.w3.org/2001/XMLSchema#string>
"IWJGCOAIVKYBPU-WZONZLPQSA-N"	<http://www.wikidata.org/entity/Q105121678>	<http://www.wikidata.org/entity/Q482510>	"Eucalyptus grandis"^^<http://www.w3.org/2001/XMLSchema#string>
"IYDAPILQPCDHTO-HHUCQEJWSA-N"	<http://www.wikidata.org/entity/Q74411901>	<http://www.wikidata.org/entity/Q147388>	"Cryptomeria japonica"^^<http://www.w3.org/2001/XMLSchema#string>
"IYDAPILQPCDHTO-UHFFFAOYSA-N"	<http://www.wikidata.org/entity/Q105122676>	<http://www.wikidata.org/entity/Q147388>	"Cryptomeria japonica"^^<http://www.w3.org/2001/XMLSchema#string>
"IYINBIPRHKIWSU-NOWHJNBBSA-N"	<http://www.wikidata.org/entity/Q105122767>	<http://www.wikidata.org/entity/Q147388>	"Cryptomeria japonica"^^<http://www.w3.org/2001/XMLSchema#string>
"IYMHVUYNBVWXKH-HUMDKZJCSA-N"	<http://www.wikidata.org/entity/Q105122820>	<http://www.wikidata.org/entity/Q2137116>	"Eucalyptus viminalis"^^<http://www.w3.org/2001/XMLSchema#string>
"IYMHVUYNBVWXKH-MMQHQYPESA-N"	<http://www.wikidata.org/entity/Q27291724>	<http://www.wikidata.org/entity/Q2137116>	"Eucalyptus viminalis"^^<http://www.w3.org/2001/XMLSchema#string>
"IYMKNYVCXUEFJE-SNAWJCMRSA-N"	<http://www.wikidata.org/entity/Q27270690>	<http://www.wikidata.org/entity/Q147388>	"Cryptomeria japonica"^^<http://www.w3.org/2001/XMLSchema#string>
"IYMKNYVCXUEFJE-UHFFFAOYSA-N"	<http://www.wikidata.org/entity/Q81990973>	<http://www.wikidata.org/entity/Q147388>	"Cryptomeria japonica"^^<http://www.w3.org/2001/XMLSchema#string>
"IYRMWMYZSQPJKC-UHFFFAOYSA-N"	<http://www.wikidata.org/entity/Q393336>	<http://www.wikidata.org/entity/Q15472685>	"Lathyrus amphicarpos"^^<http://www.w3.org/2001/XMLSchema#string>
"IYRMWMYZSQPJKC-UHFFFAOYSA-N"	<http://www.wikidata.org/entity/Q393336>	<http://www.wikidata.org/entity/Q162822>	"Eucalyptus camaldulensis"^^<http://www.w3.org/2001/XMLSchema#string>
"IYRMWMYZSQPJKC-UHFFFAOYSA-N"	<http://www.wikidata.org/entity/Q393336>	<http://www.wikidata.org/entity/Q36071>	"Pistacia vera"^^<http://www.w3.org/2001/XMLSchema#string>
"IYRMWMYZSQPJKC-UHFFFAOYSA-N"	<http://www.wikidata.org/entity/Q393336>	<http://www.wikidata.org/entity/Q5110439>	"Pterogyne nitens"^^<http://www.w3.org/2001/XMLSchema#string>
"IYWMXLVTJMHOKZ-XCKGQVDLSA-N"	<http://www.wikidata.org/entity/Q105123015>	<http://www.wikidata.org/entity/Q3266951>	"Handroanthus impetiginosus"^^<http://www.w3.org/2001/XMLSchema#string>
"IZXYHAXVIZHGJV-UHFFFAOYSA-N"	<http://www.wikidata.org/entity/Q105123586>	<http://www.wikidata.org/entity/Q147388>	"Cryptomeria japonica"^^<http://www.w3.org/2001/XMLSchema#string>
"JBFOLLJCGUCDQP-ZFORQUDYSA-N"	<http://www.wikidata.org/entity/Q72443569>	<http://www.wikidata.org/entity/Q162822>	"Eucalyptus camaldulensis"^^<http://www.w3.org/2001/XMLSchema#string>
"JCERASNGKVALPA-UHFFFAOYSA-N"	<http://www.wikidata.org/entity/Q105124767>	<http://www.wikidata.org/entity/Q147388>	"Cryptomeria japonica"^^<http://www.w3.org/2001/XMLSchema#string>
"JCGHAEBIBSEQAD-UHFFFAOYSA-N"	<http://www.wikidata.org/entity/Q82996103>	<http://www.wikidata.org/entity/Q162822>	"Eucalyptus camaldulensis"^^<http://www.w3.org/2001/XMLSchema#string>
"JCGHAEBIBSEQAD-UHFFFAOYSA-N"	<http://www.wikidata.org/entity/Q82996103>	<http://www.wikidata.org/entity/Q2998198>	"Corymbia calophylla"^^<http://www.w3.org/2001/XMLSchema#string>
"JCGHAEBIBSEQAD-UUUCSUBKSA-N"	<http://www.wikidata.org/entity/Q7697608>	<http://www.wikidata.org/entity/Q2137116>	"Eucalyptus viminalis"^^<http://www.w3.org/2001/XMLSchema#string>
"JCGYLYGMIXXHOU-UHFFFAOYSA-N"	<http://www.wikidata.org/entity/Q27135853>	<http://www.wikidata.org/entity/Q83170>	"Dalbergia melanoxylon"^^<http://www.w3.org/2001/XMLSchema#string>
"JDKIKEYFSJUYJZ-OUJQXAOTSA-N"	<http://www.wikidata.org/entity/Q27156397>	<http://www.wikidata.org/entity/Q33482>	"Platycladus orientalis"^^<http://www.w3.org/2001/XMLSchema#string>
"JDQDQIHZLJEZRM-NSHDSACASA-N"	<http://www.wikidata.org/entity/Q105125663>	<http://www.wikidata.org/entity/Q2385259>	"Pterocarpus marsupium"^^<http://www.w3.org/2001/XMLSchema#string>
"JEOZUAHPKAVXSF-VYJAJWGXSA-N"	<http://www.wikidata.org/entity/Q67880078>	<http://www.wikidata.org/entity/Q147388>	"Cryptomeria japonica"^^<http://www.w3.org/2001/XMLSchema#string>
"JFQBNOIJWROZGE-JGMVEWNTSA-N"	<http://www.wikidata.org/entity/Q105126827>	<http://www.wikidata.org/entity/Q261309>	"Pinus monticola"^^<http://www.w3.org/2001/XMLSchema#string>
"JFSHUTJDVKUMTJ-QHPUVITPSA-N"	<http://www.wikidata.org/entity/Q27108621>	<http://www.wikidata.org/entity/Q1137143>	"Tsuga canadensis"^^<http://www.w3.org/2001/XMLSchema#string>
"JFSHUTJDVKUMTJ-QHPUVITPSA-N"	<http://www.wikidata.org/entity/Q27108621>	<http://www.wikidata.org/entity/Q12700996>	"Intsia bijuga"^^<http://www.w3.org/2001/XMLSchema#string>
"JFSHUTJDVKUMTJ-QHPUVITPSA-N"	<http://www.wikidata.org/entity/Q27108621>	<http://www.wikidata.org/entity/Q15388741>	"Ceriops decandra"^^<http://www.w3.org/2001/XMLSchema#string>
"JFSHUTJDVKUMTJ-QHPUVITPSA-N"	<http://www.wikidata.org/entity/Q27108621>	<http://www.wikidata.org/entity/Q909828>	"Shorea robusta"^^<http://www.w3.org/2001/XMLSchema#string>
"JGXFMIJHKASCIZ-LDBVRRDLSA-N"	<http://www.wikidata.org/entity/Q63409041>	<http://www.wikidata.org/entity/Q163684>	"Phoenix rupicola"^^<http://www.w3.org/2001/XMLSchema#string>
"JGZVNQDYYGVIBP-DCIJUUGPSA-N"	<http://www.wikidata.org/entity/Q104400105>	<http://www.wikidata.org/entity/Q3280527>	"Eucalyptus robusta"^^<http://www.w3.org/2001/XMLSchema#string>
"JGZVNQDYYGVIBP-RUOWOPRNSA-N"	<http://www.wikidata.org/entity/Q105127803>	<http://www.wikidata.org/entity/Q162822>	"Eucalyptus camaldulensis"^^<http://www.w3.org/2001/XMLSchema#string>
"JJFSSTSAIZSCOF-HSAPRAMBSA-N"	<http://www.wikidata.org/entity/Q105129636>	<http://www.wikidata.org/entity/Q147388>	"Cryptomeria japonica"^^<http://www.w3.org/2001/XMLSchema#string>
"JJTOVDGWVPPWNZ-XTFJBBBGSA-N"	<http://www.wikidata.org/entity/Q105129913>	<http://www.wikidata.org/entity/Q1247582>	"Swietenia mahagoni"^^<http://www.w3.org/2001/XMLSchema#string>
"JKBKXKTXDKYEOR-VYJAJWGXSA-N"	<http://www.wikidata.org/entity/Q105130116>	<http://www.wikidata.org/entity/Q147388>	"Cryptomeria japonica"^^<http://www.w3.org/2001/XMLSchema#string>
"JKPVSFQJGXEMSU-CHEGSHICSA-N"	<http://www.wikidata.org/entity/Q27106086>	<http://www.wikidata.org/entity/Q15432960>	"Erythrophleum lasianthum"^^<http://www.w3.org/2001/XMLSchema#string>
"JKPVSFQJGXEMSU-UHFFFAOYSA-N"	<http://www.wikidata.org/entity/Q105130420>	<http://www.wikidata.org/entity/Q15432960>	"Erythrophleum lasianthum"^^<http://www.w3.org/2001/XMLSchema#string>
"JKVRJETZFMJWAK-RMQITCFISA-N"	<http://www.wikidata.org/entity/Q105130551>	<http://www.wikidata.org/entity/Q5834163>	"Entandrophragma angolense"^^<http://www.w3.org/2001/XMLSchema#string>
"JKYTVZRWAMCNJC-RXTZEMFQSA-N"	<http://www.wikidata.org/entity/Q105130580>	<http://www.wikidata.org/entity/Q3266951>	"Handroanthus impetiginosus"^^<http://www.w3.org/2001/XMLSchema#string>
"JLHZOLWNLOEMKU-UHFFFAOYSA-N"	<http://www.wikidata.org/entity/Q105130725>	<http://www.wikidata.org/entity/Q147388>	"Cryptomeria japonica"^^<http://www.w3.org/2001/XMLSchema#string>
"JNUNRBYCGBPDEZ-RISCZKNCSA-N"	<http://www.wikidata.org/entity/Q105132135>	<http://www.wikidata.org/entity/Q147388>	"Cryptomeria japonica"^^<http://www.w3.org/2001/XMLSchema#string>
"JOTPYRMNAYGVBN-NBUGORRBSA-N"	<http://www.wikidata.org/entity/Q104392367>	<http://www.wikidata.org/entity/Q3274110>	"Nageia nagi"^^<http://www.w3.org/2001/XMLSchema#string>
"JOTPYRMNAYGVBN-TYQYQVCMSA-N"	<http://www.wikidata.org/entity/Q110185112>	<http://www.wikidata.org/entity/Q3274110>	"Nageia nagi"^^<http://www.w3.org/2001/XMLSchema#string>
"JOZKFWLRHCDGJA-UHFFFAOYSA-N"	<http://www.wikidata.org/entity/Q27138814>	<http://www.wikidata.org/entity/Q147388>	"Cryptomeria japonica"^^<http://www.w3.org/2001/XMLSchema#string>
"JOZKFWLRHCDGJA-UHFFFAOYSA-N"	<http://www.wikidata.org/entity/Q27138814>	<http://www.wikidata.org/entity/Q15612952>	"Cryptocarya agathophylla"^^<http://www.w3.org/2001/XMLSchema#string>
"JOZKFWLRHCDGJA-UHFFFAOYSA-N"	<http://www.wikidata.org/entity/Q27138814>	<http://www.wikidata.org/entity/Q36071>	"Pistacia vera"^^<http://www.w3.org/2001/XMLSchema#string>
"JPQOSMXPPUCWDZ-SSDOTTSWSA-N"	<http://www.wikidata.org/entity/Q105133079>	<http://www.wikidata.org/entity/Q1331299>	"Nauclea diderrichii"^^<http://www.w3.org/2001/XMLSchema#string>
"JPUKWEQWGBDDQB-QSOFNFLRSA-N"	<http://www.wikidata.org/entity/Q4811191>	<http://www.wikidata.org/entity/Q162822>	"Eucalyptus camaldulensis"^^<http://www.w3.org/2001/XMLSchema#string>
"JPUKWEQWGBDDQB-QSOFNFLRSA-N"	<http://www.wikidata.org/entity/Q4811191>	<http://www.wikidata.org/entity/Q1788810>	"Pistacia atlantica"^^<http://www.w3.org/2001/XMLSchema#string>
"JQEZXXRPUSQBOK-LMSLJVMLSA-N"	<http://www.wikidata.org/entity/Q105133458>	<http://www.wikidata.org/entity/Q3274110>	"Nageia nagi"^^<http://www.w3.org/2001/XMLSchema#string>
"JQEZXXRPUSQBOK-XZBNMAPWSA-N"	<http://www.wikidata.org/entity/Q115970567>	<http://www.wikidata.org/entity/Q3274110>	"Nageia nagi"^^<http://www.w3.org/2001/XMLSchema#string>
"JQRWWSPNQHLXDY-GVDBMIGSSA-N"	<http://www.wikidata.org/entity/Q27124130>	<http://www.wikidata.org/entity/Q147388>	"Cryptomeria japonica"^^<http://www.w3.org/2001/XMLSchema#string>
"JSUJHPSAVAWXEN-GSVZXUNASA-N"	<http://www.wikidata.org/entity/Q105134572>	<http://www.wikidata.org/entity/Q5110439>	"Pterogyne nitens"^^<http://www.w3.org/2001/XMLSchema#string>
"JTAOIOJXOYUGRH-DLBZAZTESA-N"	<http://www.wikidata.org/entity/Q105134684>	<http://www.wikidata.org/entity/Q147388>	"Cryptomeria japonica"^^<http://www.w3.org/2001/XMLSchema#string>
"JTAOIOJXOYUGRH-IAGOWNOFSA-N"	<http://www.wikidata.org/entity/Q104401615>	<http://www.wikidata.org/entity/Q147388>	"Cryptomeria japonica"^^<http://www.w3.org/2001/XMLSchema#string>
"JTGDLRQPWQUGEM-HJPZGGFYSA-N"	<http://www.wikidata.org/entity/Q105134765>	<http://www.wikidata.org/entity/Q1247582>	"Swietenia mahagoni"^^<http://www.w3.org/2001/XMLSchema#string>
"JTGDLRQPWQUGEM-PEMQBJAISA-N"	<http://www.wikidata.org/entity/Q105134766>	<http://www.wikidata.org/entity/Q1247582>	"Swietenia mahagoni"^^<http://www.w3.org/2001/XMLSchema#string>
"JUOLTTLEQHQQED-UHFFFAOYSA-N"	<http://www.wikidata.org/entity/Q105135342>	<http://www.wikidata.org/entity/Q234126>	"Aegle marmelos"^^<http://www.w3.org/2001/XMLSchema#string>
"JUOLTTLEQHQQED-XNWCZRBMSA-N"	<http://www.wikidata.org/entity/Q105135343>	<http://www.wikidata.org/entity/Q234126>	"Aegle marmelos"^^<http://www.w3.org/2001/XMLSchema#string>
"JUQLHLPTRRDMFC-RJAWFJQISA-N"	<http://www.wikidata.org/entity/Q105135366>	<http://www.wikidata.org/entity/Q1247582>	"Swietenia mahagoni"^^<http://www.w3.org/2001/XMLSchema#string>
"JUQLHLPTRRDMFC-UHFFFAOYSA-N"	<http://www.wikidata.org/entity/Q105135367>	<http://www.wikidata.org/entity/Q1247582>	"Swietenia mahagoni"^^<http://www.w3.org/2001/XMLSchema#string>
"JUXJIYPXDYCRKZ-UHFFFAOYSA-N"	<http://www.wikidata.org/entity/Q105135499>	<http://www.wikidata.org/entity/Q1331299>	"Nauclea diderrichii"^^<http://www.w3.org/2001/XMLSchema#string>
"JVBCTBWKMWXQQO-VWLOTQADSA-N"	<http://www.wikidata.org/entity/Q105135557>	<http://www.wikidata.org/entity/Q147388>	"Cryptomeria japonica"^^<http://www.w3.org/2001/XMLSchema#string>
"JVGVDSSUAVXRDY-UHFFFAOYSA-N"	<http://www.wikidata.org/entity/Q26385943>	<http://www.wikidata.org/entity/Q2385259>	"Pterocarpus marsupium"^^<http://www.w3.org/2001/XMLSchema#string>
"JVIXPWIEOVZVJC-BQYQJAHWSA-N"	<http://www.wikidata.org/entity/Q27108009>	<http://www.wikidata.org/entity/Q1137001>	"Pinus coulteri"^^<http://www.w3.org/2001/XMLSchema#string>
"JVIXPWIEOVZVJC-BQYQJAHWSA-N"	<http://www.wikidata.org/entity/Q27108009>	<http://www.wikidata.org/entity/Q261309>	"Pinus monticola"^^<http://www.w3.org/2001/XMLSchema#string>
"JVIXPWIEOVZVJC-UHFFFAOYSA-N"	<http://www.wikidata.org/entity/Q27188684>	<http://www.wikidata.org/entity/Q261309>	"Pinus monticola"^^<http://www.w3.org/2001/XMLSchema#string>
"JVNBUTMHGUDQKH-LPRGFTSCSA-N"	<http://www.wikidata.org/entity/Q105135849>	<http://www.wikidata.org/entity/Q2065540>	"Taxus brevifolia"^^<http://www.w3.org/2001/XMLSchema#string>
"JWIXCXBFPMKPIN-CRVDFBCUSA-N"	<http://www.wikidata.org/entity/Q105136181>	<http://www.wikidata.org/entity/Q234126>	"Aegle marmelos"^^<http://www.w3.org/2001/XMLSchema#string>
"JXSVIVRDWWRQRT-GWDMTMLYSA-N"	<http://www.wikidata.org/entity/Q105136768>	<http://www.wikidata.org/entity/Q909828>	"Shorea robusta"^^<http://www.w3.org/2001/XMLSchema#string>
"JXSVIVRDWWRQRT-UYDOISQJSA-N"	<http://www.wikidata.org/entity/Q15478109>	<http://www.wikidata.org/entity/Q909828>	"Shorea robusta"^^<http://www.w3.org/2001/XMLSchema#string>
"JYDIJMBUETWWMG-XVMDAHJBSA-N"	<http://www.wikidata.org/entity/Q115949799>	<http://www.wikidata.org/entity/Q156907>	"Fraxinus excelsior"^^<http://www.w3.org/2001/XMLSchema#string>
"JYESOAFLKFHYHP-SFHVURJKSA-N"	<http://www.wikidata.org/entity/Q82991742>	<http://www.wikidata.org/entity/Q15471793>	"Lonchocarpus costaricensis"^^<http://www.w3.org/2001/XMLSchema#string>
"JYKHAJGLEVKEAA-UHFFFAOYSA-N"	<http://www.wikidata.org/entity/Q27103810>	<http://www.wikidata.org/entity/Q3266951>	"Handroanthus impetiginosus"^^<http://www.w3.org/2001/XMLSchema#string>
"JYOFALADCIRECO-UHFFFAOYSA-N"	<http://www.wikidata.org/entity/Q110197866>	<http://www.wikidata.org/entity/Q33482>	"Platycladus orientalis"^^<http://www.w3.org/2001/XMLSchema#string>
"JZWZFNOVWZEQMF-YCHYOCTRSA-N"	<http://www.wikidata.org/entity/Q105137698>	<http://www.wikidata.org/entity/Q3266951>	"Handroanthus impetiginosus"^^<http://www.w3.org/2001/XMLSchema#string>
"JZYNFCPCWFSNOL-AQPRZTTHSA-N"	<http://www.wikidata.org/entity/Q105137712>	<http://www.wikidata.org/entity/Q147388>	"Cryptomeria japonica"^^<http://www.w3.org/2001/XMLSchema#string>
"JZYNFCPCWFSNOL-LXBJXQDPSA-N"	<http://www.wikidata.org/entity/Q105137713>	<http://www.wikidata.org/entity/Q147388>	"Cryptomeria japonica"^^<http://www.w3.org/2001/XMLSchema#string>
"JZYNFCPCWFSNOL-XXOXUEAOSA-N"	<http://www.wikidata.org/entity/Q105137715>	<http://www.wikidata.org/entity/Q147388>	"Cryptomeria japonica"^^<http://www.w3.org/2001/XMLSchema#string>
"KAESVJOAVNADME-UHFFFAOYSA-N"	<http://www.wikidata.org/entity/Q242627>	<http://www.wikidata.org/entity/Q36071>	"Pistacia vera"^^<http://www.w3.org/2001/XMLSchema#string>
"KBDUCUDIASUHFM-UHFFFAOYSA-N"	<http://www.wikidata.org/entity/Q105138127>	<http://www.wikidata.org/entity/Q147388>	"Cryptomeria japonica"^^<http://www.w3.org/2001/XMLSchema#string>
"KBPHJBAIARWVSC-RTIVXWJOSA-N"	<http://www.wikidata.org/entity/Q104392842>	<http://www.wikidata.org/entity/Q36071>	"Pistacia vera"^^<http://www.w3.org/2001/XMLSchema#string>
"KBZMDBAMUVCKBO-HJWRWDBZSA-N"	<http://www.wikidata.org/entity/Q76422786>	<http://www.wikidata.org/entity/Q7170711>	"Persoonia elliptica"^^<http://www.w3.org/2001/XMLSchema#string>
"KBZMDBAMUVCKBO-UHFFFAOYSA-N"	<http://www.wikidata.org/entity/Q105138633>	<http://www.wikidata.org/entity/Q7170711>	"Persoonia elliptica"^^<http://www.w3.org/2001/XMLSchema#string>
"KCUBNAQHLWZMCB-TYNCELHUSA-N"	<http://www.wikidata.org/entity/Q105138941>	<http://www.wikidata.org/entity/Q147388>	"Cryptomeria japonica"^^<http://www.w3.org/2001/XMLSchema#string>
"KCVQSKNIJWXQDJ-SZGSEPTJSA-N"	<http://www.wikidata.org/entity/Q105138977>	<http://www.wikidata.org/entity/Q3274110>	"Nageia nagi"^^<http://www.w3.org/2001/XMLSchema#string>
"KCXNWOIFSVEZCW-PPXRBBFJSA-N"	<http://www.wikidata.org/entity/Q105138996>	<http://www.wikidata.org/entity/Q1247582>	"Swietenia mahagoni"^^<http://www.w3.org/2001/XMLSchema#string>
"KCXNWOIFSVEZCW-UHFFFAOYSA-N"	<http://www.wikidata.org/entity/Q105138997>	<http://www.wikidata.org/entity/Q1247582>	"Swietenia mahagoni"^^<http://www.w3.org/2001/XMLSchema#string>
"KCXNWOIFSVEZCW-ZOHPHGJASA-N"	<http://www.wikidata.org/entity/Q105138999>	<http://www.wikidata.org/entity/Q1247582>	"Swietenia mahagoni"^^<http://www.w3.org/2001/XMLSchema#string>
"KDIQXRIWYFCIKU-CMJOXMDJSA-N"	<http://www.wikidata.org/entity/Q105139156>	<http://www.wikidata.org/entity/Q482510>	"Eucalyptus grandis"^^<http://www.w3.org/2001/XMLSchema#string>
"KDIQXRIWYFCIKU-NPMXOYFQSA-N"	<http://www.wikidata.org/entity/Q125027879>	<http://www.wikidata.org/entity/Q482510>	"Eucalyptus grandis"^^<http://www.w3.org/2001/XMLSchema#string>
"KDORDIOOUCRJPK-UHFFFAOYSA-N"	<http://www.wikidata.org/entity/Q110079408>	<http://www.wikidata.org/entity/Q3274110>	"Nageia nagi"^^<http://www.w3.org/2001/XMLSchema#string>
"KEMQGTRYUADPNZ-UHFFFAOYSA-N"	<http://www.wikidata.org/entity/Q902204>	<http://www.wikidata.org/entity/Q36071>	"Pistacia vera"^^<http://www.w3.org/2001/XMLSchema#string>
"KEQVPNIOSICVBG-HOIFWPIMSA-N"	<http://www.wikidata.org/entity/Q105140144>	<http://www.wikidata.org/entity/Q147388>	"Cryptomeria japonica"^^<http://www.w3.org/2001/XMLSchema#string>
"KEXSMNABMQFSDY-DEIJXFBXSA-N"	<http://www.wikidata.org/entity/Q105140248>	<http://www.wikidata.org/entity/Q3274110>	"Nageia nagi"^^<http://www.w3.org/2001/XMLSchema#string>
"KFVUFODCZDRVSS-UHFFFAOYSA-N"	<http://www.wikidata.org/entity/Q105140578>	<http://www.wikidata.org/entity/Q15388741>	"Ceriops decandra"^^<http://www.w3.org/2001/XMLSchema#string>
"KFVUFODCZDRVSS-XGBBNYNSSA-N"	<http://www.wikidata.org/entity/Q27236439>	<http://www.wikidata.org/entity/Q15388741>	"Ceriops decandra"^^<http://www.w3.org/2001/XMLSchema#string>
"KFYISTOZYAKAPV-UHFFFAOYSA-N"	<http://www.wikidata.org/entity/Q67879717>	<http://www.wikidata.org/entity/Q147388>	"Cryptomeria japonica"^^<http://www.w3.org/2001/XMLSchema#string>
"KGACAZODSZLMAB-VQTJNVASSA-N"	<http://www.wikidata.org/entity/Q105140647>	<http://www.wikidata.org/entity/Q147388>	"Cryptomeria japonica"^^<http://www.w3.org/2001/XMLSchema#string>
"KGEKLUUHTZCSIP-UHFFFAOYSA-N"	<http://www.wikidata.org/entity/Q780165>	<http://www.wikidata.org/entity/Q147388>	"Cryptomeria japonica"^^<http://www.w3.org/2001/XMLSchema#string>
"KGEKLUUHTZCSIP-UHFFFAOYSA-N"	<http://www.wikidata.org/entity/Q780165>	<http://www.wikidata.org/entity/Q161360>	"Chamaecyparis lawsoniana"^^<http://www.w3.org/2001/XMLSchema#string>
"KGEKLUUHTZCSIP-UHFFFAOYSA-N"	<http://www.wikidata.org/entity/Q780165>	<http://www.wikidata.org/entity/Q261309>	"Pinus monticola"^^<http://www.w3.org/2001/XMLSchema#string>
"KGEKLUUHTZCSIP-UHFFFAOYSA-N"	<http://www.wikidata.org/entity/Q780165>	<http://www.wikidata.org/entity/Q36071>	"Pistacia vera"^^<http://www.w3.org/2001/XMLSchema#string>
"KGHSLXLLBHRMML-VKISENBKSA-N"	<http://www.wikidata.org/entity/Q104396226>	<http://www.wikidata.org/entity/Q2137116>	"Eucalyptus viminalis"^^<http://www.w3.org/2001/XMLSchema#string>
"KGRQMZNGTGLLGV-GJKYVBSNSA-N"	<http://www.wikidata.org/entity/Q105140950>	<http://www.wikidata.org/entity/Q482510>	"Eucalyptus grandis"^^<http://www.w3.org/2001/XMLSchema#string>
"KGRQMZNGTGLLGV-OLJPZDALSA-N"	<http://www.wikidata.org/entity/Q125027883>	<http://www.wikidata.org/entity/Q482510>	"Eucalyptus grandis"^^<http://www.w3.org/2001/XMLSchema#string>
"KICUTMUDQMLBSF-CYDBUDFLSA-N"	<http://www.wikidata.org/entity/Q105141451>	<http://www.wikidata.org/entity/Q162822>	"Eucalyptus camaldulensis"^^<http://www.w3.org/2001/XMLSchema#string>
"KIYJRYWOZVDCRC-GLYOJDOWSA-N"	<http://www.wikidata.org/entity/Q105141733>	<http://www.wikidata.org/entity/Q156907>	"Fraxinus excelsior"^^<http://www.w3.org/2001/XMLSchema#string>
"KIYJRYWOZVDCRC-UHFFFAOYSA-N"	<http://www.wikidata.org/entity/Q105141734>	<http://www.wikidata.org/entity/Q156907>	"Fraxinus excelsior"^^<http://www.w3.org/2001/XMLSchema#string>
"KIYJRYWOZVDCRC-VYUFMQCESA-N"	<http://www.wikidata.org/entity/Q105141735>	<http://www.wikidata.org/entity/Q156907>	"Fraxinus excelsior"^^<http://www.w3.org/2001/XMLSchema#string>
"KJDXYWIMMJVFLH-JIIJFUIFSA-N"	<http://www.wikidata.org/entity/Q105141799>	<http://www.wikidata.org/entity/Q234126>	"Aegle marmelos"^^<http://www.w3.org/2001/XMLSchema#string>
"KJDXYWIMMJVFLH-JLHYYAGUSA-N"	<http://www.wikidata.org/entity/Q104402013>	<http://www.wikidata.org/entity/Q234126>	"Aegle marmelos"^^<http://www.w3.org/2001/XMLSchema#string>
"KJXSIXMJHKAJOD-LSDHHAIUSA-N"	<http://www.wikidata.org/entity/Q422305>	<http://www.wikidata.org/entity/Q12700996>	"Intsia bijuga"^^<http://www.w3.org/2001/XMLSchema#string>
"KLAGFFXRUOBTMA-DOEMEAPXSA-N"	<http://www.wikidata.org/entity/Q105142473>	<http://www.wikidata.org/entity/Q147388>	"Cryptomeria japonica"^^<http://www.w3.org/2001/XMLSchema#string>
"KLAGFFXRUOBTMA-UHFFFAOYSA-N"	<http://www.wikidata.org/entity/Q105142477>	<http://www.wikidata.org/entity/Q147388>	"Cryptomeria japonica"^^<http://www.w3.org/2001/XMLSchema#string>
"KLZJDQVTNOMAKU-UHFFFAOYSA-N"	<http://www.wikidata.org/entity/Q82036134>	<http://www.wikidata.org/entity/Q234126>	"Aegle marmelos"^^<http://www.w3.org/2001/XMLSchema#string>
"KMOUJOKENFFTPU-QNDFHXLGSA-N"	<http://www.wikidata.org/entity/Q2858304>	<http://www.wikidata.org/entity/Q147388>	"Cryptomeria japonica"^^<http://www.w3.org/2001/XMLSchema#string>
"KMOUJOKENFFTPU-RQXATKFSSA-N"	<http://www.wikidata.org/entity/Q83123988>	<http://www.wikidata.org/entity/Q147388>	"Cryptomeria japonica"^^<http://www.w3.org/2001/XMLSchema#string>
"KMRMUZKLFIEVAO-UHFFFAOYSA-N"	<http://www.wikidata.org/entity/Q104253270>	<http://www.wikidata.org/entity/Q36071>	"Pistacia vera"^^<http://www.w3.org/2001/XMLSchema#string>
"KNFQFMAXIWUYSL-AZUAARDMSA-N"	<http://www.wikidata.org/entity/Q105143398>	<http://www.wikidata.org/entity/Q147388>	"Cryptomeria japonica"^^<http://www.w3.org/2001/XMLSchema#string>
"KNJNBKINYHZUGC-UHFFFAOYSA-N"	<http://www.wikidata.org/entity/Q7254529>	<http://www.wikidata.org/entity/Q2385259>	"Pterocarpus marsupium"^^<http://www.w3.org/2001/XMLSchema#string>
"KNRXBOCDMJMJJX-NLNPXBQKSA-N"	<http://www.wikidata.org/entity/Q105143538>	<http://www.wikidata.org/entity/Q147388>	"Cryptomeria japonica"^^<http://www.w3.org/2001/XMLSchema#string>
"KOAPDMKKECXPHX-UHFFFAOYSA-N"	<http://www.wikidata.org/entity/Q83087901>	<http://www.wikidata.org/entity/Q5434925>	"Myristica maingayi"^^<http://www.w3.org/2001/XMLSchema#string>
"KONGRWVLXLWGDV-ARSDKDGVSA-N"	<http://www.wikidata.org/entity/Q105143891>	<http://www.wikidata.org/entity/Q147388>	"Cryptomeria japonica"^^<http://www.w3.org/2001/XMLSchema#string>
"KONGRWVLXLWGDV-BYGOPZEFSA-N"	<http://www.wikidata.org/entity/Q726875>	<http://www.wikidata.org/entity/Q147388>	"Cryptomeria japonica"^^<http://www.w3.org/2001/XMLSchema#string>
"KONGRWVLXLWGDV-QLKXBERHSA-N"	<http://www.wikidata.org/entity/Q105143894>	<http://www.wikidata.org/entity/Q147388>	"Cryptomeria japonica"^^<http://www.w3.org/2001/XMLSchema#string>
"KOTXAHKUCAQPQA-AAUVPWARSA-N"	<http://www.wikidata.org/entity/Q6130186>	<http://www.wikidata.org/entity/Q2065540>	"Taxus brevifolia"^^<http://www.w3.org/2001/XMLSchema#string>
"KPDZBOPXDVHHMX-MZXLOQKJSA-N"	<http://www.wikidata.org/entity/Q105144137>	<http://www.wikidata.org/entity/Q3266951>	"Handroanthus impetiginosus"^^<http://www.w3.org/2001/XMLSchema#string>
"KPQMCAKZRXOZLB-KOIHBYQTSA-N"	<http://www.wikidata.org/entity/Q22911785>	<http://www.wikidata.org/entity/Q3274110>	"Nageia nagi"^^<http://www.w3.org/2001/XMLSchema#string>
"KQAZVFVOEIRWHN-UHFFFAOYSA-N"	<http://www.wikidata.org/entity/Q27121796>	<http://www.wikidata.org/entity/Q162822>	"Eucalyptus camaldulensis"^^<http://www.w3.org/2001/XMLSchema#string>
"KQAZVFVOEIRWHN-YHMJZVADSA-N"	<http://www.wikidata.org/entity/Q104249272>	<http://www.wikidata.org/entity/Q161360>	"Chamaecyparis lawsoniana"^^<http://www.w3.org/2001/XMLSchema#string>
"KQAZVFVOEIRWHN-YHMJZVADSA-N"	<http://www.wikidata.org/entity/Q104249272>	<http://www.wikidata.org/entity/Q33482>	"Platycladus orientalis"^^<http://www.w3.org/2001/XMLSchema#string>
"KQJNENMKRYMNJO-HDEPKMHESA-N"	<http://www.wikidata.org/entity/Q105144583>	<http://www.wikidata.org/entity/Q1247582>	"Swietenia mahagoni"^^<http://www.w3.org/2001/XMLSchema#string>
"KQJNENMKRYMNJO-JCUCJHCYSA-N"	<http://www.wikidata.org/entity/Q105144584>	<http://www.wikidata.org/entity/Q1247582>	"Swietenia mahagoni"^^<http://www.w3.org/2001/XMLSchema#string>
"KSEBMYQBYZTDHS-HWKANZROSA-N"	<http://www.wikidata.org/entity/Q417362>	<http://www.wikidata.org/entity/Q147388>	"Cryptomeria japonica"^^<http://www.w3.org/2001/XMLSchema#string>
"KSEBMYQBYZTDHS-HWKANZROSA-N"	<http://www.wikidata.org/entity/Q417362>	<http://www.wikidata.org/entity/Q33482>	"Platycladus orientalis"^^<http://www.w3.org/2001/XMLSchema#string>
"KSEBMYQBYZTDHS-HYXAFXHYSA-N"	<http://www.wikidata.org/entity/Q27145764>	<http://www.wikidata.org/entity/Q33482>	"Platycladus orientalis"^^<http://www.w3.org/2001/XMLSchema#string>
"KSEBMYQBYZTDHS-UHFFFAOYSA-N"	<http://www.wikidata.org/entity/Q51617501>	<http://www.wikidata.org/entity/Q147388>	"Cryptomeria japonica"^^<http://www.w3.org/2001/XMLSchema#string>
"KSEBMYQBYZTDHS-UHFFFAOYSA-N"	<http://www.wikidata.org/entity/Q51617501>	<http://www.wikidata.org/entity/Q162822>	"Eucalyptus camaldulensis"^^<http://www.w3.org/2001/XMLSchema#string>
"KSEBMYQBYZTDHS-UHFFFAOYSA-N"	<http://www.wikidata.org/entity/Q51617501>	<http://www.wikidata.org/entity/Q5110439>	"Pterogyne nitens"^^<http://www.w3.org/2001/XMLSchema#string>
"KSMGXOJIWMFMLJ-HZLHTTAUSA-N"	<http://www.wikidata.org/entity/Q104396482>	<http://www.wikidata.org/entity/Q1247582>	"Swietenia mahagoni"^^<http://www.w3.org/2001/XMLSchema#string>
"KSTZCKLHDQOIJZ-RISCZKNCSA-N"	<http://www.wikidata.org/entity/Q105145590>	<http://www.wikidata.org/entity/Q3266951>	"Handroanthus impetiginosus"^^<http://www.w3.org/2001/XMLSchema#string>
"KSYDDINMVMFLLB-JOCHJYFZSA-N"	<http://www.wikidata.org/entity/Q105145652>	<http://www.wikidata.org/entity/Q15471793>	"Lonchocarpus costaricensis"^^<http://www.w3.org/2001/XMLSchema#string>
"KULNKVVPOHFAHL-ZYFLPPHXSA-N"	<http://www.wikidata.org/entity/Q105146216>	<http://www.wikidata.org/entity/Q1247582>	"Swietenia mahagoni"^^<http://www.w3.org/2001/XMLSchema#string>
"KVTOPOITUALWOF-AZUAARDMSA-N"	<http://www.wikidata.org/entity/Q105146724>	<http://www.wikidata.org/entity/Q147388>	"Cryptomeria japonica"^^<http://www.w3.org/2001/XMLSchema#string>
"KVTOPOITUALWOF-UYAOXDASSA-N"	<http://www.wikidata.org/entity/Q104402770>	<http://www.wikidata.org/entity/Q147388>	"Cryptomeria japonica"^^<http://www.w3.org/2001/XMLSchema#string>
"KWDDOLPNMJRDQX-OHDFGLQGSA-N"	<http://www.wikidata.org/entity/Q105146869>	<http://www.wikidata.org/entity/Q1247582>	"Swietenia mahagoni"^^<http://www.w3.org/2001/XMLSchema#string>
"KWFJIXPIFLVMPM-UHFFFAOYSA-N"	<http://www.wikidata.org/entity/Q29529955>	<http://www.wikidata.org/entity/Q147388>	"Cryptomeria japonica"^^<http://www.w3.org/2001/XMLSchema#string>
"KWLOAKAXMOYBRK-DBNVPYPFSA-N"	<http://www.wikidata.org/entity/Q105147009>	<http://www.wikidata.org/entity/Q162822>	"Eucalyptus camaldulensis"^^<http://www.w3.org/2001/XMLSchema#string>
"KXSDPILWMGFJMM-IVZWLZJFSA-N"	<http://www.wikidata.org/entity/Q104253169>	<http://www.wikidata.org/entity/Q162822>	"Eucalyptus camaldulensis"^^<http://www.w3.org/2001/XMLSchema#string>
"KXSDPILWMGFJMM-XMCUXHSSSA-N"	<http://www.wikidata.org/entity/Q104253392>	<http://www.wikidata.org/entity/Q147388>	"Cryptomeria japonica"^^<http://www.w3.org/2001/XMLSchema#string>
"KYBLAIAGFNCVHL-PMVHANJISA-N"	<http://www.wikidata.org/entity/Q27136451>	<http://www.wikidata.org/entity/Q234126>	"Aegle marmelos"^^<http://www.w3.org/2001/XMLSchema#string>
"KYLKKZSVPLUGCC-CMKODMSKSA-N"	<http://www.wikidata.org/entity/Q7434119>	<http://www.wikidata.org/entity/Q147388>	"Cryptomeria japonica"^^<http://www.w3.org/2001/XMLSchema#string>
"KYLKKZSVPLUGCC-GGPKGHCWSA-N"	<http://www.wikidata.org/entity/Q105147773>	<http://www.wikidata.org/entity/Q147388>	"Cryptomeria japonica"^^<http://www.w3.org/2001/XMLSchema#string>
"KYTKOCVFNCZSSC-XBJHOTNWSA-N"	<http://www.wikidata.org/entity/Q105147946>	<http://www.wikidata.org/entity/Q261309>	"Pinus monticola"^^<http://www.w3.org/2001/XMLSchema#string>
"KYVUMEGNMQDSHO-ISEXSMSQSA-N"	<http://www.wikidata.org/entity/Q104401989>	<http://www.wikidata.org/entity/Q156907>	"Fraxinus excelsior"^^<http://www.w3.org/2001/XMLSchema#string>
"KYVUMEGNMQDSHO-PVCIXGPPSA-N"	<http://www.wikidata.org/entity/Q105147978>	<http://www.wikidata.org/entity/Q156907>	"Fraxinus excelsior"^^<http://www.w3.org/2001/XMLSchema#string>
"KYVUMEGNMQDSHO-UHFFFAOYSA-N"	<http://www.wikidata.org/entity/Q105147980>	<http://www.wikidata.org/entity/Q156907>	"Fraxinus excelsior"^^<http://www.w3.org/2001/XMLSchema#string>
"KZJWDPNRJALLNS-UHFFFAOYSA-N"	<http://www.wikidata.org/entity/Q63409374>	<http://www.wikidata.org/entity/Q15492648>	"Erythrina chiriquensis"^^<http://www.w3.org/2001/XMLSchema#string>
"KZJWDPNRJALLNS-UHFFFAOYSA-N"	<http://www.wikidata.org/entity/Q63409374>	<http://www.wikidata.org/entity/Q2065540>	"Taxus brevifolia"^^<http://www.w3.org/2001/XMLSchema#string>
"KZJWDPNRJALLNS-UHFFFAOYSA-N"	<http://www.wikidata.org/entity/Q63409374>	<http://www.wikidata.org/entity/Q3274110>	"Nageia nagi"^^<http://www.w3.org/2001/XMLSchema#string>
"KZJWDPNRJALLNS-VJSFXXLFSA-N"	<http://www.wikidata.org/entity/Q121802>	<http://www.wikidata.org/entity/Q1331299>	"Nauclea diderrichii"^^<http://www.w3.org/2001/XMLSchema#string>
"KZJWDPNRJALLNS-VJSFXXLFSA-N"	<http://www.wikidata.org/entity/Q121802>	<http://www.wikidata.org/entity/Q15347916>	"Quercus oblongata"^^<http://www.w3.org/2001/XMLSchema#string>
"KZJWDPNRJALLNS-VJSFXXLFSA-N"	<http://www.wikidata.org/entity/Q121802>	<http://www.wikidata.org/entity/Q15388741>	"Ceriops decandra"^^<http://www.w3.org/2001/XMLSchema#string>
"KZJWDPNRJALLNS-VJSFXXLFSA-N"	<http://www.wikidata.org/entity/Q121802>	<http://www.wikidata.org/entity/Q15612952>	"Cryptocarya agathophylla"^^<http://www.w3.org/2001/XMLSchema#string>
"KZJWDPNRJALLNS-VJSFXXLFSA-N"	<http://www.wikidata.org/entity/Q121802>	<http://www.wikidata.org/entity/Q162822>	"Eucalyptus camaldulensis"^^<http://www.w3.org/2001/XMLSchema#string>
"KZJWDPNRJALLNS-VJSFXXLFSA-N"	<http://www.wikidata.org/entity/Q121802>	<http://www.wikidata.org/entity/Q234126>	"Aegle marmelos"^^<http://www.w3.org/2001/XMLSchema#string>
"KZJWDPNRJALLNS-VJSFXXLFSA-N"	<http://www.wikidata.org/entity/Q121802>	<http://www.wikidata.org/entity/Q2385259>	"Pterocarpus marsupium"^^<http://www.w3.org/2001/XMLSchema#string>
"KZJWDPNRJALLNS-VJSFXXLFSA-N"	<http://www.wikidata.org/entity/Q121802>	<http://www.wikidata.org/entity/Q3274110>	"Nageia nagi"^^<http://www.w3.org/2001/XMLSchema#string>
"KZJWDPNRJALLNS-VJSFXXLFSA-N"	<http://www.wikidata.org/entity/Q121802>	<http://www.wikidata.org/entity/Q33482>	"Platycladus orientalis"^^<http://www.w3.org/2001/XMLSchema#string>
"KZJWDPNRJALLNS-VJSFXXLFSA-N"	<http://www.wikidata.org/entity/Q121802>	<http://www.wikidata.org/entity/Q5834163>	"Entandrophragma angolense"^^<http://www.w3.org/2001/XMLSchema#string>
"KZJWDPNRJALLNS-VJSFXXLFSA-N"	<http://www.wikidata.org/entity/Q121802>	<http://www.wikidata.org/entity/Q909828>	"Shorea robusta"^^<http://www.w3.org/2001/XMLSchema#string>
"KZNIFHPLKGYRTM-UHFFFAOYSA-N"	<http://www.wikidata.org/entity/Q424567>	<http://www.wikidata.org/entity/Q147388>	"Cryptomeria japonica"^^<http://www.w3.org/2001/XMLSchema#string>
"KZNIFHPLKGYRTM-UHFFFAOYSA-N"	<http://www.wikidata.org/entity/Q424567>	<http://www.wikidata.org/entity/Q33482>	"Platycladus orientalis"^^<http://www.w3.org/2001/XMLSchema#string>
"KZNIFHPLKGYRTM-UHFFFAOYSA-N"	<http://www.wikidata.org/entity/Q424567>	<http://www.wikidata.org/entity/Q36071>	"Pistacia vera"^^<http://www.w3.org/2001/XMLSchema#string>
"KZNIFHPLKGYRTM-UHFFFAOYSA-N"	<http://www.wikidata.org/entity/Q424567>	<http://www.wikidata.org/entity/Q5110439>	"Pterogyne nitens"^^<http://www.w3.org/2001/XMLSchema#string>
"LADPNODMUXOPRG-UHFFFAOYSA-N"	<http://www.wikidata.org/entity/Q27068159>	<http://www.wikidata.org/entity/Q33482>	"Platycladus orientalis"^^<http://www.w3.org/2001/XMLSchema#string>
"LBHXIQMBWNFUCB-AOYOYUNPSA-N"	<http://www.wikidata.org/entity/Q105149297>	<http://www.wikidata.org/entity/Q147388>	"Cryptomeria japonica"^^<http://www.w3.org/2001/XMLSchema#string>
"LCYXQUJDODZYIJ-UHFFFAOYSA-N"	<http://www.wikidata.org/entity/Q27103091>	<http://www.wikidata.org/entity/Q162822>	"Eucalyptus camaldulensis"^^<http://www.w3.org/2001/XMLSchema#string>
"LCYXQUJDODZYIJ-VGMNWLOBSA-N"	<http://www.wikidata.org/entity/Q105150076>	<http://www.wikidata.org/entity/Q147388>	"Cryptomeria japonica"^^<http://www.w3.org/2001/XMLSchema#string>
"LCYXQUJDODZYIJ-VGMNWLOBSA-N"	<http://www.wikidata.org/entity/Q105150076>	<http://www.wikidata.org/entity/Q162822>	"Eucalyptus camaldulensis"^^<http://www.w3.org/2001/XMLSchema#string>
"LDCLXZSKVDYDBF-DTJUAWDLSA-N"	<http://www.wikidata.org/entity/Q105150157>	<http://www.wikidata.org/entity/Q1331299>	"Nauclea diderrichii"^^<http://www.w3.org/2001/XMLSchema#string>
"LEDONMHGHMBVFN-QFYYESIMSA-N"	<http://www.wikidata.org/entity/Q105150505>	<http://www.wikidata.org/entity/Q83170>	"Dalbergia melanoxylon"^^<http://www.w3.org/2001/XMLSchema#string>
"LEZNRZJCVJRZHO-GVSUFJIFSA-N"	<http://www.wikidata.org/entity/Q105150906>	<http://www.wikidata.org/entity/Q234126>	"Aegle marmelos"^^<http://www.w3.org/2001/XMLSchema#string>
"LFBIHCZSRPAPHS-UHFFFAOYSA-N"	<http://www.wikidata.org/entity/Q105150940>	<http://www.wikidata.org/entity/Q2137116>	"Eucalyptus viminalis"^^<http://www.w3.org/2001/XMLSchema#string>
"LFJQCDVYDGGFCH-JTQLQIEISA-N"	<http://www.wikidata.org/entity/Q27105214>	<http://www.wikidata.org/entity/Q261309>	"Pinus monticola"^^<http://www.w3.org/2001/XMLSchema#string>
"LFJQCDVYDGGFCH-SNVBAGLBSA-N"	<http://www.wikidata.org/entity/Q27105254>	<http://www.wikidata.org/entity/Q261309>	"Pinus monticola"^^<http://www.w3.org/2001/XMLSchema#string>
"LFJQCDVYDGGFCH-UHFFFAOYSA-N"	<http://www.wikidata.org/entity/Q19606727>	<http://www.wikidata.org/entity/Q147388>	"Cryptomeria japonica"^^<http://www.w3.org/2001/XMLSchema#string>
"LFJQCDVYDGGFCH-UHFFFAOYSA-N"	<http://www.wikidata.org/entity/Q19606727>	<http://www.wikidata.org/entity/Q162822>	"Eucalyptus camaldulensis"^^<http://www.w3.org/2001/XMLSchema#string>
"LFJQCDVYDGGFCH-UHFFFAOYSA-N"	<http://www.wikidata.org/entity/Q19606727>	<http://www.wikidata.org/entity/Q36071>	"Pistacia vera"^^<http://www.w3.org/2001/XMLSchema#string>
"LGZDMFLDPIGJEV-RTCVGBHASA-N"	<http://www.wikidata.org/entity/Q27126830>	<http://www.wikidata.org/entity/Q234126>	"Aegle marmelos"^^<http://www.w3.org/2001/XMLSchema#string>
"LHCXNDUUQILQIH-DMABKHLUSA-N"	<http://www.wikidata.org/entity/Q105151691>	<http://www.wikidata.org/entity/Q2065540>	"Taxus brevifolia"^^<http://www.w3.org/2001/XMLSchema#string>
"LHXDLQBQYFFVNW-UHFFFAOYSA-N"	<http://www.wikidata.org/entity/Q414784>	<http://www.wikidata.org/entity/Q36071>	"Pistacia vera"^^<http://www.w3.org/2001/XMLSchema#string>
"LHYHMMRYTDARSZ-BYNSBNAKSA-N"	<http://www.wikidata.org/entity/Q4734900>	<http://www.wikidata.org/entity/Q147388>	"Cryptomeria japonica"^^<http://www.w3.org/2001/XMLSchema#string>
"LHYHMMRYTDARSZ-BYNSBNAKSA-N"	<http://www.wikidata.org/entity/Q4734900>	<http://www.wikidata.org/entity/Q161360>	"Chamaecyparis lawsoniana"^^<http://www.w3.org/2001/XMLSchema#string>
"LHYHMMRYTDARSZ-UHFFFAOYSA-N"	<http://www.wikidata.org/entity/Q104170958>	<http://www.wikidata.org/entity/Q161360>	"Chamaecyparis lawsoniana"^^<http://www.w3.org/2001/XMLSchema#string>
"LHYHMMRYTDARSZ-XQLPTFJDSA-N"	<http://www.wikidata.org/entity/Q67865683>	<http://www.wikidata.org/entity/Q147388>	"Cryptomeria japonica"^^<http://www.w3.org/2001/XMLSchema#string>
"LHYHMMRYTDARSZ-XQLPTFJDSA-N"	<http://www.wikidata.org/entity/Q67865683>	<http://www.wikidata.org/entity/Q161360>	"Chamaecyparis lawsoniana"^^<http://www.w3.org/2001/XMLSchema#string>
"LHYHMMRYTDARSZ-XQLPTFJDSA-N"	<http://www.wikidata.org/entity/Q67865683>	<http://www.wikidata.org/entity/Q18076816>	"Leplaea cedrata"^^<http://www.w3.org/2001/XMLSchema#string>
"LHYHMMRYTDARSZ-YJNKXOJESA-N"	<http://www.wikidata.org/entity/Q105152055>	<http://www.wikidata.org/entity/Q147388>	"Cryptomeria japonica"^^<http://www.w3.org/2001/XMLSchema#string>
"LHYHMMRYTDARSZ-ZQDZILKHSA-N"	<http://www.wikidata.org/entity/Q5254530>	<http://www.wikidata.org/entity/Q147388>	"Cryptomeria japonica"^^<http://www.w3.org/2001/XMLSchema#string>
"LHYHMMRYTDARSZ-ZQDZILKHSA-N"	<http://www.wikidata.org/entity/Q5254530>	<http://www.wikidata.org/entity/Q161360>	"Chamaecyparis lawsoniana"^^<http://www.w3.org/2001/XMLSchema#string>
"LIAUJQLOCLVMMH-UHFFFAOYSA-N"	<http://www.wikidata.org/entity/Q83037607>	<http://www.wikidata.org/entity/Q1331299>	"Nauclea diderrichii"^^<http://www.w3.org/2001/XMLSchema#string>
"LIMVBVPSLMCNGN-HSALFYBXSA-N"	<http://www.wikidata.org/entity/Q105152284>	<http://www.wikidata.org/entity/Q15612952>	"Cryptocarya agathophylla"^^<http://www.w3.org/2001/XMLSchema#string>
"LINZNJXGWREWCZ-GBGIJOCLSA-N"	<http://www.wikidata.org/entity/Q105152305>	<http://www.wikidata.org/entity/Q162822>	"Eucalyptus camaldulensis"^^<http://www.w3.org/2001/XMLSchema#string>
"LJIDKKKHYAPXKQ-OTCFHACESA-N"	<http://www.wikidata.org/entity/Q105152594>	<http://www.wikidata.org/entity/Q3266951>	"Handroanthus impetiginosus"^^<http://www.w3.org/2001/XMLSchema#string>
"LJKOFXGMGDOURN-JIIJFUIFSA-N"	<http://www.wikidata.org/entity/Q105152637>	<http://www.wikidata.org/entity/Q234126>	"Aegle marmelos"^^<http://www.w3.org/2001/XMLSchema#string>
"LJKOFXGMGDOURN-QGZVFWFLSA-N"	<http://www.wikidata.org/entity/Q105152638>	<http://www.wikidata.org/entity/Q234126>	"Aegle marmelos"^^<http://www.w3.org/2001/XMLSchema#string>
"LJXHYQQINUCYMF-TWOQFEAHSA-N"	<http://www.wikidata.org/entity/Q105152885>	<http://www.wikidata.org/entity/Q33482>	"Platycladus orientalis"^^<http://www.w3.org/2001/XMLSchema#string>
"LKDRXBCSQODPBY-VRPWFDPXSA-N"	<http://www.wikidata.org/entity/Q27117234>	<http://www.wikidata.org/entity/Q161360>	"Chamaecyparis lawsoniana"^^<http://www.w3.org/2001/XMLSchema#string>
"LKKDASYGWYYFIK-GBOPCIDUSA-N"	<http://www.wikidata.org/entity/Q104401794>	<http://www.wikidata.org/entity/Q147388>	"Cryptomeria japonica"^^<http://www.w3.org/2001/XMLSchema#string>
"LKKDASYGWYYFIK-JURCDPSOSA-N"	<http://www.wikidata.org/entity/Q27138813>	<http://www.wikidata.org/entity/Q147388>	"Cryptomeria japonica"^^<http://www.w3.org/2001/XMLSchema#string>
"LKKDASYGWYYFIK-QHSBEEBCSA-N"	<http://www.wikidata.org/entity/Q27136273>	<http://www.wikidata.org/entity/Q147388>	"Cryptomeria japonica"^^<http://www.w3.org/2001/XMLSchema#string>
"LKKDASYGWYYFIK-UHFFFAOYSA-N"	<http://www.wikidata.org/entity/Q82856006>	<http://www.wikidata.org/entity/Q147388>	"Cryptomeria japonica"^^<http://www.w3.org/2001/XMLSchema#string>
"LLENXGNWVNSBQG-VFTFQOQOSA-N"	<http://www.wikidata.org/entity/Q4545648>	<http://www.wikidata.org/entity/Q162822>	"Eucalyptus camaldulensis"^^<http://www.w3.org/2001/XMLSchema#string>
"LMFYRQDVRPKEPM-YWZLYKJASA-N"	<http://www.wikidata.org/entity/Q105153961>	<http://www.wikidata.org/entity/Q147388>	"Cryptomeria japonica"^^<http://www.w3.org/2001/XMLSchema#string>
"LMODNMXJBXUOQF-MSJBJCGKSA-N"	<http://www.wikidata.org/entity/Q105154084>	<http://www.wikidata.org/entity/Q147388>	"Cryptomeria japonica"^^<http://www.w3.org/2001/XMLSchema#string>
"LMODNMXJBXUOQF-UFHDJZAFSA-N"	<http://www.wikidata.org/entity/Q105154085>	<http://www.wikidata.org/entity/Q33482>	"Platycladus orientalis"^^<http://www.w3.org/2001/XMLSchema#string>
"LMXFTMYMHGYJEI-ZAZKALAHSA-N"	<http://www.wikidata.org/entity/Q115971920>	<http://www.wikidata.org/entity/Q162822>	"Eucalyptus camaldulensis"^^<http://www.w3.org/2001/XMLSchema#string>
"LMXFTMYMHGYJEI-ZQTLJVIJSA-N"	<http://www.wikidata.org/entity/Q125027857>	<http://www.wikidata.org/entity/Q162822>	"Eucalyptus camaldulensis"^^<http://www.w3.org/2001/XMLSchema#string>
"LNTHITQWFMADLM-UHFFFAOYSA-N"	<http://www.wikidata.org/entity/Q375837>	<http://www.wikidata.org/entity/Q162822>	"Eucalyptus camaldulensis"^^<http://www.w3.org/2001/XMLSchema#string>
"LNTHITQWFMADLM-UHFFFAOYSA-N"	<http://www.wikidata.org/entity/Q375837>	<http://www.wikidata.org/entity/Q2065540>	"Taxus brevifolia"^^<http://www.w3.org/2001/XMLSchema#string>
"LNTHITQWFMADLM-UHFFFAOYSA-N"	<http://www.wikidata.org/entity/Q375837>	<http://www.wikidata.org/entity/Q3280527>	"Eucalyptus robusta"^^<http://www.w3.org/2001/XMLSchema#string>
"LNTSYHPESCVWKP-LROHLAKZSA-N"	<http://www.wikidata.org/entity/Q105154500>	<http://www.wikidata.org/entity/Q2065540>	"Taxus brevifolia"^^<http://www.w3.org/2001/XMLSchema#string>
"LNZWTNFGEROXJJ-UHFFFAOYSA-N"	<http://www.wikidata.org/entity/Q104171148>	<http://www.wikidata.org/entity/Q5110439>	"Pterogyne nitens"^^<http://www.w3.org/2001/XMLSchema#string>
"LPHDABIHBXFBNX-KRJMWWHISA-N"	<http://www.wikidata.org/entity/Q105155172>	<http://www.wikidata.org/entity/Q15388741>	"Ceriops decandra"^^<http://www.w3.org/2001/XMLSchema#string>
"LPLVHEIZIMARCP-AKJFJKTASA-N"	<http://www.wikidata.org/entity/Q105155227>	<http://www.wikidata.org/entity/Q147388>	"Cryptomeria japonica"^^<http://www.w3.org/2001/XMLSchema#string>
"LQBKPKYDZQINOU-HYXQYTDDSA-N"	<http://www.wikidata.org/entity/Q105155469>	<http://www.wikidata.org/entity/Q3274110>	"Nageia nagi"^^<http://www.w3.org/2001/XMLSchema#string>
"LRBQNJMCXXYXIU-PPKXGCFTSA-N"	<http://www.wikidata.org/entity/Q427956>	<http://www.wikidata.org/entity/Q3017429>	"Shorea leprosula"^^<http://www.w3.org/2001/XMLSchema#string>
"LRRBQWHWKJDDAW-OXMALERUSA-N"	<http://www.wikidata.org/entity/Q105156266>	<http://www.wikidata.org/entity/Q147388>	"Cryptomeria japonica"^^<http://www.w3.org/2001/XMLSchema#string>
"LSHVYAFMTMFKBA-TZIWHRDSSA-N"	<http://www.wikidata.org/entity/Q5382492>	<http://www.wikidata.org/entity/Q36071>	"Pistacia vera"^^<http://www.w3.org/2001/XMLSchema#string>
"LSXXATUHWQXQII-HFSMHLIXSA-N"	<http://www.wikidata.org/entity/Q105156837>	<http://www.wikidata.org/entity/Q147388>	"Cryptomeria japonica"^^<http://www.w3.org/2001/XMLSchema#string>
"LTTJUZDBCHCEME-RXUVEEFPSA-N"	<http://www.wikidata.org/entity/Q105157159>	<http://www.wikidata.org/entity/Q15432960>	"Erythrophleum lasianthum"^^<http://www.w3.org/2001/XMLSchema#string>
"LUDUHKJIKKLONS-LKLXFRLPSA-N"	<http://www.wikidata.org/entity/Q105157352>	<http://www.wikidata.org/entity/Q1247582>	"Swietenia mahagoni"^^<http://www.w3.org/2001/XMLSchema#string>
"LUDUHKJIKKLONS-UHFFFAOYSA-N"	<http://www.wikidata.org/entity/Q105157353>	<http://www.wikidata.org/entity/Q1247582>	"Swietenia mahagoni"^^<http://www.w3.org/2001/XMLSchema#string>
"LUJLGKGMUFEQQU-UITYVUBJSA-N"	<http://www.wikidata.org/entity/Q105157476>	<http://www.wikidata.org/entity/Q15388741>	"Ceriops decandra"^^<http://www.w3.org/2001/XMLSchema#string>
"LUJLGKGMUFEQQU-YSAFWIGWSA-N"	<http://www.wikidata.org/entity/Q105157477>	<http://www.wikidata.org/entity/Q15388741>	"Ceriops decandra"^^<http://www.w3.org/2001/XMLSchema#string>
"LUKBXSAWLPMMSZ-OWOJBTEDSA-N"	<http://www.wikidata.org/entity/Q407329>	<http://www.wikidata.org/entity/Q1666059>	"Yucca periculosa"^^<http://www.w3.org/2001/XMLSchema#string>
"LUKBXSAWLPMMSZ-UHFFFAOYSA-N"	<http://www.wikidata.org/entity/Q60998680>	<http://www.wikidata.org/entity/Q1666059>	"Yucca periculosa"^^<http://www.w3.org/2001/XMLSchema#string>
"LULCPJWUGUVEFU-UHFFFAOYSA-N"	<http://www.wikidata.org/entity/Q27270921>	<http://www.wikidata.org/entity/Q3266951>	"Handroanthus impetiginosus"^^<http://www.w3.org/2001/XMLSchema#string>
"LUTPIRPNUNHFEV-MBMCFSISSA-N"	<http://www.wikidata.org/entity/Q105157636>	<http://www.wikidata.org/entity/Q2065540>	"Taxus brevifolia"^^<http://www.w3.org/2001/XMLSchema#string>
"LVLWMEHPCPSNOQ-PTNGSMBKSA-N"	<http://www.wikidata.org/entity/Q76414912>	<http://www.wikidata.org/entity/Q15471793>	"Lonchocarpus costaricensis"^^<http://www.w3.org/2001/XMLSchema#string>
"LVLWMEHPCPSNOQ-UHFFFAOYSA-N"	<http://www.wikidata.org/entity/Q105157910>	<http://www.wikidata.org/entity/Q15471793>	"Lonchocarpus costaricensis"^^<http://www.w3.org/2001/XMLSchema#string>
"LWYAUKBIVFFRJL-AECCWTEBSA-N"	<http://www.wikidata.org/entity/Q105158658>	<http://www.wikidata.org/entity/Q1247582>	"Swietenia mahagoni"^^<http://www.w3.org/2001/XMLSchema#string>
"LWYAUKBIVFFRJL-POJPUXECSA-N"	<http://www.wikidata.org/entity/Q105158659>	<http://www.wikidata.org/entity/Q1247582>	"Swietenia mahagoni"^^<http://www.w3.org/2001/XMLSchema#string>
"LWYAUKBIVFFRJL-UHFFFAOYSA-N"	<http://www.wikidata.org/entity/Q104396480>	<http://www.wikidata.org/entity/Q1247582>	"Swietenia mahagoni"^^<http://www.w3.org/2001/XMLSchema#string>
"LXXLURHVWSXSJP-CECLQJIQSA-N"	<http://www.wikidata.org/entity/Q105159141>	<http://www.wikidata.org/entity/Q234126>	"Aegle marmelos"^^<http://www.w3.org/2001/XMLSchema#string>
"LYGRISUQIZNHGM-IVABAYMNSA-N"	<http://www.wikidata.org/entity/Q13423014>	<http://www.wikidata.org/entity/Q2137116>	"Eucalyptus viminalis"^^<http://www.w3.org/2001/XMLSchema#string>
"LZERJKGWTQYMBB-UHFFFAOYSA-N"	<http://www.wikidata.org/entity/Q23050245>	<http://www.wikidata.org/entity/Q147388>	"Cryptomeria japonica"^^<http://www.w3.org/2001/XMLSchema#string>
"LZERJKGWTQYMBB-UHFFFAOYSA-N"	<http://www.wikidata.org/entity/Q23050245>	<http://www.wikidata.org/entity/Q33482>	"Platycladus orientalis"^^<http://www.w3.org/2001/XMLSchema#string>
"LZNQBDHNIGPIFL-UHFFFAOYSA-N"	<http://www.wikidata.org/entity/Q105160029>	<http://www.wikidata.org/entity/Q1788810>	"Pistacia atlantica"^^<http://www.w3.org/2001/XMLSchema#string>
"MATGKVZWFZHCLI-LSDHHAIUSA-N"	<http://www.wikidata.org/entity/Q4284467>	<http://www.wikidata.org/entity/Q147388>	"Cryptomeria japonica"^^<http://www.w3.org/2001/XMLSchema#string>
"MATGKVZWFZHCLI-LSDHHAIUSA-N"	<http://www.wikidata.org/entity/Q4284467>	<http://www.wikidata.org/entity/Q36071>	"Pistacia vera"^^<http://www.w3.org/2001/XMLSchema#string>
"MBIPADCEHSKJDQ-PBOSXPJTSA-N"	<http://www.wikidata.org/entity/Q104253324>	<http://www.wikidata.org/entity/Q147388>	"Cryptomeria japonica"^^<http://www.w3.org/2001/XMLSchema#string>
"MCHGHPIHLAZAFH-UVPIGPOJSA-N"	<http://www.wikidata.org/entity/Q105161202>	<http://www.wikidata.org/entity/Q2385259>	"Pterocarpus marsupium"^^<http://www.w3.org/2001/XMLSchema#string>
"MCNQPPYRNCMWSI-AAMONDACSA-N"	<http://www.wikidata.org/entity/Q105161322>	<http://www.wikidata.org/entity/Q234126>	"Aegle marmelos"^^<http://www.w3.org/2001/XMLSchema#string>
"MCRAIDDVIKPKMP-WOJBJXKFSA-N"	<http://www.wikidata.org/entity/Q82953335>	<http://www.wikidata.org/entity/Q147388>	"Cryptomeria japonica"^^<http://www.w3.org/2001/XMLSchema#string>
"MDFQXBNVOAKNAY-HWOCKDDLSA-N"	<http://www.wikidata.org/entity/Q27109904>	<http://www.wikidata.org/entity/Q234126>	"Aegle marmelos"^^<http://www.w3.org/2001/XMLSchema#string>
"MDGMZSZCOKIMKV-GSPPVYKTSA-N"	<http://www.wikidata.org/entity/Q104401154>	<http://www.wikidata.org/entity/Q1247582>	"Swietenia mahagoni"^^<http://www.w3.org/2001/XMLSchema#string>
"MDGMZSZCOKIMKV-HZNJLECRSA-N"	<http://www.wikidata.org/entity/Q110185554>	<http://www.wikidata.org/entity/Q1247582>	"Swietenia mahagoni"^^<http://www.w3.org/2001/XMLSchema#string>
"MDZKJHQSJHYOHJ-LLICELPBSA-N"	<http://www.wikidata.org/entity/Q1907191>	<http://www.wikidata.org/entity/Q162822>	"Eucalyptus camaldulensis"^^<http://www.w3.org/2001/XMLSchema#string>
"MDZKJHQSJHYOHJ-LLICELPBSA-N"	<http://www.wikidata.org/entity/Q1907191>	<http://www.wikidata.org/entity/Q2137116>	"Eucalyptus viminalis"^^<http://www.w3.org/2001/XMLSchema#string>
"MEOZWNSKTPBYPT-JCSDLALOSA-N"	<http://www.wikidata.org/entity/Q105162339>	<http://www.wikidata.org/entity/Q261309>	"Pinus monticola"^^<http://www.w3.org/2001/XMLSchema#string>
"MFOZCKGZOGEHTP-COHPPJACSA-N"	<http://www.wikidata.org/entity/Q105162910>	<http://www.wikidata.org/entity/Q1247582>	"Swietenia mahagoni"^^<http://www.w3.org/2001/XMLSchema#string>
"MFTSECOLKFLUSD-UHFFFAOYSA-N"	<http://www.wikidata.org/entity/Q5748807>	<http://www.wikidata.org/entity/Q162822>	"Eucalyptus camaldulensis"^^<http://www.w3.org/2001/XMLSchema#string>
"MFTSECOLKFLUSD-UHFFFAOYSA-N"	<http://www.wikidata.org/entity/Q5748807>	<http://www.wikidata.org/entity/Q2998198>	"Corymbia calophylla"^^<http://www.w3.org/2001/XMLSchema#string>
"MGLLQZRFPMQJME-YTYFBAJQSA-N"	<http://www.wikidata.org/entity/Q105163404>	<http://www.wikidata.org/entity/Q147388>	"Cryptomeria japonica"^^<http://www.w3.org/2001/XMLSchema#string>
"MGQUMSFBIYXTTE-IVSJWCEBSA-N"	<http://www.wikidata.org/entity/Q105163520>	<http://www.wikidata.org/entity/Q1247582>	"Swietenia mahagoni"^^<http://www.w3.org/2001/XMLSchema#string>
"MGQUMSFBIYXTTE-YEYLJDTFSA-N"	<http://www.wikidata.org/entity/Q105163522>	<http://www.wikidata.org/entity/Q1247582>	"Swietenia mahagoni"^^<http://www.w3.org/2001/XMLSchema#string>
"MGSRCZKZVOBKFT-UHFFFAOYSA-N"	<http://www.wikidata.org/entity/Q408883>	<http://www.wikidata.org/entity/Q15612952>	"Cryptocarya agathophylla"^^<http://www.w3.org/2001/XMLSchema#string>
"MGSRCZKZVOBKFT-UHFFFAOYSA-N"	<http://www.wikidata.org/entity/Q408883>	<http://www.wikidata.org/entity/Q162822>	"Eucalyptus camaldulensis"^^<http://www.w3.org/2001/XMLSchema#string>
"MGSRCZKZVOBKFT-UHFFFAOYSA-N"	<http://www.wikidata.org/entity/Q408883>	<http://www.wikidata.org/entity/Q36071>	"Pistacia vera"^^<http://www.w3.org/2001/XMLSchema#string>
"MHBHVBZBPFDCSL-UHFFFAOYSA-N"	<http://www.wikidata.org/entity/Q105163723>	<http://www.wikidata.org/entity/Q33482>	"Platycladus orientalis"^^<http://www.w3.org/2001/XMLSchema#string>
"MHVJRKBZMUDEEV-KRFUXDQASA-N"	<http://www.wikidata.org/entity/Q23823948>	<http://www.wikidata.org/entity/Q147388>	"Cryptomeria japonica"^^<http://www.w3.org/2001/XMLSchema#string>
"MHVJRKBZMUDEEV-KRFUXDQASA-N"	<http://www.wikidata.org/entity/Q23823948>	<http://www.wikidata.org/entity/Q33482>	"Platycladus orientalis"^^<http://www.w3.org/2001/XMLSchema#string>
"MHXCIKYXNYCMHY-AUSJPIAWSA-N"	<http://www.wikidata.org/entity/Q6489358>	<http://www.wikidata.org/entity/Q36071>	"Pistacia vera"^^<http://www.w3.org/2001/XMLSchema#string>
"MIDQJBLRSOCEJR-LCSZQOBJSA-N"	<http://www.wikidata.org/entity/Q105164527>	<http://www.wikidata.org/entity/Q147388>	"Cryptomeria japonica"^^<http://www.w3.org/2001/XMLSchema#string>
"MIJTXBNFQDJTPL-FOCLMDBBSA-N"	<http://www.wikidata.org/entity/Q82231312>	<http://www.wikidata.org/entity/Q2065540>	"Taxus brevifolia"^^<http://www.w3.org/2001/XMLSchema#string>
"MIJYXULNPSFWEK-GTOFXWBISA-N"	<http://www.wikidata.org/entity/Q418628>	<http://www.wikidata.org/entity/Q15388741>	"Ceriops decandra"^^<http://www.w3.org/2001/XMLSchema#string>
"MIJYXULNPSFWEK-GTOFXWBISA-N"	<http://www.wikidata.org/entity/Q418628>	<http://www.wikidata.org/entity/Q162822>	"Eucalyptus camaldulensis"^^<http://www.w3.org/2001/XMLSchema#string>
"MIJYXULNPSFWEK-GTOFXWBISA-N"	<http://www.wikidata.org/entity/Q418628>	<http://www.wikidata.org/entity/Q3280527>	"Eucalyptus robusta"^^<http://www.w3.org/2001/XMLSchema#string>
"MJHWZTRFACWHTA-AKZLODSSSA-N"	<http://www.wikidata.org/entity/Q104400462>	<http://www.wikidata.org/entity/Q147388>	"Cryptomeria japonica"^^<http://www.w3.org/2001/XMLSchema#string>
"MJUWOXCVAYZIAJ-UHFFFAOYSA-N"	<http://www.wikidata.org/entity/Q105165677>	<http://www.wikidata.org/entity/Q5434925>	"Myristica maingayi"^^<http://www.w3.org/2001/XMLSchema#string>
"MKABKMLRRKPPCP-GSEOLPGOSA-N"	<http://www.wikidata.org/entity/Q105165788>	<http://www.wikidata.org/entity/Q33482>	"Platycladus orientalis"^^<http://www.w3.org/2001/XMLSchema#string>
"MKYLOMHWHWEFCT-AJNGGQMLSA-N"	<http://www.wikidata.org/entity/Q105166325>	<http://www.wikidata.org/entity/Q234126>	"Aegle marmelos"^^<http://www.w3.org/2001/XMLSchema#string>
"MLCNANOYWKNAAF-UBLKFNIESA-N"	<http://www.wikidata.org/entity/Q105166489>	<http://www.wikidata.org/entity/Q234126>	"Aegle marmelos"^^<http://www.w3.org/2001/XMLSchema#string>
"MLCNUZWDSMLUQH-QGZVFWFLSA-N"	<http://www.wikidata.org/entity/Q105166495>	<http://www.wikidata.org/entity/Q5434925>	"Myristica maingayi"^^<http://www.w3.org/2001/XMLSchema#string>
"MMEXTNDBWOEMTB-ZGMMZYFLSA-N"	<http://www.wikidata.org/entity/Q105167703>	<http://www.wikidata.org/entity/Q147388>	"Cryptomeria japonica"^^<http://www.w3.org/2001/XMLSchema#string>
"MMSLOZQEMPDGPI-UHFFFAOYSA-N"	<http://www.wikidata.org/entity/Q27162104>	<http://www.wikidata.org/entity/Q161360>	"Chamaecyparis lawsoniana"^^<http://www.w3.org/2001/XMLSchema#string>
"MMUSWMCGLGFCKL-FFFUMERZSA-N"	<http://www.wikidata.org/entity/Q104396474>	<http://www.wikidata.org/entity/Q1247582>	"Swietenia mahagoni"^^<http://www.w3.org/2001/XMLSchema#string>
"MMUSWMCGLGFCKL-GFQLSHAKSA-N"	<http://www.wikidata.org/entity/Q105168087>	<http://www.wikidata.org/entity/Q1247582>	"Swietenia mahagoni"^^<http://www.w3.org/2001/XMLSchema#string>
"MNUBVHREDKBYCX-KRZMSTDOSA-N"	<http://www.wikidata.org/entity/Q105168586>	<http://www.wikidata.org/entity/Q2065540>	"Taxus brevifolia"^^<http://www.w3.org/2001/XMLSchema#string>
"MNUNUJQYFJZRHQ-VZLLCJDWSA-N"	<http://www.wikidata.org/entity/Q27139003>	<http://www.wikidata.org/entity/Q15388741>	"Ceriops decandra"^^<http://www.w3.org/2001/XMLSchema#string>
"MOSLFGGORYZYFA-LEYCRWIUSA-N"	<http://www.wikidata.org/entity/Q105169119>	<http://www.wikidata.org/entity/Q162822>	"Eucalyptus camaldulensis"^^<http://www.w3.org/2001/XMLSchema#string>
"MOURJLAFUXNWJF-QVHKTLOISA-N"	<http://www.wikidata.org/entity/Q105169177>	<http://www.wikidata.org/entity/Q147388>	"Cryptomeria japonica"^^<http://www.w3.org/2001/XMLSchema#string>
"MOYAFQVGZZPNRA-UHFFFAOYSA-N"	<http://www.wikidata.org/entity/Q2405051>	<http://www.wikidata.org/entity/Q147388>	"Cryptomeria japonica"^^<http://www.w3.org/2001/XMLSchema#string>
"MOYAFQVGZZPNRA-UHFFFAOYSA-N"	<http://www.wikidata.org/entity/Q2405051>	<http://www.wikidata.org/entity/Q15612952>	"Cryptocarya agathophylla"^^<http://www.w3.org/2001/XMLSchema#string>
"MOYAFQVGZZPNRA-UHFFFAOYSA-N"	<http://www.wikidata.org/entity/Q2405051>	<http://www.wikidata.org/entity/Q161360>	"Chamaecyparis lawsoniana"^^<http://www.w3.org/2001/XMLSchema#string>
"MOYAFQVGZZPNRA-UHFFFAOYSA-N"	<http://www.wikidata.org/entity/Q2405051>	<http://www.wikidata.org/entity/Q162822>	"Eucalyptus camaldulensis"^^<http://www.w3.org/2001/XMLSchema#string>
"MOYAFQVGZZPNRA-UHFFFAOYSA-N"	<http://www.wikidata.org/entity/Q2405051>	<http://www.wikidata.org/entity/Q261309>	"Pinus monticola"^^<http://www.w3.org/2001/XMLSchema#string>
"MOYAFQVGZZPNRA-UHFFFAOYSA-N"	<http://www.wikidata.org/entity/Q2405051>	<http://www.wikidata.org/entity/Q33482>	"Platycladus orientalis"^^<http://www.w3.org/2001/XMLSchema#string>
"MOYAFQVGZZPNRA-UHFFFAOYSA-N"	<http://www.wikidata.org/entity/Q2405051>	<http://www.wikidata.org/entity/Q36071>	"Pistacia vera"^^<http://www.w3.org/2001/XMLSchema#string>
"MOYAFQVGZZPNRA-UHFFFAOYSA-N"	<http://www.wikidata.org/entity/Q2405051>	<http://www.wikidata.org/entity/Q482510>	"Eucalyptus grandis"^^<http://www.w3.org/2001/XMLSchema#string>
"MOYRAVFYAVRDRE-RRHJOLCQSA-N"	<http://www.wikidata.org/entity/Q105169265>	<http://www.wikidata.org/entity/Q2065540>	"Taxus brevifolia"^^<http://www.w3.org/2001/XMLSchema#string>
"MPHOFXNCVDRQLR-FNWYNJNUSA-N"	<http://www.wikidata.org/entity/Q105169517>	<http://www.wikidata.org/entity/Q1247582>	"Swietenia mahagoni"^^<http://www.w3.org/2001/XMLSchema#string>
"MPUWYTYRUIPNBX-LXLCKQCUSA-N"	<http://www.wikidata.org/entity/Q115970553>	<http://www.wikidata.org/entity/Q3274110>	"Nageia nagi"^^<http://www.w3.org/2001/XMLSchema#string>
"MPYAAOSXDGLKOJ-UHFFFAOYSA-N"	<http://www.wikidata.org/entity/Q105169816>	<http://www.wikidata.org/entity/Q147388>	"Cryptomeria japonica"^^<http://www.w3.org/2001/XMLSchema#string>
"MQOLOUZWNJHZLN-QVHKTLOISA-N"	<http://www.wikidata.org/entity/Q105170145>	<http://www.wikidata.org/entity/Q147388>	"Cryptomeria japonica"^^<http://www.w3.org/2001/XMLSchema#string>
"MQOLOUZWNJHZLN-QVHKTLOISA-N"	<http://www.wikidata.org/entity/Q105170145>	<http://www.wikidata.org/entity/Q2385259>	"Pterocarpus marsupium"^^<http://www.w3.org/2001/XMLSchema#string>
"MQYXUWHLBZFQQO-QGTGJCAVSA-N"	<http://www.wikidata.org/entity/Q409366>	<http://www.wikidata.org/entity/Q1137143>	"Tsuga canadensis"^^<http://www.w3.org/2001/XMLSchema#string>
"MQYXUWHLBZFQQO-QGTGJCAVSA-N"	<http://www.wikidata.org/entity/Q409366>	<http://www.wikidata.org/entity/Q15346098>	"Diospyros bussei"^^<http://www.w3.org/2001/XMLSchema#string>
"MQYXUWHLBZFQQO-QGTGJCAVSA-N"	<http://www.wikidata.org/entity/Q409366>	<http://www.wikidata.org/entity/Q15347916>	"Quercus oblongata"^^<http://www.w3.org/2001/XMLSchema#string>
"MQYXUWHLBZFQQO-QGTGJCAVSA-N"	<http://www.wikidata.org/entity/Q409366>	<http://www.wikidata.org/entity/Q15388741>	"Ceriops decandra"^^<http://www.w3.org/2001/XMLSchema#string>
"MQYXUWHLBZFQQO-QGTGJCAVSA-N"	<http://www.wikidata.org/entity/Q409366>	<http://www.wikidata.org/entity/Q234126>	"Aegle marmelos"^^<http://www.w3.org/2001/XMLSchema#string>
"MQYXUWHLBZFQQO-QGTGJCAVSA-N"	<http://www.wikidata.org/entity/Q409366>	<http://www.wikidata.org/entity/Q2385259>	"Pterocarpus marsupium"^^<http://www.w3.org/2001/XMLSchema#string>
"MRMHZWKIOFZZID-FCQWHPABSA-N"	<http://www.wikidata.org/entity/Q105170704>	<http://www.wikidata.org/entity/Q1247582>	"Swietenia mahagoni"^^<http://www.w3.org/2001/XMLSchema#string>
"MRMHZWKIOFZZID-OANIJQLWSA-N"	<http://www.wikidata.org/entity/Q105170709>	<http://www.wikidata.org/entity/Q1247582>	"Swietenia mahagoni"^^<http://www.w3.org/2001/XMLSchema#string>
"MTUPEWBIUKFRBD-PCIFUKDKSA-N"	<http://www.wikidata.org/entity/Q105171883>	<http://www.wikidata.org/entity/Q5110439>	"Pterogyne nitens"^^<http://www.w3.org/2001/XMLSchema#string>
"MTWLTRIBMFLOIL-HNNXBMFYSA-N"	<http://www.wikidata.org/entity/Q105171932>	<http://www.wikidata.org/entity/Q33482>	"Platycladus orientalis"^^<http://www.w3.org/2001/XMLSchema#string>
"MWDFPCUZRNPYPD-PDPGQQONSA-N"	<http://www.wikidata.org/entity/Q105173515>	<http://www.wikidata.org/entity/Q147388>	"Cryptomeria japonica"^^<http://www.w3.org/2001/XMLSchema#string>
"MWIQLLBFLJOMOS-DZESDFFMSA-N"	<http://www.wikidata.org/entity/Q105173602>	<http://www.wikidata.org/entity/Q2065540>	"Taxus brevifolia"^^<http://www.w3.org/2001/XMLSchema#string>
"MWIQLLBFLJOMOS-UHFFFAOYSA-N"	<http://www.wikidata.org/entity/Q105173604>	<http://www.wikidata.org/entity/Q2065540>	"Taxus brevifolia"^^<http://www.w3.org/2001/XMLSchema#string>
"MWOOGOJBHIARFG-UHFFFAOYSA-N"	<http://www.wikidata.org/entity/Q33495>	<http://www.wikidata.org/entity/Q234126>	"Aegle marmelos"^^<http://www.w3.org/2001/XMLSchema#string>
"MWOOGOJBHIARFG-UHFFFAOYSA-N"	<http://www.wikidata.org/entity/Q33495>	<http://www.wikidata.org/entity/Q3266951>	"Handroanthus impetiginosus"^^<http://www.w3.org/2001/XMLSchema#string>
